{"skeleton":{"hash":"nuch6uGnDls","spine":"4.0.19","x":-440.1,"y":-34.64,"width":803.2,"height":946.42,"images":"./images/","audio":"C:/Users/Arthur/Desktop/spine/Characters_20/Doctor"},"bones":[{"name":"root"},{"name":"hip_X","parent":"root","x":13.1,"y":202.83,"color":"ff2525ff"},{"name":"hip_Y","parent":"hip_X","y":26.41,"color":"ff2525ff"},{"name":"Foot_L_1","parent":"root","length":28.91,"rotation":-132.66,"x":55.15,"y":37.63,"color":"0044ffff"},{"name":"Leg_L_1","parent":"hip_Y","length":97.01,"rotation":-94.99,"x":46.72,"y":-12.19,"color":"bebebeff"},{"name":"Leg_L_2","parent":"Leg_L_1","length":83.54,"rotation":7.39,"x":96.19,"color":"bebebeff"},{"name":"Foot_L_2","parent":"Foot_L_1","length":62.41,"rotation":-37.49,"x":32.78,"y":-1.42,"color":"0044ffff"},{"name":"Foot_L_3","parent":"root","length":28.91,"rotation":-132.66,"x":-31.86,"y":36.69,"color":"0044ffff"},{"name":"Leg_L_3","parent":"hip_Y","length":97.01,"rotation":-94.99,"x":-40.29,"y":-13.13,"color":"bebebeff"},{"name":"Leg_L_4","parent":"Leg_L_3","length":83.54,"rotation":7.39,"x":96.19,"color":"bebebeff"},{"name":"Foot_L_4","parent":"Foot_L_3","length":62.41,"rotation":-37.49,"x":32.78,"y":-1.42,"color":"0044ffff"},{"name":"Body","parent":"hip_Y","length":110.1,"rotation":88.1,"x":8.57,"y":2.83,"color":"f3ff00ff"},{"name":"Chest","parent":"Body","length":160.63,"rotation":11.49,"x":110.1,"color":"f3ff00ff"},{"name":"Neck","parent":"Chest","length":74.8,"rotation":-7.97,"x":157.39,"y":-0.03,"color":"f3ff00ff"},{"name":"Head","parent":"Neck","length":132.23,"rotation":-154.37,"x":126.25,"y":-25.05,"transform":"noRotationOrReflection","color":"f3ff00ff"},{"name":"arm_L_1","parent":"Chest","length":129.44,"rotation":-43.9,"x":137.6,"y":-71.03,"transform":"noRotationOrReflection","color":"17ff00ff"},{"name":"arm_L_2","parent":"arm_L_1","length":111.29,"rotation":-4.67,"x":129.44,"color":"17ff00ff"},{"name":"arm_L_3","parent":"arm_L_2","length":45.72,"rotation":-48.73,"x":111.81,"y":-0.46,"transform":"noRotationOrReflection","color":"17ff00ff"},{"name":"Arm_R_1","parent":"Chest","length":115.42,"rotation":134.07,"x":182.55,"y":107.58,"color":"ff3700ff"},{"name":"Arm_R_2","parent":"Arm_R_1","length":148.67,"rotation":0.53,"x":115.77,"y":-0.48,"color":"ff3700ff"},{"name":"Arm_R_3","parent":"Arm_R_2","length":79.41,"rotation":-127.47,"x":148.72,"y":-0.49,"transform":"noRotationOrReflection","color":"ff3700ff"},{"name":"Mouth","parent":"Head","length":38.44,"rotation":86.9,"x":129.07,"y":12.62,"color":"f3ff00ff"},{"name":"_L","parent":"Head","length":44.7,"rotation":64.37,"x":20.69,"y":-102.15,"color":"ff2300ff"},{"name":"_R","parent":"Head","length":35.98,"rotation":67.16,"x":105.69,"y":-130.3,"color":"ff2300ff"},{"name":"Explosion","parent":"root","x":1031.25,"y":407.22}],"slots":[{"name":"Leg_R_new","bone":"Foot_L_3","attachment":"Leg_R_new"},{"name":"Leg_L_new","bone":"Foot_L_1","attachment":"Leg_L_new"},{"name":"Arm_L","bone":"root","attachment":"Arm_L"},{"name":"Body","bone":"root","attachment":"Body"},{"name":"Arm_R","bone":"root","attachment":"Arm_R"},{"name":"Eye","bone":"Head","attachment":"Eye"},{"name":"Pupils","bone":"Head","attachment":"Pupils"},{"name":"Eyelid_R","bone":"_L","attachment":"Eyelid_R"},{"name":"Eyelid_L","bone":"_R","attachment":"Eyelid_L"},{"name":"Head","bone":"Head","attachment":"Head"},{"name":"Brow_L","bone":"Head","attachment":"Brow_L"},{"name":"Brow_R","bone":"Head","attachment":"Brow_R"},{"name":"Mouth","bone":"Mouth","attachment":"Mouth"},{"name":"Boom1","bone":"Explosion"}],"ik":[{"name":"bone","bones":["Leg_L_1","Leg_L_2"],"target":"Foot_L_1"},{"name":"Foot_L_3","order":1,"bones":["Leg_L_3","Leg_L_4"],"target":"Foot_L_3"}],"skins":[{"name":"default","attachments":{"Arm_L":{"Arm_L":{"type":"mesh","uvs":[1,0.23656,0.9742,0.42888,0.90785,0.52963,0.67377,0.79231,0.57854,0.81397,0.59887,1,0,1,0,0.37523,0.16122,0.30373,0.42659,0.71322,0.45869,0.64497,0.65747,0.36064,0.7099,0.26205,0.95601,0,1,0,0.79657,0.3823,0.53466,0.75872],"triangles":[6,9,5,5,9,4,9,16,4,9,7,8,9,6,7,4,16,3,3,15,2,15,3,11,11,3,10,9,10,16,3,16,10,2,15,1,11,12,15,1,15,0,15,12,0,12,13,0,13,14,0],"vertices":[2,18,38.6,24.77,0.58,12,137.91,118.08,0.42,2,18,93.47,54.69,0.69296,19,-21.79,55.37,0.30704,2,18,132.42,56.48,0.20002,19,17.17,56.81,0.79998,2,19,130.41,44.41,0.96366,20,-19.6,44.34,0.03634,2,19,154.23,23.31,0.34889,20,4.82,23.95,0.65111,1,20,48.33,65.65,1,1,20,167.1,-89.3,1,1,20,7.43,-211.69,1,1,20,-42.81,-183.98,1,2,19,156.9,-35.84,0.19754,20,9.21,-35.1,0.80246,2,19,132.96,-40.21,0.80709,20,-14.6,-40.17,0.19291,2,18,136.94,-41.51,0.12001,19,20.79,-41.22,0.87999,2,18,101.25,-46.55,0.69165,19,-14.95,-45.93,0.30835,2,18,-14.27,-31.91,0.58,12,215.4,119.53,0.42,2,18,-22.76,-20.36,0.58,12,213.01,105.39,0.42,2,18,115.7,-0.85,0.50165,19,-0.08,-0.36,0.49835,2,19,148.17,1.3,0.54707,20,-0.6,1.77,0.45293],"hull":15,"edges":[30,24,24,22,22,30,30,2,2,4,4,30,26,28,24,26,0,28,2,0,4,6,6,32,32,8,8,6,32,20,20,18,18,32,20,22,18,16,12,14,16,14,10,12,8,10],"width":326,"height":322}},"Arm_R":{"Arm_R":{"type":"mesh","uvs":[0.43002,0.25019,0.53014,0.34649,0.65113,0.48245,0.62782,0.5535,0.66922,0.60589,1,0.65697,1,1,0,1,0,0.68813,0.52069,0.67853,0.50804,0.65436,0.45395,0.67505,0.30219,0.60567,0.21748,0.55455,0.09735,0.44874,0,0.08731,0,0,0.14509,0,0.35302,0.41545,0.59847,0.63046],"triangles":[2,18,1,3,18,2,12,13,18,10,12,18,18,3,10,19,3,4,19,10,3,11,12,10,9,10,19,18,0,1,17,0,14,18,14,0,13,14,18,15,16,17,17,14,15,7,8,9,4,5,6,19,4,6,9,19,6,7,9,6],"vertices":[2,15,98.11,64.08,0.92671,16,-36.44,61.31,0.0733,2,15,146.98,57.77,0.31699,16,12.77,59.01,0.68301,1,16,78.1,51.06,1,2,17,-17.28,27.34,0.03557,16,94.61,26.92,0.96443,2,17,6.84,23.14,0.72022,16,118.72,22.65,0.27978,1,17,89.36,86.27,1,1,17,192.24,-4.01,1,1,17,-10.92,-235.51,1,1,17,-104.45,-153.43,1,2,17,-1.55,-30.37,0.67367,16,110.18,-30.82,0.32633,2,17,-11.36,-26.94,0.1958,16,100.38,-27.37,0.8042,2,17,-16.15,-44.9,0.02975,16,95.54,-45.32,0.97025,2,15,168.1,-65.42,0.08293,16,43.86,-62.06,0.91707,2,15,135.16,-68.82,0.36784,16,11.3,-68.12,0.63216,3,12,35.82,-66.67,0.82,15,79.22,-64.06,0.16367,16,-44.84,-67.93,0.01633,2,12,183.01,-61.14,0.82,15,-42.38,19.06,0.18,2,12,217.36,-66.94,0.82,15,-66.54,44.16,0.18,1,15,-34.34,75.15,1,2,15,126.75,0.12,0.74645,16,-2.69,-0.1,0.25355,2,17,-0.16,0.29,0.48734,16,111.65,-0.17,0.51266],"hull":18,"edges":[12,14,36,0,0,2,2,36,36,26,26,24,24,36,26,28,32,34,0,34,34,28,30,32,28,30,24,22,2,4,38,6,6,8,6,4,38,8,12,10,8,10,38,20,20,18,18,38,20,22,14,16,18,16],"width":308,"height":399}},"Body":{"Body":{"type":"mesh","uvs":[0.56926,0.06445,0.86096,0.19189,0.89441,0.51346,0.94998,0.6679,1,0.80692,0.99999,0.95713,0.68835,0.99999,0,1,0,0.83595,0,0.67567,0,0.45026,0.15981,0.13512,0.1744,0.06494,0.33777,0,0.55989,0,0.43947,0.20927,0.49834,0.42941,0.50102,0.65829,0.59889,0.83681],"triangles":[11,12,13,0,13,14,0,15,13,15,11,13,1,15,0,1,16,15,10,15,16,10,11,15,16,1,2,10,16,17,17,2,3,9,10,17,8,9,17,17,16,2,18,17,3,18,3,4,4,6,18,5,6,4,7,18,6,7,8,18,8,17,18],"vertices":[2,12,224.14,-68.4,0.75,13,75.58,-58.45,0.25,2,11,283.03,-152.51,0.25,12,139.09,-183.9,0.75,3,2,185.06,117.62,0.25,11,120.57,-172.58,0.5,12,-24.11,-171.21,0.25,2,2,209.45,39.32,0.75,11,43.12,-199.56,0.25,1,2,231.41,-31.16,1,1,2,231.4,-107.32,1,1,2,94.59,-129.05,1,1,2,-207.59,-129.06,1,2,2,-207.59,-45.88,0.75,11,-55.85,214.43,0.25,3,2,-207.59,35.38,0.25,11,25.37,217.12,0.5,12,-39.78,229.65,0.25,2,11,139.59,220.91,0.25,12,72.9,210.61,0.75,2,12,218.76,114.81,0.75,13,44.85,122.24,0.25,2,12,252.77,102.57,0.33333,13,80.23,114.83,0.66667,1,13,111.11,42.21,1,2,12,257.04,-69.78,0.33333,13,108.36,-55.26,0.66667,1,12,161.23,0.02,1,1,12,46.88,-6.87,1,2,2,12.36,44.19,0.25,11,41.46,-2.41,0.75,2,2,55.32,-46.32,0.8,11,-47.57,-48.35,0.2],"hull":15,"edges":[22,30,30,0,0,28,24,22,26,28,24,26,22,20,20,32,32,2,2,0,30,32,2,4,4,34,18,20,34,18,10,12,12,14,10,8,4,6,6,8,12,36,36,34,6,36,14,16,16,18,36,16],"width":439,"height":507}},"Boom1":{"Boom1":{"x":0.02,"y":-0.05,"width":343,"height":351},"Boom2":{"x":0.02,"y":-0.05,"width":343,"height":351},"Boom3":{"x":0.02,"y":-0.05,"width":343,"height":351},"Boom4":{"x":0.02,"y":-0.05,"width":343,"height":351},"Boom5":{"x":0.02,"y":-0.05,"width":343,"height":351},"Boom6":{"x":0.02,"y":-0.05,"width":343,"height":351},"Boom7":{"x":0.02,"y":-0.05,"width":343,"height":351},"Boom8":{"x":0.02,"y":-0.05,"width":343,"height":351},"Boom9":{"x":0.02,"y":-0.05,"width":343,"height":351}},"Brow_L":{"Brow_L":{"x":79.79,"y":-126.1,"rotation":154.37,"width":118,"height":32}},"Brow_R":{"Brow_R":{"x":26.25,"y":-103.84,"rotation":154.37,"width":65,"height":35}},"Eye":{"Eye":{"x":74.56,"y":-68.57,"rotation":154.37,"width":166,"height":52}},"Eyelid_L":{"Eyelid_L":{"x":18.86,"y":1.15,"rotation":87.21,"width":63,"height":46}},"Eyelid_R":{"Eyelid_R":{"x":21.98,"y":1.46,"rotation":90,"width":93,"height":52}},"Head":{"Head":{"x":13.24,"y":-87.95,"rotation":154.37,"width":367,"height":428}},"Leg_L_new":{"Leg_L_new":{"type":"mesh","uvs":[1,0.19592,0.99999,0.33143,0.9022,0.60408,0.9225,0.68572,0.9829,0.91307,0.71854,0.97197,0.35949,0.99411,0.08837,0.99018,0.03219,0.89932,0.26545,0.65878,0.47673,0.64405,0.50848,0.62092,0.54879,0.56398,0.50913,0.29404,0.51637,0.18015,0.51277,1.0E-5,1,0,0.72029,0.24593,0.73076,0.64743,0.60985,0.75009,0.37048,0.80212],"triangles":[20,9,10,20,10,19,8,9,20,7,8,20,6,7,20,5,6,20,19,11,18,10,11,19,3,5,19,3,19,18,5,3,4,5,20,19,12,13,17,2,17,1,12,17,2,18,12,2,11,12,18,18,2,3,17,14,15,16,17,15,0,17,16,13,14,17,1,17,0],"vertices":[2,4,83.59,45.41,0.81313,5,-7.85,46.46,0.18687,2,4,111.16,47.45,0.32246,5,19.78,45.65,0.67754,2,5,74.91,28,0.79661,3,-25.74,13.99,0.20339,2,5,91.65,30.84,0.35011,3,-15.75,27.73,0.64989,3,5,138.3,39.39,2.0E-5,3,11.64,66.44,0.97849,6,-58.07,40.99,0.02149,2,3,49.86,42.71,0.92,6,-13.3,45.41,0.08,2,3,93.09,2.47,5.3E-4,6,45.49,39.79,0.99947,1,6,89.16,31.4,1,1,6,95.07,11.56,1,3,5,83.01,-76.71,7.0E-5,3,53.23,-55.23,4.3E-4,6,48.98,-30.25,0.9995,3,5,81.02,-41.99,0.12435,3,27.54,-31.79,0.18805,6,14.33,-27.28,0.6876,3,5,76.46,-36.64,0.27777,3,20.54,-31.16,0.27848,6,8.39,-31.04,0.44375,3,5,65.04,-29.7,0.69212,3,7.52,-34.17,0.17352,6,-0.11,-41.35,0.13436,2,4,109.5,-33.4,0.47863,5,9.8,-34.59,0.52137,2,4,86.24,-33.93,0.94454,5,-13.39,-32.72,0.05546,1,4,49.64,-37.23,1,1,4,43.73,42.45,1,2,4,97.16,0.42,0.82758,5,1.01,0.31,0.17242,2,5,82.93,-0.36,0.60466,3,-0.18,-0.69,0.39534,3,5,103.28,-20.8,9.2E-4,3,28.65,-1.08,0.90779,6,-3.48,-2.23,0.0913,1,6,37.01,1.51,1],"hull":17,"edges":[0,32,34,0,34,28,28,26,26,34,30,32,28,30,0,2,34,2,2,4,36,4,36,6,6,4,36,24,24,22,22,36,26,24,22,20,20,38,20,18,18,40,40,12,18,16,12,14,16,14,40,38,38,10,10,12,10,8,6,8],"width":164,"height":204}},"Leg_R_new":{"Leg_R_new":{"type":"mesh","uvs":[1,0.19592,0.99999,0.33143,0.9022,0.60408,0.9225,0.68572,0.9829,0.91307,0.71854,0.97197,0.35949,0.99411,0.05063,1,0,0.92139,0.0137,0.75989,0.26545,0.65878,0.47673,0.64405,0.50848,0.62092,0.54879,0.56398,0.50913,0.29404,0.51637,0.18015,0.51277,1.0E-5,1,0,0.72029,0.24593,0.73076,0.64743,0.60985,0.75009,0.37048,0.80212],"triangles":[6,7,21,5,6,21,21,7,8,21,8,9,21,9,10,21,11,20,21,10,11,5,21,20,5,3,4,3,20,19,3,5,20,11,12,20,20,12,19,19,2,3,12,13,19,19,13,2,13,18,2,2,18,1,13,14,18,1,18,0,14,15,18,0,18,17,17,18,16,18,15,16],"vertices":[2,8,83.59,45.41,0.81313,9,-7.85,46.46,0.18687,2,8,111.16,47.45,0.32246,9,19.78,45.65,0.67754,2,9,74.91,28,0.79661,7,-25.74,13.99,0.20339,2,9,91.65,30.84,0.35011,7,-15.75,27.73,0.64989,3,9,138.3,39.39,2.0E-5,7,11.64,66.44,0.97849,10,-58.07,40.99,0.02149,2,7,49.86,42.71,0.92,10,-13.3,45.41,0.08,2,7,93.09,2.47,5.3E-4,10,45.49,39.79,0.99947,1,10,95.6,32.31,1,1,10,101.04,15.09,1,3,9,101.06,-118.63,3.0E-5,7,96.38,-71.61,2.0E-4,10,93.19,-16.99,0.99977,3,9,83.01,-76.71,7.0E-5,7,53.23,-55.23,4.3E-4,10,48.98,-30.25,0.9995,3,9,81.02,-41.99,0.12435,7,27.54,-31.79,0.18805,10,14.33,-27.28,0.6876,3,9,76.46,-36.64,0.27777,7,20.54,-31.16,0.27848,10,8.39,-31.04,0.44375,3,9,65.04,-29.7,0.69212,7,7.52,-34.17,0.17352,10,-0.11,-41.35,0.13436,2,8,109.5,-33.4,0.47863,9,9.8,-34.59,0.52137,2,8,86.24,-33.93,0.94454,9,-13.39,-32.72,0.05546,1,8,49.64,-37.23,1,1,8,43.73,42.45,1,2,8,97.16,0.42,0.82758,9,1.01,0.31,0.17242,2,9,82.93,-0.36,0.60466,7,-0.18,-0.69,0.39534,3,9,103.28,-20.8,9.2E-4,7,28.65,-1.08,0.90779,10,-3.48,-2.23,0.0913,1,10,37.01,1.51,1],"hull":18,"edges":[0,34,36,0,36,30,30,28,28,36,32,34,30,32,0,2,36,2,2,4,38,4,38,6,6,4,38,26,26,24,24,38,28,26,24,22,22,40,22,20,20,42,42,12,12,14,16,14,42,40,40,10,10,12,10,8,6,8,16,18,18,20],"width":164,"height":204}},"Mouth":{"Mouth":{"x":6.77,"y":7.39,"rotation":67.47,"width":96,"height":82}},"Pupils":{"Pupils":{"x":85.78,"y":-73.85,"rotation":154.37,"width":118,"height":51}}}}],"animations":{"Attack":{"bones":{"hip_Y":{"translate":[{"y":-12.51,"curve":[0.111,0,0.111,0,0.111,-12.51,0.111,-17.9]},{"time":0.1667,"y":-17.9,"curve":[0.278,0,0.389,0,0.278,-17.9,0.389,-11.49]},{"time":0.5,"y":-11.49,"curve":[0.599,0,0.592,-11.54,0.599,-11.49,0.592,-24.79]},{"time":0.6667,"x":-14.17,"y":-27.83,"curve":[0.677,-14.51,0.721,-14.77,0.677,-28.21,0.721,-28.51]},{"time":0.7333,"x":-14.77,"y":-28.51,"curve":[0.844,-14.77,1.022,0,0.844,-28.51,1.022,-12.51]},{"time":1.1333,"y":-12.51}]},"hip_X":{"translate":[{"x":7.83,"curve":[0.111,7.83,0.044,4.84,0.111,0,0.044,0]},{"time":0.1,"x":4.84,"curve":[0.211,4.84,0.289,16.21,0.211,0,0.289,3.3]},{"time":0.4,"x":16.21,"y":3.3,"curve":[0.499,16.21,0.492,9.66,0.499,3.3,0.492,0.72]},{"time":0.5667,"x":8.17,"y":0.13,"curve":[0.577,7.98,0.621,7.83,0.577,0.06,0.621,0]},{"time":0.6333,"x":7.83}]},"Foot_L_1":{"translate":[{"x":34.19}]},"Leg_L_1":{"translate":[{"x":34.19}]},"Body":{"rotate":[{"value":-2.64,"curve":[0.111,-2.64,0.144,-1.36]},{"time":0.2,"value":-1.36,"curve":[0.311,-1.36,0.389,-5.38]},{"time":0.5,"value":-5.38,"curve":[0.599,-5.38,0.592,0.75]},{"time":0.6667,"value":2.15,"curve":[0.677,2.33,0.721,2.47]},{"time":0.7333,"value":2.47,"curve":[0.844,2.47,1.022,-2.64]},{"time":1.1333,"value":-2.64}]},"Chest":{"rotate":[{"value":-2.55,"curve":[0.111,-2.55,0.178,-0.43]},{"time":0.2333,"value":-0.43,"curve":[0.344,-0.43,0.422,-10.87]},{"time":0.5333,"value":-10.87,"curve":[0.632,-10.87,0.626,0.28]},{"time":0.7,"value":2.82,"curve":[0.71,3.14,0.754,3.39]},{"time":0.7667,"value":3.39,"curve":[0.878,3.39,1.056,-2.55]},{"time":1.1667,"value":-2.55}]},"Head":{"rotate":[{"value":-7.32,"curve":[0.089,-7.32,0.178,-0.26]},{"time":0.2667,"value":-0.26,"curve":[0.367,-0.26,0.467,-21.86]},{"time":0.5667,"value":-21.86,"curve":[0.622,-21.86,0.678,5.31]},{"time":0.7333,"value":8.49,"curve":[0.756,9.77,0.778,9.77]},{"time":0.8,"value":9.77,"curve":[0.944,9.77,1.089,-1.62]},{"time":1.2333,"value":-7.32}],"translate":[{"x":0.28,"y":1.88,"curve":[0.078,0.28,0.156,-1.21,0.078,1.88,0.156,-4.79]},{"time":0.2333,"x":-1.37,"y":-5.5,"curve":[0.256,-1.42,0.278,-0.32,0.256,-5.7,0.278,-0.78]},{"time":0.3,"x":-0.32,"y":-0.78,"curve":[0.4,-0.32,0.5,0.28,0.4,-0.78,0.5,0.74]},{"time":0.6,"x":0.28,"y":1.88,"curve":[0.656,0.28,0.711,-4.36,0.656,2.51,0.711,4.26]},{"time":0.7667,"x":-4.9,"y":4.54,"curve":[0.789,-5.12,0.811,-5.12,0.789,4.65,0.811,4.65]},{"time":0.8333,"x":-5.12,"y":4.65,"curve":[0.967,-5.12,1.1,-1.52,0.967,4.65,1.1,2.8]},{"time":1.2333,"x":0.28,"y":1.88}]},"Mouth":{"scale":[{"x":1.046}]},"Foot_L_3":{"translate":[{"x":-24.44}]},"arm_L_1":{"rotate":[{"value":-0.63,"curve":[0.111,-0.63,0.178,1.77]},{"time":0.2333,"value":1.77,"curve":[0.344,1.77,0.422,-19.87]},{"time":0.5333,"value":-19.87,"curve":[0.632,-19.87,0.626,6.93]},{"time":0.7,"value":13.04,"curve":[0.71,13.82,0.754,14.42]},{"time":0.7667,"value":14.42,"curve":[0.878,14.42,1.089,-0.63]},{"time":1.2,"value":-0.63}],"translate":[{"curve":[0.111,0,0.422,1.33,0.111,0,0.422,0.16]},{"time":0.5333,"x":1.33,"y":0.16}]},"arm_L_2":{"rotate":[{"value":-1.96,"curve":[0.056,-1.96,0.244,0.58]},{"time":0.3,"value":0.58,"curve":[0.356,0.58,0.544,-37.55]},{"time":0.6,"value":-37.55,"curve":[0.699,-37.55,0.692,-8.88]},{"time":0.7667,"value":-3.24,"curve":[0.777,-2.51,0.821,-1.96]},{"time":0.8333,"value":-1.96}]},"arm_L_3":{"rotate":[{"value":-1.16,"curve":[0.056,-1.16,0.244,8.66]},{"time":0.3,"value":8.66,"curve":[0.356,8.66,0.544,-60.94]},{"time":0.6,"value":-60.94,"curve":[0.699,-60.94,0.726,9.62]},{"time":0.8,"value":25.71,"curve":[0.81,27.77,0.887,29.34]},{"time":0.9,"value":29.34,"curve":[1.011,29.34,1.156,-1.16]},{"time":1.2667,"value":-1.16}],"translate":[{"x":-2.09,"y":-0.04}]},"Arm_R_1":{"rotate":[{"value":10.32,"curve":[0.111,10.32,0.178,15.07]},{"time":0.2333,"value":15.07,"curve":[0.344,15.07,0.422,-79.63]},{"time":0.5333,"value":-79.63,"curve":[0.632,-79.63,0.626,0.02]},{"time":0.7,"value":18.17,"curve":[0.71,20.5,0.754,22.27]},{"time":0.7667,"value":22.27,"curve":[0.878,22.27,1.089,10.32]},{"time":1.2,"value":10.32}],"translate":[{"x":-1.48,"y":-7.26,"curve":"stepped"},{"time":0.2333,"x":-1.48,"y":-7.26,"curve":[0.289,-1.48,0.478,19.86,0.289,-7.26,0.478,-4.77]},{"time":0.5333,"x":19.86,"y":-4.77,"curve":[0.632,19.86,0.626,3.18,0.632,-4.77,0.626,-6.72]},{"time":0.7,"x":-0.62,"y":-7.16,"curve":[0.71,-1.11,0.754,-1.48,0.71,-7.22,0.754,-7.26]},{"time":0.7667,"x":-1.48,"y":-7.26}]},"Arm_R_2":{"rotate":[{"value":-9.17,"curve":[0.111,-9.17,0.211,-0.77]},{"time":0.2667,"value":-0.77,"curve":[0.378,-0.77,0.456,-70.59]},{"time":0.5667,"value":-70.59,"curve":[0.665,-70.59,0.659,-13.32]},{"time":0.7333,"value":-0.26,"curve":[0.743,1.41,0.787,2.68]},{"time":0.8,"value":2.68,"curve":[0.911,2.68,1.122,-9.17]},{"time":1.2333,"value":-9.17}]},"Arm_R_3":{"rotate":[{"value":-15.5,"curve":"stepped"},{"time":0.1,"value":-15.5,"curve":[0.2,-15.5,0.233,15.06]},{"time":0.3333,"value":15.06,"curve":[0.433,15.06,0.5,-166.18]},{"time":0.6,"value":-166.18,"curve":[0.611,-166.18,0.622,-126.87]},{"time":0.6333,"value":-104.33,"curve":[0.644,-81.8,0.656,-56.49]},{"time":0.6667,"value":-30.95,"curve":[0.678,-5.42,0.689,46.43]},{"time":0.7,"value":48.88,"curve":[0.744,58.65,0.789,58.65]},{"time":0.8333,"value":58.65,"curve":[0.978,58.65,1.122,-15.5]},{"time":1.2667,"value":-15.5}]},"Neck":{"rotate":[{"curve":[0.056,0,0.178,12.87]},{"time":0.2333,"value":12.87,"curve":[0.333,12.87,0.433,-3.02]},{"time":0.5333,"value":-3.02,"curve":[0.589,-3.02,0.644,2.71]},{"time":0.7,"value":4.51,"curve":[0.733,5.59,0.733,5.63]},{"time":0.7667,"value":5.63,"curve":[0.856,5.63,1.078,0]},{"time":1.1667}]},"_R":{"translate":[{"time":0.0333},{"time":0.1667,"x":11.54,"y":24.24,"curve":"stepped"},{"time":0.2667,"x":11.54,"y":24.24},{"time":0.4}]},"_L":{"translate":[{"time":0.0333},{"time":0.1667,"x":10.78,"y":25.48,"curve":"stepped"},{"time":0.2667,"x":10.78,"y":25.48},{"time":0.4}]}}},"Damage":{"bones":{"hip_Y":{"translate":[{"y":-12.51,"curve":[0.006,0,0.002,0,0.006,-12.51,0.002,-15.79]},{"time":0.0333,"y":-19.58,"curve":[0.076,0,0.089,0,0.076,-24.47,0.089,-30.14]},{"time":0.1,"y":-30.14,"curve":[0.201,0,0.3,0,0.201,-30.14,0.3,-12.51]},{"time":0.4,"y":-12.51}]},"hip_X":{"translate":[{"x":7.83,"curve":[0.006,7.83,0.002,11.12,0.006,0,0.002,0]},{"time":0.0333,"x":14.91,"curve":[0.076,19.79,0.089,25.46,0.076,0,0.089,0]},{"time":0.1,"x":25.46,"curve":[0.201,25.46,0.3,7.83,0.201,0,0.3,0]},{"time":0.4,"x":7.83}]},"Foot_L_1":{"rotate":[{"time":0.2667},{"time":0.4333,"value":-3.8},{"time":0.5}],"translate":[{"x":34.19,"curve":[0.006,34.19,0.089,52.93,0.006,0,0.089,0]},{"time":0.1,"x":52.93,"curve":"stepped"},{"time":0.3,"x":52.93,"curve":[0.371,52.93,0.392,41.02,0.371,0,0.392,3.16]},{"time":0.4333,"x":35.54,"y":3.16,"curve":[0.45,33.3,0.471,34.19,0.45,3.16,0.471,0]},{"time":0.5,"x":34.19}]},"Leg_L_1":{"translate":[{"x":34.19}]},"Body":{"rotate":[{"value":-2.64,"curve":[0.006,-2.64,0.002,-3.53]},{"time":0.0333,"value":-4.55,"curve":[0.076,-5.86,0.089,-7.39]},{"time":0.1,"value":-7.39,"curve":[0.201,-7.39,0.3,-2.64]},{"time":0.4,"value":-2.64}]},"Chest":{"rotate":[{"value":-2.55,"curve":[0.006,-2.55,0.002,-0.9]},{"time":0.0333,"value":-2.62,"curve":[0.043,-3.13,0.054,-4.56]},{"time":0.0667,"value":-5.31,"curve":[0.108,-7.89,0.158,-10.55]},{"time":0.1667,"value":-10.55,"curve":[0.268,-10.55,0.334,-2.55]},{"time":0.4333,"value":-2.55}],"translate":[{"curve":[0.006,0,0.002,0.31,0.006,0,0.002,-0.91]},{"time":0.0333,"x":0.67,"y":-1.96,"curve":[0.075,1.13,0.156,1.66,0.075,-3.31,0.156,-4.87]},{"time":0.1667,"x":1.66,"y":-4.87,"curve":[0.267,1.66,0.333,0,0.267,-4.87,0.333,0]},{"time":0.4333}]},"Head":{"rotate":[{"value":-7.32,"curve":[0.006,-7.32,0.022,4.04]},{"time":0.0333,"value":4.04,"curve":[0.039,4.04,0.189,-23.52]},{"time":0.2,"value":-23.52,"curve":[0.223,-23.52,0.245,-22.71]},{"time":0.2667,"value":-21.46,"curve":[0.3,-19.58,0.334,-11.99]},{"time":0.3667,"value":-9.32,"curve":[0.412,-5.79,0.456,-7.32]},{"time":0.5,"value":-7.32}],"translate":[{"x":0.28,"y":1.88,"curve":[0.006,0.28,0.002,-1.1,0.006,1.88,0.002,19.05]},{"time":0.0333,"x":-6.06,"y":17.8},{"time":0.5,"x":0.28,"y":1.88}]},"Mouth":{"rotate":[{},{"time":0.0667,"value":-4.59},{"time":0.4}],"scale":[{"x":1.046,"curve":[0.006,1.046,0.056,0.696,0.006,1,0.056,1]},{"time":0.0667,"x":0.696,"curve":[0.168,0.696,0.3,1.046,0.168,1,0.3,1]},{"time":0.4,"x":1.046}]},"Foot_L_3":{"translate":[{"x":-24.44}]},"arm_L_1":{"rotate":[{"value":-0.63,"curve":[0.022,-0.63,0.011,-0.33]},{"time":0.0333,"value":0.05,"curve":[0.067,0.6,0.134,1.29]},{"time":0.1667,"value":1.29,"curve":[0.267,1.29,0.367,-0.63]},{"time":0.4667,"value":-0.63}]},"arm_L_2":{"rotate":[{"value":-1.96,"curve":[0.022,-1.96,0.011,-0.11]},{"time":0.0333,"value":2.17,"curve":[0.067,5.54,0.167,9.78]},{"time":0.2,"value":9.78,"curve":[0.3,9.78,0.4,-1.96]},{"time":0.5,"value":-1.96}]},"arm_L_3":{"rotate":[{"value":-1.16,"curve":[0.022,-1.16,0.011,-14.71]},{"time":0.0333,"value":-8.08,"curve":[0.05,-3.17,0.092,16.35]},{"time":0.1333,"value":25.39,"curve":[0.175,34.44,0.217,33]},{"time":0.2333,"value":33,"curve":[0.333,33,0.433,-1.16]},{"time":0.5333,"value":-1.16}],"translate":[{"x":-2.09,"y":-0.04}]},"Arm_R_1":{"rotate":[{"value":10.32,"curve":[0.007,10.32,0.001,8.69]},{"time":0.0333,"value":7.02,"curve":[0.067,5.33,0.139,3.61]},{"time":0.1667,"value":3.61,"curve":[0.181,3.61,0.367,10.32]},{"time":0.4667,"value":10.32}],"translate":[{"x":-1.48,"y":-7.26}]},"Arm_R_2":{"rotate":[{"value":-9.17,"curve":[0.007,-9.17,0.001,-14.54]},{"time":0.0333,"value":-20.01,"curve":[0.067,-25.56,0.172,-31.23]},{"time":0.2,"value":-31.23,"curve":[0.214,-31.23,0.4,-9.17]},{"time":0.5,"value":-9.17}]},"Arm_R_3":{"rotate":[{"value":-15.5,"curve":[0.007,-15.5,0.001,4.44]},{"time":0.0333,"value":-7.99,"curve":[0.045,-12.52,0.104,-39.56]},{"time":0.1333,"value":-46.93,"curve":[0.186,-60.04,0.249,-65.55]},{"time":0.2667,"value":-65.55,"curve":[0.281,-65.55,0.434,-15.5]},{"time":0.5333,"value":-15.5}]},"_R":{"translate":[{"curve":[0.006,0,0.022,10.75,0.006,0,0.022,25.53]},{"time":0.0333,"x":10.75,"y":25.53,"curve":"stepped"},{"time":0.1667,"x":10.75,"y":25.53},{"time":0.3667}]},"_L":{"translate":[{"curve":[0.006,0,0.022,9.99,0.006,0,0.022,26.77]},{"time":0.0333,"x":9.99,"y":26.77,"curve":"stepped"},{"time":0.1667,"x":9.99,"y":26.77},{"time":0.3667}]},"Neck":{"rotate":[{"curve":[0.006,0,0.002,1.74]},{"time":0.0333,"value":3.72,"curve":[0.075,6.28,0.156,9.24]},{"time":0.1667,"value":9.24,"curve":[0.267,9.24,0.367,0]},{"time":0.4667}]},"Foot_L_2":{"rotate":[{"time":0.3333},{"time":0.4333,"value":-4.34},{"time":0.5333}]}}},"Death":{"slots":{"Arm_L":{"rgba":[{"time":0.0667,"color":"ffffffff","curve":[0.078,1,0.089,1,0.078,1,0.089,1,0.078,1,0.089,1,0.078,1,0.089,0.64]},{"time":0.1,"color":"ffffff7f","curve":[0.111,1,0.144,1,0.111,1,0.144,1,0.111,1,0.144,1,0.111,0.36,0.144,0.06]},{"time":0.1667,"color":"ffffff00"}]},"Arm_R":{"rgba":[{"time":0.0667,"color":"ffffffff","curve":[0.078,1,0.089,1,0.078,1,0.089,1,0.078,1,0.089,1,0.078,1,0.089,0.64]},{"time":0.1,"color":"ffffff7f","curve":[0.111,1,0.144,1,0.111,1,0.144,1,0.111,1,0.144,1,0.111,0.36,0.144,0.06]},{"time":0.1667,"color":"ffffff00"}]},"Body":{"rgba":[{"time":0.0667,"color":"ffffffff","curve":[0.078,1,0.089,1,0.078,1,0.089,1,0.078,1,0.089,1,0.078,1,0.089,0.64]},{"time":0.1,"color":"ffffff7f","curve":[0.111,1,0.144,1,0.111,1,0.144,1,0.111,1,0.144,1,0.111,0.36,0.144,0.06]},{"time":0.1667,"color":"ffffff00"}]},"Boom1":{"rgba":[{"time":0.1333,"color":"ffffffff"},{"time":0.3,"color":"ffffff00"}],"attachment":[{"name":"Boom1"},{"time":0.0333,"name":"Boom2"},{"time":0.0667,"name":"Boom3"},{"time":0.1,"name":"Boom4"},{"time":0.1333,"name":"Boom5"},{"time":0.1667,"name":"Boom6"},{"time":0.2,"name":"Boom7"},{"time":0.2333,"name":"Boom8"},{"time":0.2667,"name":"Boom9"},{"time":0.3,"name":null}]},"Brow_L":{"rgba":[{"time":0.0667,"color":"ffffffff","curve":[0.078,1,0.089,1,0.078,1,0.089,1,0.078,1,0.089,1,0.078,1,0.089,0.64]},{"time":0.1,"color":"ffffff7f","curve":[0.111,1,0.144,1,0.111,1,0.144,1,0.111,1,0.144,1,0.111,0.36,0.144,0.06]},{"time":0.1667,"color":"ffffff00"}]},"Brow_R":{"rgba":[{"time":0.0667,"color":"ffffffff","curve":[0.078,1,0.089,1,0.078,1,0.089,1,0.078,1,0.089,1,0.078,1,0.089,0.64]},{"time":0.1,"color":"ffffff7f","curve":[0.111,1,0.144,1,0.111,1,0.144,1,0.111,1,0.144,1,0.111,0.36,0.144,0.06]},{"time":0.1667,"color":"ffffff00"}]},"Eye":{"rgba":[{"time":0.0667,"color":"ffffffff","curve":[0.078,1,0.089,1,0.078,1,0.089,1,0.078,1,0.089,1,0.078,1,0.089,0.64]},{"time":0.1,"color":"ffffff7f","curve":[0.111,1,0.144,1,0.111,1,0.144,1,0.111,1,0.144,1,0.111,0.36,0.144,0.06]},{"time":0.1667,"color":"ffffff00"}]},"Eyelid_L":{"rgba":[{"time":0.0667,"color":"ffffffff","curve":[0.078,1,0.089,1,0.078,1,0.089,1,0.078,1,0.089,1,0.078,1,0.089,0.64]},{"time":0.1,"color":"ffffff7f","curve":[0.111,1,0.144,1,0.111,1,0.144,1,0.111,1,0.144,1,0.111,0.36,0.144,0.06]},{"time":0.1667,"color":"ffffff00"}]},"Eyelid_R":{"rgba":[{"time":0.0667,"color":"ffffffff","curve":[0.078,1,0.089,1,0.078,1,0.089,1,0.078,1,0.089,1,0.078,1,0.089,0.64]},{"time":0.1,"color":"ffffff7f","curve":[0.111,1,0.144,1,0.111,1,0.144,1,0.111,1,0.144,1,0.111,0.36,0.144,0.06]},{"time":0.1667,"color":"ffffff00"}]},"Head":{"rgba":[{"time":0.0667,"color":"ffffffff","curve":[0.078,1,0.089,1,0.078,1,0.089,1,0.078,1,0.089,1,0.078,1,0.089,0.64]},{"time":0.1,"color":"ffffff7f","curve":[0.111,1,0.144,1,0.111,1,0.144,1,0.111,1,0.144,1,0.111,0.36,0.144,0.06]},{"time":0.1667,"color":"ffffff00"}]},"Leg_L_new":{"rgba":[{"time":0.0667,"color":"ffffffff","curve":[0.078,1,0.089,1,0.078,1,0.089,1,0.078,1,0.089,1,0.078,1,0.089,0.64]},{"time":0.1,"color":"ffffff7f","curve":[0.111,1,0.144,1,0.111,1,0.144,1,0.111,1,0.144,1,0.111,0.36,0.144,0.06]},{"time":0.1667,"color":"ffffff00"}]},"Leg_R_new":{"rgba":[{"time":0.0667,"color":"ffffffff","curve":[0.078,1,0.089,1,0.078,1,0.089,1,0.078,1,0.089,1,0.078,1,0.089,0.64]},{"time":0.1,"color":"ffffff7f","curve":[0.111,1,0.144,1,0.111,1,0.144,1,0.111,1,0.144,1,0.111,0.36,0.144,0.06]},{"time":0.1667,"color":"ffffff00"}]},"Mouth":{"rgba":[{"time":0.0667,"color":"ffffffff","curve":[0.078,1,0.089,1,0.078,1,0.089,1,0.078,1,0.089,1,0.078,1,0.089,0.64]},{"time":0.1,"color":"ffffff7f","curve":[0.111,1,0.144,1,0.111,1,0.144,1,0.111,1,0.144,1,0.111,0.36,0.144,0.06]},{"time":0.1667,"color":"ffffff00"}]},"Pupils":{"rgba":[{"time":0.0667,"color":"ffffffff","curve":[0.078,1,0.089,1,0.078,1,0.089,1,0.078,1,0.089,1,0.078,1,0.089,0.64]},{"time":0.1,"color":"ffffff7f","curve":[0.111,1,0.144,1,0.111,1,0.144,1,0.111,1,0.144,1,0.111,0.36,0.144,0.06]},{"time":0.1667,"color":"ffffff00"}]}},"bones":{"hip_Y":{"translate":[{"y":-12.51,"curve":"stepped"},{"time":0.0333,"y":-12.51,"curve":[0.078,0,0.089,0,0.078,-12.51,0.089,-80.28]},{"time":0.1333,"y":-80.28}]},"hip_X":{"translate":[{"x":7.83}]},"Foot_L_1":{"rotate":[{"time":0.0333},{"time":0.1333,"value":76.1}],"translate":[{"x":34.19,"curve":[0.011,34.19,0.022,41.41,0.011,0,0.022,42.54]},{"time":0.0333,"x":41.41,"y":42.54,"curve":[0.067,41.41,0.1,142.63,0.067,42.54,0.1,-72.29]},{"time":0.1333,"x":142.63,"y":-72.29}]},"Leg_L_1":{"translate":[{"x":34.19}]},"Body":{"rotate":[{"value":-2.64,"curve":[0.011,-2.64,0.022,-7.48]},{"time":0.0333,"value":-7.48}],"translate":[{},{"time":0.0333,"y":7.58}],"scale":[{},{"time":0.0333,"x":0.927,"y":0.927}]},"Chest":{"rotate":[{"value":-2.55,"curve":[0.011,-2.55,0.022,10.74]},{"time":0.0333,"value":10.74,"curve":[0.067,10.74,0.1,-24.67]},{"time":0.1333,"value":-24.67}],"translate":[{"time":0.0333,"curve":[0.067,0,0.1,67.58,0.067,0,0.1,-0.37]},{"time":0.1333,"x":67.58,"y":-0.37}]},"Head":{"rotate":[{"value":-7.32,"curve":[0.011,-7.32,0.022,3.49]},{"time":0.0333,"value":3.49,"curve":[0.067,3.49,0.1,-72.57]},{"time":0.1333,"value":-72.57}],"translate":[{"x":0.28,"y":1.88,"curve":[0.011,0.28,0.022,-10.75,0.011,1.88,0.022,16.9]},{"time":0.0333,"x":-10.75,"y":16.9,"curve":[0.045,-10.75,0.056,-12.43,0.045,16.9,0.056,-12.44]},{"time":0.0667,"x":-10.78,"y":-13.29,"curve":[0.089,-7.49,0.111,480.09,0.089,-15,0.111,165.46]},{"time":0.1333,"x":480.09,"y":165.46}]},"Mouth":{"translate":[{"time":0.1333,"x":5.43,"y":3.84}],"scale":[{"x":1.046,"curve":"stepped"},{"time":0.0333,"x":1.046,"curve":[0.067,1.046,0.1,1.576,0.067,1,0.1,1]},{"time":0.1333,"x":1.576}]},"Foot_L_3":{"rotate":[{},{"time":0.0333,"value":1.61},{"time":0.1333,"value":11.24}],"translate":[{"x":-24.44,"curve":[0.011,-24.44,0.022,-17.22,0.011,0,0.022,42.54]},{"time":0.0333,"x":-17.22,"y":42.54,"curve":[0.067,-17.22,0.1,-120.83,0.067,42.54,0.1,-97.9]},{"time":0.1333,"x":-120.83,"y":-97.9}]},"arm_L_1":{"rotate":[{"value":-0.63,"curve":[0.011,-0.63,0.022,-6.18]},{"time":0.0333,"value":-6.18,"curve":[0.067,-6.18,0.1,15.43]},{"time":0.1333,"value":15.43}],"translate":[{},{"time":0.0333,"x":3.29,"y":-7.93},{"time":0.1333,"x":23.06,"y":-55.52}]},"arm_L_2":{"rotate":[{"value":-1.96,"curve":[0.011,-1.96,0.022,-21.11]},{"time":0.0333,"value":-21.11,"curve":[0.067,-21.11,0.1,49.5]},{"time":0.1333,"value":49.5}],"translate":[{},{"time":0.0333,"x":3.01,"y":3.22},{"time":0.1333,"x":21.06,"y":22.51}]},"arm_L_3":{"rotate":[{"value":-1.16,"curve":[0.011,-1.16,0.022,-39.91]},{"time":0.0333,"value":-39.91,"curve":[0.067,-39.91,0.1,162.44]},{"time":0.1333,"value":162.44}],"translate":[{"x":-2.09,"y":-0.04,"curve":"stepped"},{"time":0.0333,"x":-2.09,"y":-0.04,"curve":[0.067,-2.09,0.1,246.06,0.067,-0.04,0.1,-15.66]},{"time":0.1333,"x":246.06,"y":-15.66}]},"Arm_R_1":{"rotate":[{"value":10.32,"curve":"stepped"},{"time":0.0333,"value":10.32,"curve":[0.078,10.32,0.089,-12.51]},{"time":0.1333,"value":-12.51}],"translate":[{"x":-1.48,"y":-7.26,"curve":"stepped"},{"time":0.0333,"x":-1.48,"y":-7.26,"curve":[0.078,-1.48,0.089,-39.18,0.078,-7.26,0.089,36.9]},{"time":0.1333,"x":-39.18,"y":36.9}]},"Arm_R_2":{"rotate":[{"value":-9.17,"curve":[0.011,-9.17,0.022,10.69]},{"time":0.0333,"value":10.69,"curve":[0.078,10.69,0.089,-24.87]},{"time":0.1333,"value":-24.87}],"translate":[{},{"time":0.0333,"x":7.68,"y":-3.41},{"time":0.1333,"x":69.16,"y":-30.7}]},"Arm_R_3":{"rotate":[{"value":-15.5,"curve":[0.011,-15.5,0.022,76.11]},{"time":0.0333,"value":76.11,"curve":[0.078,76.11,0.089,-62.66]},{"time":0.1333,"value":-62.66}],"translate":[{},{"time":0.0333,"x":7.95,"y":-1},{"time":0.1333,"x":71.55,"y":-9.02}]},"_R":{"translate":[{"curve":[0.011,0,0.022,11.36,0.011,0,0.022,24.95]},{"time":0.0333,"x":11.36,"y":24.95,"curve":[0.067,11.36,0.1,-8.29,0.067,24.95,0.1,-26.66]},{"time":0.1333,"x":-8.29,"y":-26.66}]},"_L":{"translate":[{"curve":[0.011,0,0.022,11.36,0.011,0,0.022,24.95]},{"time":0.0333,"x":11.36,"y":24.95,"curve":[0.067,11.36,0.1,-8.29,0.067,24.95,0.1,-26.66]},{"time":0.1333,"x":-8.29,"y":-26.66}]},"Neck":{"rotate":[{"time":0.0333,"curve":[0.067,0,0.1,9.65]},{"time":0.1333,"value":9.65}],"translate":[{},{"time":0.0333,"x":19.69,"y":-4.41},{"time":0.1333,"x":75.83,"y":39.34}]},"Explosion":{"translate":[{"x":-983.52,"y":-116.62}],"scale":[{},{"time":0.3,"x":4.125,"y":4.125}]}}},"Idle":{"bones":{"hip_Y":{"translate":[{"y":-12.51,"curve":[0.278,0,0.622,0,0.278,-12.51,0.622,-20]},{"time":0.9,"y":-20,"curve":[1.178,0,1.5,0,1.178,-20,1.5,-12.51]},{"time":1.8,"y":-12.51,"curve":[2.078,0,2.422,0,2.078,-12.51,2.422,-20]},{"time":2.7,"y":-20,"curve":[2.978,0,3.322,0,2.978,-20,3.322,-12.51]},{"time":3.6,"y":-12.51}]},"hip_X":{"translate":[{"x":7.83,"curve":[0.146,9.17,0.356,11.49,0.146,0,0.356,0]},{"time":0.5,"x":10.59,"curve":[0.778,8.85,1.056,5.39,0.778,0,1.056,0]},{"time":1.3333,"x":5.39,"curve":[1.468,5.39,1.644,6.41,1.468,0,1.644,0]},{"time":1.8,"x":7.83,"curve":[1.946,9.17,2.156,11.49,1.946,0,2.156,0]},{"time":2.3,"x":10.59,"curve":[2.578,8.85,2.856,5.39,2.578,0,2.856,0]},{"time":3.1333,"x":5.39,"curve":[3.268,5.39,3.469,6.58,3.268,0,3.469,0]},{"time":3.6,"x":7.83}]},"Foot_L_1":{"translate":[{"x":34.19}]},"Leg_L_1":{"translate":[{"x":34.19}]},"Body":{"rotate":[{"value":-2.64,"curve":[0.023,-2.66,0.045,-2.68]},{"time":0.0667,"value":-2.68,"curve":[0.367,-2.68,0.667,-0.68]},{"time":0.9667,"value":-0.68,"curve":[1.245,-0.68,1.522,-2.4]},{"time":1.8,"value":-2.64,"curve":[1.823,-2.66,1.845,-2.68]},{"time":1.8667,"value":-2.68,"curve":[2.167,-2.68,2.467,-0.68]},{"time":2.7667,"value":-0.68,"curve":[3.045,-0.68,3.323,-2.39]},{"time":3.6,"value":-2.64}]},"Chest":{"rotate":[{"value":-2.55,"curve":[0.022,-2.58,0.044,-2.62]},{"time":0.0667,"value":-2.64,"curve":[0.089,-2.66,0.111,-2.68]},{"time":0.1333,"value":-2.68,"curve":[0.433,-2.68,0.733,-0.68]},{"time":1.0333,"value":-0.68,"curve":[1.289,-0.68,1.544,-2.12]},{"time":1.8,"value":-2.55,"curve":[1.822,-2.58,1.844,-2.62]},{"time":1.8667,"value":-2.64,"curve":[1.889,-2.66,1.911,-2.68]},{"time":1.9333,"value":-2.68,"curve":[2.233,-2.68,2.533,-0.68]},{"time":2.8333,"value":-0.68,"curve":[3.089,-0.68,3.345,-2.12]},{"time":3.6,"value":-2.55}]},"Head":{"rotate":[{"value":-7.32,"curve":[0.068,-7.73,0.134,-8.02]},{"time":0.2,"value":-8.02,"curve":[0.5,-8.02,0.8,-2.6]},{"time":1.1,"value":-2.6,"curve":[1.334,-2.6,1.567,-5.91]},{"time":1.8,"value":-7.32,"curve":[1.868,-7.73,1.934,-8.02]},{"time":2,"value":-8.02,"curve":[2.3,-8.02,2.6,-2.6]},{"time":2.9,"value":-2.6,"curve":[3.134,-2.6,3.368,-5.87]},{"time":3.6,"value":-7.32}],"translate":[{"x":0.28,"y":1.88,"curve":[0.091,0.6,0.178,1.09,0.091,1.34,0.178,0.51]},{"time":0.2667,"x":0.84,"y":0.95,"curve":[0.567,-0.04,0.867,-1.78,0.567,2.42,0.867,5.36]},{"time":1.1667,"x":-1.78,"y":5.36,"curve":[1.379,-1.78,1.589,-0.46,1.379,5.36,1.589,3.13]},{"time":1.8,"x":0.28,"y":1.88,"curve":[1.891,0.6,1.978,1.09,1.891,1.34,1.978,0.51]},{"time":2.0667,"x":0.84,"y":0.95,"curve":[2.367,-0.04,2.667,-1.78,2.367,2.42,2.667,5.36]},{"time":2.9667,"x":-1.78,"y":5.36,"curve":[3.179,-1.78,3.391,-0.48,3.179,5.36,3.391,3.17]},{"time":3.6,"x":0.28,"y":1.88}]},"Mouth":{"scale":[{"x":1.046,"curve":[0.111,1.058,0.222,1.067,0.111,1,0.222,1]},{"time":0.3333,"x":1.067,"curve":[0.633,1.067,0.933,1,0.633,1,0.933,1]},{"time":1.2333,"curve":[1.422,1,1.611,1.026,1.422,1,1.611,1]},{"time":1.8,"x":1.046,"curve":[1.911,1.058,2.022,1.067,1.911,1,2.022,1]},{"time":2.1333,"x":1.067,"curve":[2.433,1.067,2.733,1,2.433,1,2.733,1]},{"time":3.0333,"curve":[3.222,1,3.411,1.026,3.222,1,3.411,1]},{"time":3.6,"x":1.046}]},"Foot_L_3":{"translate":[{"x":-24.44}]},"arm_L_1":{"rotate":[{"value":-0.63,"curve":[0.067,-0.43,0.134,-0.24]},{"time":0.2,"value":-0.13,"curve":[0.245,-0.06,0.289,0.1]},{"time":0.3333,"curve":[0.633,-0.67,0.933,-2]},{"time":1.2333,"value":-2,"curve":[1.423,-2,1.611,-1.2]},{"time":1.8,"value":-0.63,"curve":[1.867,-0.43,1.934,-0.24]},{"time":2,"value":-0.13,"curve":[2.045,-0.06,2.089,0.1]},{"time":2.1333,"curve":[2.433,-0.67,2.733,-2]},{"time":3.0333,"value":-2,"curve":[3.223,-2,3.412,-1.21]},{"time":3.6,"value":-0.63}]},"arm_L_2":{"rotate":[{"value":-1.96,"curve":[0.067,-1.45,0.133,-0.96]},{"time":0.2,"value":-0.6,"curve":[0.268,-0.25,0.333,0.35]},{"time":0.4,"curve":[0.7,-1.56,1,-4.67]},{"time":1.3,"value":-4.67,"curve":[1.467,-4.67,1.633,-3.24]},{"time":1.8,"value":-1.96,"curve":[1.867,-1.45,1.933,-0.96]},{"time":2,"value":-0.6,"curve":[2.068,-0.25,2.133,0.35]},{"time":2.2,"curve":[2.5,-1.56,2.8,-4.67]},{"time":3.1,"value":-4.67,"curve":[3.267,-4.67,3.434,-3.24]},{"time":3.6,"value":-1.96}]},"arm_L_3":{"rotate":[{"value":-1.16,"curve":[0.067,0,0.134,1.19]},{"time":0.2,"value":2.16,"curve":[0.291,3.42,0.378,5.4]},{"time":0.4667,"value":4.37,"curve":[0.767,0.89,1.067,-6.06]},{"time":1.3667,"value":-6.06,"curve":[1.512,-6.06,1.656,-3.65]},{"time":1.8,"value":-1.16,"curve":[1.867,0,1.934,1.19]},{"time":2,"value":2.16,"curve":[2.091,3.42,2.178,5.4]},{"time":2.2667,"value":4.37,"curve":[2.567,0.89,2.867,-6.06]},{"time":3.1667,"value":-6.06,"curve":[3.312,-6.06,3.456,-3.66]},{"time":3.6,"value":-1.16}],"translate":[{"x":-2.09,"y":-0.04,"curve":[0.068,-1.86,0.134,-1.48,0.068,-0.03,0.134,-0.02]},{"time":0.2,"x":-1.04,"curve":[0.391,0.18,0.578,2.69,0.391,0.04,0.578,0.12]},{"time":0.7667,"x":1.82,"y":0.09,"curve":[1.067,0.43,1.367,-2.34,1.067,0.05,1.367,-0.04]},{"time":1.6667,"x":-2.34,"y":-0.04,"curve":[1.711,-2.34,1.756,-2.24,1.711,-0.04,1.756,-0.04]},{"time":1.8,"x":-2.09,"y":-0.04,"curve":[1.868,-1.86,1.934,-1.48,1.868,-0.03,1.934,-0.02]},{"time":2,"x":-1.04,"curve":[2.191,0.18,2.378,2.69,2.191,0.04,2.378,0.12]},{"time":2.5667,"x":1.82,"y":0.09,"curve":[2.867,0.43,3.167,-2.34,2.867,0.05,3.167,-0.04]},{"time":3.4667,"x":-2.34,"y":-0.04,"curve":[3.511,-2.34,3.556,-2.25,3.511,-0.04,3.556,-0.04]},{"time":3.6,"x":-2.09,"y":-0.04}]},"Arm_R_1":{"rotate":[{"value":10.32,"curve":[0.111,9.86,0.222,8.71]},{"time":0.3333,"value":9.06,"curve":[0.633,9.98,0.933,11.82]},{"time":1.2333,"value":11.82,"curve":[1.422,11.82,1.611,11.09]},{"time":1.8,"value":10.32,"curve":[1.911,9.86,2.022,8.71]},{"time":2.1333,"value":9.06,"curve":[2.433,9.98,2.733,11.82]},{"time":3.0333,"value":11.82,"curve":[3.222,11.82,3.411,11.09]},{"time":3.6,"value":10.32}],"translate":[{"x":-1.48,"y":-7.26}]},"Arm_R_2":{"rotate":[{"value":-9.17,"curve":[0.134,-11.05,0.267,-14.02]},{"time":0.4,"value":-12.75,"curve":[0.7,-9.9,1,-4.19]},{"time":1.3,"value":-4.19,"curve":[1.467,-4.19,1.633,-6.85]},{"time":1.8,"value":-9.17,"curve":[1.934,-11.05,2.067,-14.02]},{"time":2.2,"value":-12.75,"curve":[2.5,-9.9,2.8,-4.19]},{"time":3.1,"value":-4.19,"curve":[3.267,-4.19,3.434,-6.82]},{"time":3.6,"value":-9.17}]},"Arm_R_3":{"rotate":[{"value":-15.5,"curve":[0.157,-19.45,0.311,-26.23]},{"time":0.4667,"value":-23.58,"curve":[0.767,-18.47,1.067,-8.26]},{"time":1.3667,"value":-8.26,"curve":[1.512,-8.26,1.656,-11.85]},{"time":1.8,"value":-15.5,"curve":[1.957,-19.45,2.111,-26.23]},{"time":2.2667,"value":-23.58,"curve":[2.567,-18.47,2.867,-8.26]},{"time":3.1667,"value":-8.26,"curve":[3.312,-8.26,3.457,-11.8]},{"time":3.6,"value":-15.5}]},"_R":{"translate":[{"time":2.5333},{"time":2.6,"x":7.48,"y":19.37,"curve":"stepped"},{"time":2.6667,"x":7.48,"y":19.37},{"time":2.7333},{"time":2.8,"x":10.75,"y":25.53,"curve":"stepped"},{"time":2.8667,"x":10.75,"y":25.53},{"time":2.9667}]},"_L":{"translate":[{"time":2.5333},{"time":2.6,"x":6.72,"y":20.61,"curve":"stepped"},{"time":2.6667,"x":6.72,"y":20.61},{"time":2.7333},{"time":2.8,"x":9.99,"y":26.77,"curve":"stepped"},{"time":2.8667,"x":9.99,"y":26.77},{"time":2.9667}]}}},"Walk":{"bones":{"hip_Y":{"translate":[{"curve":[0.119,0,0.248,0,0.119,0,0.248,-10.03]},{"time":0.3667,"y":-10.03,"curve":[0.47,0,0.563,0,0.47,-10.03,0.563,0]},{"time":0.6667,"curve":[0.785,0,0.915,0,0.785,0,0.915,-10.03]},{"time":1.0333,"y":-10.03,"curve":[1.137,0,1.233,0,1.137,-10.03,1.233,0]},{"time":1.3333,"curve":[1.452,0,1.581,0,1.452,0,1.581,-10.03]},{"time":1.7,"y":-10.03,"curve":[1.804,0,1.896,0,1.804,-10.03,1.896,0]},{"time":2,"curve":[2.119,0,2.248,0,2.119,0,2.248,-10.03]},{"time":2.3667,"y":-10.03,"curve":[2.47,0,2.567,0,2.47,-10.03,2.567,0]},{"time":2.6667,"curve":[2.785,0,2.915,0,2.785,0,2.915,-10.03]},{"time":3.0333,"y":-10.03,"curve":[3.137,0,3.23,0,3.137,-10.03,3.23,0]},{"time":3.3333,"curve":[3.452,0,3.581,0,3.452,0,3.581,-10.03]},{"time":3.7,"y":-10.03,"curve":[3.804,0,3.896,0,3.804,-10.03,3.896,0]},{"time":4}]},"Foot_L_1":{"rotate":[{"value":11.39},{"time":0.2,"value":26.85},{"time":0.6667,"value":-24.83},{"time":0.7667,"value":-4.87,"curve":"stepped"},{"time":1.2,"value":-4.87},{"time":1.3333,"value":11.39},{"time":1.5333,"value":26.85},{"time":2,"value":-24.83},{"time":2.1,"value":-4.87,"curve":"stepped"},{"time":2.5333,"value":-4.87},{"time":2.6667,"value":11.39},{"time":2.8667,"value":26.85},{"time":3.3333,"value":-24.83},{"time":3.4333,"value":-4.87,"curve":"stepped"},{"time":3.8667,"value":-4.87},{"time":4,"value":11.39}],"translate":[{"x":88.16,"y":24.46},{"time":0.2,"x":39.37,"y":76.33},{"time":0.6667,"x":-15.02,"y":18.98},{"time":0.7667,"x":-15.25,"y":18.25},{"time":1.2,"x":69.15,"y":18.25},{"time":1.3333,"x":88.16,"y":24.46},{"time":1.5333,"x":39.37,"y":76.33},{"time":2,"x":-15.02,"y":18.98},{"time":2.1,"x":-15.25,"y":18.25},{"time":2.5333,"x":69.15,"y":18.25},{"time":2.6667,"x":88.16,"y":24.46},{"time":2.8667,"x":39.37,"y":76.33},{"time":3.3333,"x":-15.02,"y":18.98},{"time":3.4333,"x":-15.25,"y":18.25},{"time":3.8667,"x":69.15,"y":18.25},{"time":4,"x":88.16,"y":24.46}]},"Leg_L_1":{"rotate":[{"value":0.75}],"translate":[{"x":60.19}]},"Leg_L_2":{"rotate":[{"value":-1.48}]},"Foot_L_2":{"rotate":[{"value":-16.26},{"time":0.2,"value":14.94},{"time":0.6667,"curve":"stepped"},{"time":1.2},{"time":1.3333,"value":-16.26},{"time":1.5333,"value":14.94},{"time":2,"curve":"stepped"},{"time":2.5333},{"time":2.6667,"value":-16.26},{"time":2.8667,"value":14.94},{"time":3.3333,"curve":"stepped"},{"time":3.8667},{"time":4,"value":-16.26}]},"Foot_L_3":{"rotate":[{"value":-24.83},{"time":0.1,"value":-4.87,"curve":"stepped"},{"time":0.5333,"value":-4.87},{"time":0.6667,"value":11.39},{"time":0.8667,"value":26.85},{"time":1.3333,"value":-24.83},{"time":1.4333,"value":-4.87,"curve":"stepped"},{"time":1.8667,"value":-4.87},{"time":2,"value":11.39},{"time":2.2,"value":26.85},{"time":2.6667,"value":-24.83},{"time":2.7667,"value":-4.87,"curve":"stepped"},{"time":3.2,"value":-4.87},{"time":3.3333,"value":11.39},{"time":3.5333,"value":26.85},{"time":4,"value":-24.83}],"translate":[{"x":-75.21,"y":18.98},{"time":0.1,"x":-75.44,"y":18.25},{"time":0.5333,"x":8.96,"y":18.25},{"time":0.6667,"x":27.97,"y":24.46},{"time":0.8667,"x":-20.82,"y":76.33},{"time":1.3333,"x":-75.21,"y":18.98},{"time":1.4333,"x":-75.44,"y":18.25},{"time":1.8667,"x":8.96,"y":18.25},{"time":2,"x":27.97,"y":24.46},{"time":2.2,"x":-20.82,"y":76.33},{"time":2.6667,"x":-75.21,"y":18.98},{"time":2.7667,"x":-75.44,"y":18.25},{"time":3.2,"x":8.96,"y":18.25},{"time":3.3333,"x":27.97,"y":24.46},{"time":3.5333,"x":-20.82,"y":76.33},{"time":4,"x":-75.21,"y":18.98}]},"Leg_L_3":{"rotate":[{"value":0.75}]},"Leg_L_4":{"rotate":[{"value":-1.48}]},"Foot_L_4":{"rotate":[{"time":0.5333},{"time":0.6667,"value":-16.26},{"time":0.8667,"value":14.94},{"time":1.3333,"curve":"stepped"},{"time":1.8667},{"time":2,"value":-16.26},{"time":2.2,"value":14.94},{"time":2.6667,"curve":"stepped"},{"time":3.2},{"time":3.3333,"value":-16.26},{"time":3.5333,"value":14.94},{"time":4}]},"Body":{"rotate":[{"value":-1.48,"curve":[0.111,-1.48,0.222,0]},{"time":0.3333,"curve":[0.444,0,0.556,-1.48]},{"time":0.6667,"value":-1.48,"curve":[0.778,-1.48,0.889,0]},{"time":1,"curve":[1.111,0,1.222,-1.48]},{"time":1.3333,"value":-1.48,"curve":[1.444,-1.48,1.556,0]},{"time":1.6667,"curve":[1.778,0,1.889,-1.48]},{"time":2,"value":-1.48,"curve":[2.111,-1.48,2.222,0]},{"time":2.3333,"curve":[2.444,0,2.556,-1.48]},{"time":2.6667,"value":-1.48,"curve":[2.778,-1.48,2.889,0]},{"time":3,"curve":[3.111,0,3.222,-1.48]},{"time":3.3333,"value":-1.48,"curve":[3.444,-1.48,3.556,0]},{"time":3.6667,"curve":[3.778,0,3.889,-1.48]},{"time":4,"value":-1.48}]},"Chest":{"rotate":[{"value":-1.25,"curve":[0.023,-1.39,0.045,-1.48]},{"time":0.0667,"value":-1.48,"curve":[0.178,-1.48,0.289,0.78]},{"time":0.4,"value":0.78,"curve":[0.511,0.78,0.622,-1.48]},{"time":0.7333,"value":-1.48,"curve":[0.844,-1.48,0.956,0.78]},{"time":1.0667,"value":0.78,"curve":[1.156,0.78,1.244,-0.7]},{"time":1.3333,"value":-1.25,"curve":[1.356,-1.39,1.378,-1.48]},{"time":1.4,"value":-1.48,"curve":[1.511,-1.48,1.622,0.78]},{"time":1.7333,"value":0.78,"curve":[1.844,0.78,1.956,-1.48]},{"time":2.0667,"value":-1.48,"curve":[2.178,-1.48,2.289,0.78]},{"time":2.4,"value":0.78,"curve":[2.489,0.78,2.578,-0.7]},{"time":2.6667,"value":-1.25,"curve":[2.69,-1.39,2.711,-1.48]},{"time":2.7333,"value":-1.48,"curve":[2.844,-1.48,2.956,0.78]},{"time":3.0667,"value":0.78,"curve":[3.178,0.78,3.289,-1.48]},{"time":3.4,"value":-1.48,"curve":[3.511,-1.48,3.622,0.78]},{"time":3.7333,"value":0.78,"curve":[3.823,0.78,3.912,-0.67]},{"time":4,"value":-1.25}]},"Neck":{"rotate":[{"value":-1.25,"curve":[0.023,-1.39,0.045,-1.48]},{"time":0.0667,"value":-1.48,"curve":[0.178,-1.48,0.289,0.78]},{"time":0.4,"value":0.78,"curve":[0.511,0.78,0.622,-1.48]},{"time":0.7333,"value":-1.48,"curve":[0.844,-1.48,0.956,0.78]},{"time":1.0667,"value":0.78,"curve":[1.156,0.78,1.244,-0.7]},{"time":1.3333,"value":-1.25,"curve":[1.356,-1.39,1.378,-1.48]},{"time":1.4,"value":-1.48,"curve":[1.511,-1.48,1.622,0.78]},{"time":1.7333,"value":0.78,"curve":[1.844,0.78,1.956,-1.48]},{"time":2.0667,"value":-1.48,"curve":[2.178,-1.48,2.289,0.78]},{"time":2.4,"value":0.78,"curve":[2.489,0.78,2.578,-0.7]},{"time":2.6667,"value":-1.25,"curve":[2.69,-1.39,2.711,-1.48]},{"time":2.7333,"value":-1.48,"curve":[2.844,-1.48,2.956,0.78]},{"time":3.0667,"value":0.78,"curve":[3.178,0.78,3.289,-1.48]},{"time":3.4,"value":-1.48,"curve":[3.511,-1.48,3.622,0.78]},{"time":3.7333,"value":0.78,"curve":[3.823,0.78,3.912,-0.67]},{"time":4,"value":-1.25}]},"Head":{"rotate":[{"value":-5.29,"curve":[0.034,-6.12,0.067,-6.73]},{"time":0.1,"value":-6.73,"curve":[0.211,-6.73,0.322,-0.07]},{"time":0.4333,"value":-0.07,"curve":[0.544,-0.07,0.656,-6.73]},{"time":0.7667,"value":-6.73,"curve":[0.878,-6.73,0.989,-0.07]},{"time":1.1,"value":-0.07,"curve":[1.178,-0.07,1.256,-3.41]},{"time":1.3333,"value":-5.29,"curve":[1.367,-6.12,1.4,-6.73]},{"time":1.4333,"value":-6.73,"curve":[1.544,-6.73,1.656,-0.07]},{"time":1.7667,"value":-0.07,"curve":[1.878,-0.07,1.989,-6.73]},{"time":2.1,"value":-6.73,"curve":[2.211,-6.73,2.322,-0.07]},{"time":2.4333,"value":-0.07,"curve":[2.511,-0.07,2.589,-3.41]},{"time":2.6667,"value":-5.29,"curve":[2.701,-6.12,2.733,-6.73]},{"time":2.7667,"value":-6.73,"curve":[2.878,-6.73,2.989,-0.07]},{"time":3.1,"value":-0.07,"curve":[3.211,-0.07,3.322,-6.73]},{"time":3.4333,"value":-6.73,"curve":[3.544,-6.73,3.656,-0.07]},{"time":3.7667,"value":-0.07,"curve":[3.845,-0.07,3.923,-3.34]},{"time":4,"value":-5.29}],"translate":[{"x":-0.77,"y":5.1,"curve":[0.034,-0.6,0.067,-0.41,0.034,3.97,0.067,2.69]},{"time":0.1,"x":-0.26,"y":1.7,"curve":[0.134,-0.11,0.167,0,0.134,0.73,0.167,0]},{"time":0.2,"curve":[0.311,0,0.422,-1.19,0.311,0,0.422,7.87]},{"time":0.5333,"x":-1.19,"y":7.87,"curve":[0.644,-1.19,0.756,0,0.644,7.87,0.756,0]},{"time":0.8667,"curve":[0.978,0,1.089,-1.19,0.978,0,1.089,7.87]},{"time":1.2,"x":-1.19,"y":7.87,"curve":[1.245,-1.19,1.289,-1,1.245,7.87,1.289,6.61]},{"time":1.3333,"x":-0.77,"y":5.1,"curve":[1.367,-0.6,1.4,-0.41,1.367,3.97,1.4,2.69]},{"time":1.4333,"x":-0.26,"y":1.7,"curve":[1.467,-0.11,1.5,0,1.467,0.73,1.5,0]},{"time":1.5333,"curve":[1.644,0,1.756,-1.19,1.644,0,1.756,7.87]},{"time":1.8667,"x":-1.19,"y":7.87,"curve":[1.978,-1.19,2.089,0,1.978,7.87,2.089,0]},{"time":2.2,"curve":[2.311,0,2.422,-1.19,2.311,0,2.422,7.87]},{"time":2.5333,"x":-1.19,"y":7.87,"curve":[2.578,-1.19,2.622,-1,2.578,7.87,2.622,6.61]},{"time":2.6667,"x":-0.77,"y":5.1,"curve":[2.7,-0.6,2.734,-0.41,2.7,3.97,2.734,2.69]},{"time":2.7667,"x":-0.26,"y":1.7,"curve":[2.801,-0.11,2.834,0,2.801,0.73,2.834,0]},{"time":2.8667,"curve":[2.978,0,3.089,-1.19,2.978,0,3.089,7.87]},{"time":3.2,"x":-1.19,"y":7.87,"curve":[3.311,-1.19,3.422,0,3.311,7.87,3.422,0]},{"time":3.5333,"curve":[3.644,0,3.756,-1.19,3.644,0,3.756,7.87]},{"time":3.8667,"x":-1.19,"y":7.87,"curve":[3.911,-1.19,3.956,-1,3.911,7.87,3.956,6.61]},{"time":4,"x":-0.77,"y":5.1}]},"arm_L_1":{"rotate":[{"value":-7.98,"curve":[0.046,-8.54,0.089,-9.5]},{"time":0.1333,"value":-8.91,"curve":[0.356,-5.94,0.578,0]},{"time":0.8,"curve":[0.979,0,1.156,-5.84]},{"time":1.3333,"value":-7.98,"curve":[1.379,-8.54,1.422,-9.5]},{"time":1.4667,"value":-8.91,"curve":[1.689,-5.94,1.911,0]},{"time":2.1333,"curve":[2.312,0,2.489,-5.84]},{"time":2.6667,"value":-7.98,"curve":[2.713,-8.54,2.756,-9.5]},{"time":2.8,"value":-8.91,"curve":[3.022,-5.94,3.244,0]},{"time":3.4667,"curve":[3.645,0,3.824,-5.72]},{"time":4,"value":-7.98}],"translate":[{"x":2.05,"y":6.05}]},"arm_L_2":{"rotate":[{"value":-14.78,"curve":[0.068,-17.11,0.133,-20.74]},{"time":0.2,"value":-18.85,"curve":[0.422,-12.57,0.644,0]},{"time":0.8667,"curve":[1.023,0,1.178,-9.45]},{"time":1.3333,"value":-14.78,"curve":[1.401,-17.11,1.467,-20.74]},{"time":1.5333,"value":-18.85,"curve":[1.756,-12.57,1.978,0]},{"time":2.2,"curve":[2.356,0,2.511,-9.45]},{"time":2.6667,"value":-14.78,"curve":[2.735,-17.11,2.8,-20.74]},{"time":2.8667,"value":-18.85,"curve":[3.089,-12.57,3.311,0]},{"time":3.5333,"curve":[3.69,0,3.846,-9.25]},{"time":4,"value":-14.78}]},"arm_L_3":{"rotate":[{"value":-19.1,"curve":[0.09,-24.69,0.178,-33.4]},{"time":0.2667,"value":-29.47,"curve":[0.489,-19.65,0.711,0]},{"time":0.9333,"curve":[1.067,0,1.2,-10.84]},{"time":1.3333,"value":-19.1,"curve":[1.424,-24.69,1.511,-33.4]},{"time":1.6,"value":-29.47,"curve":[1.822,-19.65,2.044,0]},{"time":2.2667,"curve":[2.401,0,2.533,-10.84]},{"time":2.6667,"value":-19.1,"curve":[2.757,-24.69,2.844,-33.4]},{"time":2.9333,"value":-29.47,"curve":[3.156,-19.65,3.378,0]},{"time":3.6,"curve":[3.734,0,3.868,-10.59]},{"time":4,"value":-19.1}]},"Arm_R_1":{"rotate":[{"value":11.61,"curve":[0.046,12.42,0.089,13.82]},{"time":0.1333,"value":12.96,"curve":[0.356,8.64,0.578,0]},{"time":0.8,"curve":[0.979,0,1.156,8.49]},{"time":1.3333,"value":11.61,"curve":[1.379,12.42,1.422,13.82]},{"time":1.4667,"value":12.96,"curve":[1.689,8.64,1.911,0]},{"time":2.1333,"curve":[2.312,0,2.489,8.49]},{"time":2.6667,"value":11.61,"curve":[2.713,12.42,2.756,13.82]},{"time":2.8,"value":12.96,"curve":[3.022,8.64,3.244,0]},{"time":3.4667,"curve":[3.645,0,3.824,8.32]},{"time":4,"value":11.61}]},"Arm_R_2":{"rotate":[{"value":-1.17,"curve":[0.068,-0.5,0.133,0.54]},{"time":0.2,"curve":[0.422,-1.81,0.644,-5.42]},{"time":0.8667,"value":-5.42,"curve":[1.023,-5.42,1.178,-2.7]},{"time":1.3333,"value":-1.17,"curve":[1.401,-0.5,1.467,0.54]},{"time":1.5333,"curve":[1.756,-1.81,1.978,-5.42]},{"time":2.2,"value":-5.42,"curve":[2.356,-5.42,2.511,-2.7]},{"time":2.6667,"value":-1.17,"curve":[2.735,-0.5,2.8,0.54]},{"time":2.8667,"curve":[3.089,-1.81,3.311,-5.42]},{"time":3.5333,"value":-5.42,"curve":[3.69,-5.42,3.846,-2.76]},{"time":4,"value":-1.17}]},"Arm_R_3":{"rotate":[{"value":8.01,"curve":[0.09,16.55,0.178,29.83]},{"time":0.2667,"value":23.83,"curve":[0.489,8.85,0.711,-21.12]},{"time":0.9333,"value":-21.12,"curve":[1.067,-21.12,1.2,-4.58]},{"time":1.3333,"value":8.01,"curve":[1.424,16.55,1.511,29.83]},{"time":1.6,"value":23.83,"curve":[1.822,8.85,2.044,-21.12]},{"time":2.2667,"value":-21.12,"curve":[2.401,-21.12,2.533,-4.58]},{"time":2.6667,"value":8.01,"curve":[2.757,16.55,2.844,29.83]},{"time":2.9333,"value":23.83,"curve":[3.156,8.85,3.378,-21.12]},{"time":3.6,"value":-21.12,"curve":[3.734,-21.12,3.868,-4.97]},{"time":4,"value":8.01}]},"Mouth":{"translate":[{"x":0.02,"y":0.36,"curve":[0.079,0.05,0.156,0.16,0.079,0.88,0.156,2.93]},{"time":0.2333,"x":0.13,"y":2.37,"curve":[0.344,0.09,0.456,0,0.344,1.58,0.456,0]},{"time":0.5667,"curve":[0.678,0,0.789,0.17,0.678,0,0.789,3.16]},{"time":0.9,"x":0.13,"y":2.37,"curve":[1.011,0.09,1.122,0,1.011,1.58,1.122,0]},{"time":1.2333,"curve":[1.267,0,1.3,0.01,1.267,0,1.3,0.14]},{"time":1.3333,"x":0.02,"y":0.36,"curve":[1.412,0.05,1.489,0.16,1.412,0.88,1.489,2.93]},{"time":1.5667,"x":0.13,"y":2.37,"curve":[1.678,0.09,1.789,0,1.678,1.58,1.789,0]},{"time":1.9,"curve":[2.011,0,2.122,0.17,2.011,0,2.122,3.16]},{"time":2.2333,"x":0.13,"y":2.37,"curve":[2.344,0.09,2.456,0,2.344,1.58,2.456,0]},{"time":2.5667,"curve":[2.6,0,2.633,0.01,2.6,0,2.633,0.14]},{"time":2.6667,"x":0.02,"y":0.36,"curve":[2.745,0.05,2.822,0.16,2.745,0.88,2.822,2.93]},{"time":2.9,"x":0.13,"y":2.37,"curve":[3.011,0.09,3.122,0,3.011,1.58,3.122,0]},{"time":3.2333,"curve":[3.344,0,3.456,0.17,3.344,0,3.456,3.16]},{"time":3.5667,"x":0.13,"y":2.37,"curve":[3.678,0.09,3.789,0,3.678,1.58,3.789,0]},{"time":3.9,"curve":[3.934,0,3.967,0.01,3.934,0,3.967,0.14]},{"time":4,"x":0.02,"y":0.36}],"scale":[{"x":0.982,"curve":[0.079,0.996,0.156,1.052,0.079,1,0.156,1]},{"time":0.2333,"x":1.037,"curve":[0.344,1.015,0.456,0.972,0.344,1,0.456,1]},{"time":0.5667,"x":0.972,"curve":[0.678,0.972,0.789,1.059,0.678,1,0.789,1]},{"time":0.9,"x":1.037,"curve":[1.011,1.015,1.122,0.972,1.011,1,1.122,1]},{"time":1.2333,"x":0.972,"curve":[1.267,0.972,1.3,0.976,1.267,1,1.3,1]},{"time":1.3333,"x":0.982,"curve":[1.412,0.996,1.489,1.052,1.412,1,1.489,1]},{"time":1.5667,"x":1.037,"curve":[1.678,1.015,1.789,0.972,1.678,1,1.789,1]},{"time":1.9,"x":0.972,"curve":[2.011,0.972,2.122,1.059,2.011,1,2.122,1]},{"time":2.2333,"x":1.037,"curve":[2.344,1.015,2.456,0.972,2.344,1,2.456,1]},{"time":2.5667,"x":0.972,"curve":[2.6,0.972,2.633,0.976,2.6,1,2.633,1]},{"time":2.6667,"x":0.982,"curve":[2.745,0.996,2.822,1.052,2.745,1,2.822,1]},{"time":2.9,"x":1.037,"curve":[3.011,1.015,3.122,0.972,3.011,1,3.122,1]},{"time":3.2333,"x":0.972,"curve":[3.344,0.972,3.456,1.059,3.344,1,3.456,1]},{"time":3.5667,"x":1.037,"curve":[3.678,1.015,3.789,0.972,3.678,1,3.789,1]},{"time":3.9,"x":0.972,"curve":[3.934,0.972,3.967,0.976,3.934,1,3.967,1]},{"time":4,"x":0.982}]},"_L":{"translate":[{"time":2.3667},{"time":2.4333,"x":6.72,"y":20.61,"curve":"stepped"},{"time":2.5,"x":6.72,"y":20.61},{"time":2.5667},{"time":2.6333,"x":9.99,"y":26.77,"curve":"stepped"},{"time":2.7,"x":9.99,"y":26.77},{"time":2.8}]},"_R":{"translate":[{"time":2.3667},{"time":2.4333,"x":7.48,"y":19.37,"curve":"stepped"},{"time":2.5,"x":7.48,"y":19.37},{"time":2.5667},{"time":2.6333,"x":10.75,"y":25.53,"curve":"stepped"},{"time":2.7,"x":10.75,"y":25.53},{"time":2.8}]}}}}}