{"skeleton":{"hash":"a++VpKfjIUQ","spine":"4.0.19","x":-476.68,"y":-35.04,"width":664.97,"height":992.41,"images":"./images/","audio":"C:/Users/Arthur/Desktop/spine/Characters_20/Nurse_2"},"bones":[{"name":"root"},{"name":"HIP_Y","parent":"root","x":-2.28,"y":294.96,"color":"ffef00ff"},{"name":"HIP_X","parent":"HIP_Y","y":22.99,"color":"ffef00ff"},{"name":"bone","parent":"root","length":63.5,"rotation":-119.25,"x":69.99,"y":66.33,"color":"50ff00ff"},{"name":"HIP_X2","parent":"HIP_X","length":155.01,"rotation":-82.87,"x":37.16,"y":8.65,"color":"6060604f"},{"name":"HIP_X3","parent":"HIP_X2","length":107.76,"rotation":-0.08,"x":155.01,"color":"6060604f"},{"name":"bone2","parent":"bone","length":43.74,"rotation":-36.73,"x":66.31,"y":-1.87,"color":"50ff00ff"},{"name":"bone3","parent":"root","length":63.5,"rotation":-123.93,"x":-22.12,"y":60.41,"color":"50ff00ff"},{"name":"HIP_X4","parent":"HIP_X","length":155.01,"rotation":-87.56,"x":-33.57,"y":4.73,"color":"6060604f"},{"name":"HIP_X5","parent":"HIP_X4","length":107.76,"rotation":-0.08,"x":155.01,"color":"6060604f"},{"name":"bone4","parent":"bone3","length":43.74,"rotation":-36.73,"x":66.31,"y":-1.87,"color":"50ff00ff"},{"name":"Skirt_R","parent":"HIP_X","length":99.77,"rotation":-114.81,"x":-92.74,"y":21.33,"color":"d200fcff"},{"name":"Skirt_L","parent":"HIP_X","length":121.51,"rotation":-54.57,"x":105.68,"y":66.41,"color":"d200fcff"},{"name":"Body_1","parent":"HIP_X","length":99.27,"rotation":98.13,"x":-2.99,"y":11.67,"color":"00ff0eff"},{"name":"Chest","parent":"Body_1","length":114.94,"rotation":1,"x":97.33,"y":1.14,"color":"00ff0eff"},{"name":"Scapula_L","parent":"Chest","length":100.48,"rotation":-94.93,"x":114.94,"color":"00ff0eff"},{"name":"Scapula_R","parent":"Chest","length":78.54,"rotation":100.39,"x":116.99,"y":0.08,"color":"00ff0eff"},{"name":"Arm_L_1","parent":"Scapula_L","length":141.47,"rotation":-56.78,"x":109.77,"y":5.99,"transform":"noRotationOrReflection","color":"0007ffff"},{"name":"Arm_L_2","parent":"Arm_L_1","length":107.99,"rotation":-112.77,"x":141.47,"transform":"noRotationOrReflection","color":"0007ffff"},{"name":"Arm_L_3","parent":"Arm_L_2","length":59.49,"rotation":-118.79,"x":106.44,"y":-1.16,"transform":"noRotationOrReflection","color":"0007ffff"},{"name":"Scapula_L5","parent":"Arm_L_3","length":82.67,"rotation":82.57,"x":77.59,"y":-148.69,"color":"e200ff96"},{"name":"Scapula_L6","parent":"Scapula_L5","length":72.43,"rotation":-0.87,"x":82.67,"color":"e200ff96"},{"name":"Scapula_L7","parent":"Scapula_L6","length":65.39,"rotation":3.52,"x":72.05,"y":-0.28,"color":"e200ff96"},{"name":"Scapula_L8","parent":"Scapula_L7","length":54.97,"rotation":0.43,"x":64.61,"y":-0.52,"color":"e200ff96"},{"name":"Arm_R_1","parent":"Scapula_R","length":121.45,"rotation":-101.95,"x":106.74,"y":-7.62,"transform":"noRotationOrReflection","color":"ff0000ff"},{"name":"Arm_R_2","parent":"Arm_R_1","length":116.89,"rotation":-128.83,"x":121.45,"transform":"noRotationOrReflection","color":"ff0000ff"},{"name":"Arm_R_3","parent":"Arm_R_2","length":60.18,"rotation":-132.08,"x":116.89,"transform":"noRotationOrReflection","color":"ff0000ff"},{"name":"Head","parent":"Chest","length":174.38,"rotation":-159.76,"x":228.72,"y":-67.79,"transform":"noRotationOrReflection","color":"00ff0eff"},{"name":"Head2","parent":"Head","length":31.85,"rotation":75.58,"x":176.78,"y":3.09,"color":"00ff0eff"},{"name":"eye_L","parent":"Head","length":51.89,"rotation":70.64,"x":55.15,"y":-101.8,"color":"00ff0eff"},{"name":"eye_R","parent":"Head","length":41.12,"rotation":70.87,"x":165.15,"y":-133.43,"color":"00ff0eff"},{"name":"dec","parent":"Head","length":83.23,"rotation":-94.12,"x":-23.65,"y":9.74,"transform":"noRotationOrReflection","color":"00ff0eff"},{"name":"Boom","parent":"root","x":590.52,"y":416.55}],"slots":[{"name":"Layer 7","bone":"root","attachment":"Layer 7"},{"name":"Leg_R2","bone":"bone3","attachment":"Leg_L_new"},{"name":"Leg_L","bone":"root"},{"name":"Leg_R","bone":"bone","attachment":"Leg_R"},{"name":"Layer 1","bone":"root","attachment":"Layer 1"},{"name":"weapon","bone":"Scapula_L5","attachment":"weapon"},{"name":"Layer 2","bone":"root","attachment":"Layer 2"},{"name":"Eyes","bone":"Head","attachment":"Eyes"},{"name":"Pupils","bone":"Head","attachment":"Pupils"},{"name":"Layer 3","bone":"eye_L","attachment":"Layer 3"},{"name":"Layer 4","bone":"eye_R","attachment":"Layer 4"},{"name":"Layer 5","bone":"Head","attachment":"Layer 5"},{"name":"Layer 6","bone":"Head2","attachment":"Layer 6"},{"name":"hair","bone":"Head","attachment":"hair"},{"name":"Layer 8","bone":"dec","attachment":"Layer 8"},{"name":"Boom/Boom1","bone":"Boom"}],"ik":[{"name":"bone","bones":["HIP_X2","HIP_X3"],"target":"bone"},{"name":"bone3","order":1,"bones":["HIP_X4","HIP_X5"],"target":"bone3"}],"skins":[{"name":"default","attachments":{"Boom/Boom1":{"Boom/Boom1":{"x":0.17,"y":0.05,"width":343,"height":351},"Boom/Boom2":{"x":0.17,"y":0.05,"width":343,"height":351},"Boom/Boom3":{"x":0.17,"y":0.05,"width":343,"height":351},"Boom/Boom4":{"x":0.17,"y":0.05,"width":343,"height":351},"Boom/Boom5":{"x":0.17,"y":0.05,"width":343,"height":351},"Boom/Boom6":{"x":0.17,"y":0.05,"width":343,"height":351},"Boom/Boom7":{"x":0.17,"y":0.05,"width":343,"height":351},"Boom/Boom8":{"x":0.17,"y":0.05,"width":343,"height":351},"Boom/Boom9":{"x":0.17,"y":0.05,"width":343,"height":351}},"Eyes":{"Eyes":{"x":104.63,"y":-86.78,"rotation":159.76,"width":183,"height":73}},"hair":{"hair":{"x":19.11,"y":-117.33,"rotation":159.76,"width":392,"height":383}},"Layer 1":{"Layer 1":{"type":"mesh","uvs":[1,0.72853,1,0.77397,0.91321,0.86875,0.74596,0.93594,0.58648,1,0.29461,1,0.11165,0.92978,0,0.88693,1.0E-5,0.76358,0,0,0.46903,0,0.66867,0,1,0,0.48575,0.68568,0.6588,0.59219,0.83056,0.45846,0.29203,0.67919,0.19001,0.62725,0.10736,0.587,0.57374,0.63814,0.2068,0.5072,0.31786,0.51499,0.49743,0.49566,0.60519,0.45283,0.70041,0.38648,0.21594,0.44502,0.31868,0.43999,0.46486,0.42403,0.56927,0.39632,0.67786,0.34257,0.15079,0.41311,0.11737,0.29554,0.19172,0.12086,0.30281,0.03688,0.66282,0.11498,0.71127,0.24599,0.50913,0.25775,0.29279,0.28966],"triangles":[4,13,3,19,14,3,3,14,2,1,2,0,2,14,0,14,15,0,15,12,0,14,24,15,14,23,24,24,35,15,5,13,4,6,16,5,5,16,13,7,8,6,6,8,17,6,17,16,17,8,18,31,18,8,16,17,21,21,17,20,17,18,20,18,30,20,18,31,30,20,25,21,20,30,25,3,13,19,16,21,13,13,22,19,13,21,22,19,22,14,22,23,14,21,27,22,22,28,23,22,27,28,24,28,29,24,23,28,27,36,28,27,37,36,28,36,29,21,26,27,21,25,26,26,25,37,25,30,37,26,37,27,15,35,12,24,29,35,29,36,35,36,34,35,36,10,34,35,34,12,12,34,11,34,10,11,31,8,9,30,31,37,31,32,37,31,9,32,37,33,36,37,32,33,33,10,36,32,9,33,33,9,10],"vertices":[2,15,209.62,-242.47,6.0E-5,12,107.68,27.56,0.99994,1,12,121.42,17.79,1,1,12,131.31,-28.97,1,2,11,14.96,214.64,0.00726,12,115.46,-94.25,0.99274,2,11,61.5,170.61,0.31762,12,100.34,-156.5,0.68238,2,11,107.17,71.79,0.99904,12,37.24,-245.21,9.6E-4,1,11,112.16,-1.09,1,2,16,233.47,222.44,1.2E-4,11,115.2,-45.56,0.99988,3,16,218.22,179.3,0.01425,14,-98.72,182.39,0.00296,11,73.66,-64.76,0.98279,1,16,123.86,-87.82,1,2,16,-41.1,-29.54,0.41042,15,31.57,41.39,0.58958,3,16,-111.31,-4.74,0.00184,15,105.84,36.02,0.99603,12,-184.2,83.53,0.00213,2,15,229.11,27.11,0.81944,12,-112.56,184.24,0.18056,2,13,-1.37,-1.56,0.99665,12,-16.46,-119.52,0.00335,3,15,86.33,-182.85,0.00115,13,23.84,-70.36,0.38449,12,-7.3,-46.82,0.61436,3,15,153.81,-137.98,0.11747,13,63.9,-140.8,0.02033,12,-10.6,34.14,0.8622,3,14,-84.97,69.89,0.00825,13,11.24,69.63,0.15147,11,-0.46,20.98,0.84028,3,16,134.55,155.21,0.03621,14,-59.94,104.43,0.05374,11,-1.98,-21.65,0.91005,3,16,158.64,130.86,0.11358,14,-40.34,132.52,0.09713,11,-2.6,-55.9,0.78929,2,13,11.45,-36.54,0.73203,12,-11.8,-82.56,0.26797,4,16,113.81,115.3,0.14881,14,-16.95,91.23,0.3069,13,78.9,92.08,0.00515,11,-45.04,-34.65,0.53913,4,16,75.71,131.83,0.0535,14,-26.33,50.78,0.47286,13,70.18,51.48,0.13945,11,-59.8,4.17,0.33419,3,15,28.88,-142.78,0.00524,13,67.81,-15.84,0.94731,12,-71.38,-75.11,0.04745,3,15,70.11,-129.83,0.06299,13,77.85,-57.88,0.63271,12,-61.03,-33.14,0.3043,4,15,107.31,-107.85,0.21213,14,-1.73,-97.65,0.00188,13,97.2,-96.52,0.30155,12,-60.5,10.07,0.48444,4,16,102.91,94.69,0.22552,14,5.29,84.23,0.40995,13,101.25,85.44,3.0E-4,11,-67.41,-41.23,0.36423,4,16,66.15,105.69,0.10161,14,1.1,46.09,0.70337,13,97.68,47.24,0.0072,11,-85.19,-7.23,0.18782,3,15,18.68,-115.4,0.00531,13,95.83,-7.57,0.98317,12,-100.08,-69.6,0.01151,4,15,58.26,-107.96,0.10346,14,2.37,-48.77,0.01388,13,100.5,-47.58,0.70691,12,-85.88,-31.91,0.17575,4,15,100.1,-90.99,0.30022,14,15.68,-91.91,0.01418,13,114.51,-90.5,0.32962,12,-78.65,12.66,0.35597,3,16,121.88,75.43,0.35442,14,20.82,106.36,0.28514,11,-67.96,-68.26,0.36044,3,16,119.1,30.15,0.68518,14,65.85,111.79,0.14733,11,-102.33,-97.88,0.1675,1,16,71.37,-21.72,1,1,16,21.92,-37.29,1,4,15,100.59,-6.37,0.97478,14,99.94,-99.67,0.00236,13,198.89,-96.89,0.00999,12,-150.7,57.03,0.01287,4,15,115.11,-56.15,0.58949,14,49.1,-109.86,0.01444,13,148.22,-107.9,0.15124,12,-100.62,43.58,0.24482,4,15,39.6,-55.07,0.28463,14,56.67,-34.71,0.49769,13,154.57,-32.65,0.18389,12,-140.77,-20.39,0.0338,3,16,56.68,49.89,0.38626,14,57.7,46.84,0.55943,11,-131.76,-39.4,0.05431],"hull":13,"edges":[28,30,0,24,30,0,28,4,0,2,4,2,26,8,26,32,8,10,32,10,32,34,16,18,36,16,14,16,36,34,10,12,12,14,34,12,26,38,38,28,8,6,6,4,38,6,36,40,40,42,42,44,44,46,46,48,48,30,28,46,44,38,32,42,40,50,50,52,52,42,52,54,54,44,54,56,56,46,56,58,58,48,50,60,60,62,62,64,64,66,18,20,66,20,20,22,22,24,22,68,68,70,70,58,70,72,72,74,74,62],"width":373,"height":371}},"Layer 2":{"Layer 2":{"type":"mesh","uvs":[0.84792,0.17568,1,0.43306,1,0.45775,1,0.48629,0.66186,0.79036,0.61593,0.83034,0.55493,1,0,1,0,0.79878,0.33865,0.75167,0.39479,0.73233,0.67287,0.50172,0.67591,0.47734,0.67897,0.45273,0.19301,0.32141,0.04505,0.21025,0,0,0.11037,0,0.5123,0,0.85296,0.46623,0.49175,0.78585],"triangles":[5,6,20,6,7,20,20,8,9,20,7,8,9,10,20,4,20,10,5,20,4,3,11,19,3,4,11,11,4,10,11,12,19,19,2,3,12,13,19,2,19,1,19,13,1,1,13,0,13,14,0,0,15,18,0,14,15,15,17,18,15,16,17],"vertices":[1,17,66.17,48.12,1,2,17,141.72,19.74,0.93253,18,-16.22,11.25,0.06747,2,17,148.04,15.6,0.72608,18,-9.26,14.17,0.27392,2,17,155.35,10.82,0.36889,18,-1.2,17.55,0.63111,1,18,99.77,17.4,1,2,18,113.12,17.23,0.80122,19,4.71,18.98,0.19878,2,18,163.72,30.8,0.01344,19,53.62,37.79,0.98656,1,19,84.62,-18.63,1,1,19,30.66,-48.28,1,2,18,103.37,-21.75,0.08926,19,-0.9,-20.8,0.91074,2,18,95.39,-18.04,0.44665,19,-9.22,-17.94,0.55335,2,17,138.51,-23.52,0.20763,18,17.84,-15.61,0.79237,2,17,132.46,-19.14,0.50551,18,10.82,-18.17,0.49449,2,17,126.36,-14.72,0.85753,18,3.74,-20.76,0.14247,2,15,104.91,-67.44,0.0551,17,61.86,-39.86,0.9449,2,15,90.28,-32.26,0.84065,17,24,-35.59,0.15935,1,15,89.79,32.29,1,1,15,102.55,31.35,1,2,15,149.05,27.94,0.37,17,-0.13,45,0.63,2,17,140.87,-0.09,0.56873,18,-0.26,-0.55,0.43127,1,19,-0.28,-0.2,1],"hull":19,"edges":[38,26,22,38,38,2,2,4,4,38,4,6,38,6,26,24,24,22,24,38,22,20,20,40,40,18,18,20,40,8,8,10,10,40,8,6,14,16,18,16,12,14,10,12,26,28,2,0,0,28,0,36,36,30,30,28,30,32,32,34,34,36],"width":116,"height":306}},"Layer 3":{"Layer 3":{"x":26.12,"y":0.14,"rotation":89.12,"width":104,"height":66}},"Layer 4":{"Layer 4":{"x":27.08,"y":7.04,"rotation":88.89,"width":48,"height":45}},"Layer 5":{"Layer 5":{"x":74.79,"y":-48.68,"rotation":159.76,"width":286,"height":318}},"Layer 6":{"Layer 6":{"x":-2.3,"y":2.13,"rotation":84.17,"width":68,"height":71}},"Layer 7":{"Layer 7":{"type":"mesh","uvs":[1,0.14177,0.88868,0.45247,0.83705,0.48487,0.81903,0.51512,0.66161,0.73765,0.62718,0.7735,0.8168,0.90141,0.80719,1,0,1,0,0.63509,0.56552,0.71375,0.60396,0.67146,0.72452,0.48005,0.75175,0.41386,0.71651,0.17394,0.88468,0,1,0,0.79739,0.45247,0.61196,0.72294],"triangles":[8,5,7,8,10,5,10,18,5,7,5,6,8,9,10,5,18,4,12,3,4,12,4,11,12,17,3,10,11,18,11,4,18,3,17,2,12,13,17,2,17,1,17,13,1,0,1,14,14,1,13,0,14,15,15,16,0],"vertices":[2,16,60.73,22.04,0.95507,24,1.28,54.73,0.04493,3,16,136.54,106.59,0.00106,24,112.97,34.22,0.91549,25,-23.04,26.69,0.08345,3,16,159.08,110.21,5.5E-4,24,127.83,16.89,0.48742,25,-1.95,17.95,0.51203,2,24,139.28,12.17,0.02049,25,10.4,18.91,0.97951,2,25,107.29,18.48,0.90751,26,-10.63,17.91,0.09249,2,25,125.11,15.67,0.16023,26,7.31,16.11,0.83977,1,26,-9.9,99.7,1,1,26,17.33,119.26,1,1,26,227.22,-113.2,1,1,26,135.67,-195.85,1,2,25,124.37,-15.63,0.10454,26,8.36,-15.18,0.89546,2,25,103.89,-12.97,0.96246,26,-12.25,-13.69,0.03754,2,24,135.28,-26.16,0.04572,25,24.16,-17.09,0.95428,2,24,111.2,-20.46,0.71831,25,0.11,-22.88,0.28169,1,24,34.7,-50.63,1,2,16,86.89,-38.07,0.57893,24,-36.33,1.03,0.42107,1,16,44.72,-23.12,1,2,24,120.3,-0.43,0.58583,25,-0.83,-0.91,0.41417,2,25,115.5,0.36,0.6131,26,-1.41,0.28,0.3869],"hull":17,"edges":[0,32,0,2,2,34,34,6,34,26,26,24,24,34,26,28,30,32,28,30,6,8,8,36,36,10,10,8,36,20,20,22,22,36,22,24,10,12,14,16,12,14,16,18,20,18,2,4,4,6,34,4],"width":388,"height":338}},"Layer 8":{"Layer 8":{"x":36.75,"y":-14.03,"rotation":94.12,"width":94,"height":91}},"Leg_R":{"Leg_R":{"type":"mesh","uvs":[0.91746,0.23329,0.96936,0.6075,0.98274,0.74955,1,0.93287,0.87752,0.94342,0.86528,0.88719,0.79872,0.89832,0.75511,0.94517,0.5432,1,0.3833,1,0.37336,0.84561,0.38518,0.84173,0.59139,0.77415,0.62582,0.76888,0.7531,0.68101,0.77082,0.65217,0.69629,0.32372,0.68335,0.28716,0.66865,0.2456,0.60033,0,0.87999,0,0.80084,0.27331,0.925,0.29678,0.86719,0.66186,0.97159,0.65098,0.5409,0.86376,0.69774,0.86786],"triangles":[25,11,12,12,13,26,9,10,11,9,11,25,25,12,26,8,25,26,8,26,7,9,25,8,14,15,23,26,13,14,2,5,14,2,14,23,6,26,14,5,6,14,5,2,3,4,5,3,7,26,6,16,17,21,22,16,21,0,1,22,2,24,1,16,1,15,1,16,22,23,15,1,24,23,1,23,24,2,17,18,21,21,0,22,18,19,20,21,18,20,0,21,20],"vertices":[2,4,146.92,27.98,0.73046,5,-6.2,28.45,0.26954,2,5,96.3,21.51,0.97793,3,-23.23,7.23,0.02207,2,5,134.98,17.57,0.55097,3,7.11,31.55,0.44903,1,3,46.26,62.93,1,1,3,63.17,43.49,1,2,3,51.98,32.67,0.99803,6,-32.14,19.11,0.00197,2,3,62.38,22.94,0.86804,6,-17.98,17.54,0.13196,2,3,78.08,22.7,0.38413,6,-5.25,26.74,0.61587,1,6,41.5,26.73,1,1,6,73.16,16.03,1,1,6,61.63,-24.56,1,1,6,58.95,-24.78,1,2,3,59.08,-31.97,0.14939,6,12.21,-28.45,0.85061,2,3,53.81,-26.86,0.33889,6,4.93,-27.51,0.66111,3,5,108.26,-26.47,0.12843,3,18.96,-18.59,0.86228,6,-27.95,-41.72,0.00929,3,5,101.15,-21.47,0.45974,3,10.37,-20.01,0.53988,6,-33.98,-47.99,3.9E-4,3,4,166.55,-20.62,0.36688,5,10.14,-21.34,0.63301,6,-47.94,-137.92,1.1E-4,2,4,156.34,-22.24,0.53027,5,-0.16,-22.28,0.46973,2,4,144.73,-24.09,0.74672,5,-11.86,-23.35,0.25328,1,4,76.54,-31.14,1,1,4,82.76,26.97,1,2,4,155.19,2.58,0.57527,5,0.35,2.56,0.42473,2,4,164.33,27.7,0.25121,5,11.14,27.01,0.74879,2,5,107.23,-2.09,0.60408,3,1.12,-1.92,0.39592,2,5,108.07,19.92,0.72807,3,-13.72,14.35,0.27193,1,6,30.04,-8.66,1,2,3,67.52,0.85,0.28356,6,-0.65,2.9,0.71644],"hull":21,"edges":[42,0,0,44,42,44,42,36,32,42,36,38,38,40,0,40,30,46,46,28,28,30,46,2,46,48,48,2,2,44,28,26,26,52,52,24,20,18,24,22,22,20,22,50,16,18,50,16,52,14,14,16,52,12,12,14,12,10,10,8,8,6,32,30,0,2,24,26,2,4,4,6,32,34,34,36],"width":209,"height":273}},"Leg_R2":{"Leg_L_new":{"type":"mesh","uvs":[0.91746,0.23329,0.96936,0.6075,0.98274,0.74955,1,0.93287,0.87752,0.94342,0.86528,0.88719,0.79872,0.89832,0.73392,0.96804,0.55221,0.99999,0.3833,1,0.38518,0.84173,0.59139,0.77415,0.62244,0.76265,0.7531,0.68101,0.76007,0.65,0.69629,0.32372,0.68335,0.28716,0.66865,0.2456,0.60033,0,0.87999,0,0.80084,0.27331,0.925,0.29678,0.86719,0.66186,0.97159,0.65098,0.5409,0.86376,0.69774,0.86786],"triangles":[9,24,8,9,10,24,8,25,7,25,24,11,25,8,24,11,12,25,24,10,11,7,25,6,4,5,3,5,2,3,5,6,13,6,25,13,2,13,22,2,5,13,25,12,13,13,14,22,22,23,2,23,22,1,22,14,1,2,23,1,1,15,21,21,15,20,15,1,14,15,16,20,0,1,21,20,0,21,16,17,20,0,20,19,20,17,19,17,18,19],"vertices":[2,8,146.17,28.12,0.73046,9,-6.95,28.65,0.26954,2,9,95.55,21.71,0.97793,7,-23.93,6.91,0.02207,2,9,134.24,17.77,0.55097,7,6.41,31.23,0.44903,1,7,45.56,62.62,1,1,7,62.46,43.18,1,2,7,51.28,32.36,0.99803,10,-32.51,18.44,0.00197,2,7,61.68,22.63,0.86804,10,-18.36,16.86,0.13196,2,7,85.04,22.29,0.38413,10,0.57,30.56,0.61587,1,10,39.34,26.66,1,1,10,72.78,15.36,1,1,10,58.57,-25.45,1,2,7,58.37,-32.29,0.14939,10,11.84,-29.12,0.85061,2,7,52.1,-28.73,0.33889,10,4.68,-30.02,0.66111,3,9,107.52,-26.28,0.12843,7,18.25,-18.9,0.86228,10,-28.32,-42.39,0.00929,3,9,99.48,-23.39,0.45974,7,10.29,-22.55,0.53988,10,-32.52,-50.08,3.9E-4,3,8,165.79,-20.47,0.36688,9,9.4,-21.14,0.63301,10,-48.31,-138.6,1.1E-4,2,8,155.58,-22.09,0.53027,9,-0.9,-22.08,0.46973,2,8,143.97,-23.94,0.74672,9,-12.61,-23.15,0.25328,1,8,75.78,-30.99,1,1,8,82.01,27.12,1,2,8,154.44,2.73,0.57527,9,-0.39,2.76,0.42473,2,8,163.57,27.84,0.25121,9,10.4,27.21,0.74879,2,9,106.49,-1.89,0.60408,7,0.41,-2.24,0.39592,2,9,107.33,20.12,0.72807,7,-14.42,14.04,0.27193,1,10,29.67,-9.33,1,2,7,66.82,0.53,0.28356,10,-1.03,2.23,0.71644],"hull":20,"edges":[40,0,0,42,40,42,40,34,30,40,34,36,36,38,0,38,28,44,44,26,26,28,44,2,44,46,46,2,2,42,26,24,24,50,50,22,22,20,20,48,16,18,48,16,50,14,14,16,50,12,12,14,12,10,10,8,8,6,30,28,0,2,22,24,2,4,4,6,30,32,32,34,20,18],"width":209,"height":273}},"Pupils":{"Pupils":{"x":114.32,"y":-91.62,"rotation":159.76,"width":152,"height":47}},"weapon":{"weapon":{"type":"mesh","uvs":[0.4303,0.04974,0.5489,0.15653,0.6562,0.23419,0.77339,0.35069,0.88916,0.43483,0.97811,0.49308,1,0.65974,0.82139,1,0.70138,1,0.60114,0.9251,0.36676,0.72446,0.23122,0.5934,0.12251,0.47852,0.05191,0.33451,0,0.18403,0,0,0.23828,0,0.47689,0.81345],"triangles":[7,8,6,8,9,4,10,17,9,8,5,6,4,9,17,5,8,4,4,17,3,17,10,3,10,2,3,10,1,2,10,11,1,1,12,0,1,11,12,0,13,16,0,12,13,13,14,16,14,15,16],"vertices":[4,20,68.35,64.15,0.58875,21,-15.3,63.92,0.40135,22,-83.25,69.45,0.00987,23,-147.33,71.07,3.0E-5,4,20,107.39,62.83,0.24463,21,23.76,63.2,0.67787,22,-44.31,66.32,0.07357,23,-108.42,67.66,0.00393,4,20,140.18,65.09,0.05315,21,56.51,65.96,0.6281,22,-11.45,67.07,0.27838,23,-75.55,68.16,0.04037,4,20,180.22,61.78,0.00497,21,96.6,63.26,0.3426,22,28.4,61.92,0.50166,23,-35.74,62.71,0.15078,3,21,131.99,66.18,0.09166,22,63.9,62.66,0.57254,23,-0.24,63.18,0.3358,3,21,158.3,69.57,0.01227,22,90.38,64.43,0.46281,23,26.25,64.76,0.52492,3,21,185.54,42.95,0.0013,22,115.93,36.19,0.33603,23,51.59,36.32,0.66267,3,21,195.02,-46.29,0.00156,22,119.92,-53.46,0.10691,23,54.91,-53.36,0.89153,3,21,170.23,-65.04,0.01527,22,94.02,-70.65,0.17946,23,28.88,-70.35,0.80527,3,21,139.31,-67.19,0.23621,22,63.03,-70.91,0.22885,23,-2.11,-70.38,0.53494,4,20,145.17,-68.59,0.02494,21,63.54,-67.63,0.54812,22,-12.63,-66.7,0.11117,23,-77.73,-65.6,0.31576,4,20,99.35,-65.44,0.20193,21,17.67,-65.18,0.72138,22,-58.25,-61.44,0.03264,23,-123.32,-60,0.04406,4,20,61.29,-61.13,0.54159,21,-20.44,-61.45,0.45432,22,-96.07,-55.38,1.2E-4,23,-161.09,-53.65,0.00397,2,20,27.31,-45.68,0.89033,21,-54.66,-46.52,0.10967,2,20,-3.63,-26.19,0.99683,21,-85.89,-27.5,0.00317,1,20,-28.21,7.37,1,2,20,21.58,43.83,0.88562,21,-61.75,42.9,0.11438,3,21,98.42,-66.47,0.35141,22,22.26,-67.68,0.25755,23,-42.85,-66.84,0.39104],"hull":17,"edges":[12,14,14,16,16,10,10,12,10,8,8,18,18,16,18,34,34,6,6,8,6,4,4,20,20,34,20,22,22,2,2,4,2,0,0,24,24,22,24,26,30,32,26,32,32,0,28,30,26,28,18,20],"width":259,"height":226}}}}],"animations":{"Attack":{"bones":{"eye_R":{"translate":[{"x":-11.88,"y":-31.03,"curve":"stepped"},{"time":0.0667,"x":-11.88,"y":-31.03},{"time":0.1667,"curve":"stepped"},{"time":0.2333},{"time":0.3667,"x":-11.88,"y":-31.03}],"scale":[{"x":0.568,"curve":"stepped"},{"time":0.0667,"x":0.568},{"time":0.1667,"curve":"stepped"},{"time":0.2333},{"time":0.3667,"x":0.568}]},"eye_L":{"translate":[{"x":-11.88,"y":-31.03,"curve":"stepped"},{"time":0.0667,"x":-11.88,"y":-31.03},{"time":0.1667,"curve":"stepped"},{"time":0.2333},{"time":0.3667,"x":-11.88,"y":-31.03}],"scale":[{"x":0.568,"curve":"stepped"},{"time":0.0667,"x":0.568},{"time":0.1667,"curve":"stepped"},{"time":0.2333},{"time":0.3667,"x":0.568}]},"HIP_Y":{"translate":[{"x":9.89,"curve":[0.056,9.89,0.411,9.89,0.056,0,0.411,-11.42]},{"time":0.4667,"x":9.89,"y":-11.42,"curve":[0.522,9.89,0.611,9.89,0.522,-11.42,0.611,-9.15]},{"time":0.6667,"x":9.89,"y":-8.02,"curve":[0.722,9.89,0.911,9.89,0.722,-6.89,0.911,0]},{"time":0.9667,"x":9.89}]},"HIP_X":{"translate":[{"y":-2.31,"curve":[0.056,0,0.478,-38.78,0.056,-2.31,0.478,-2.31]},{"time":0.5333,"x":-38.78,"y":-2.31,"curve":[0.589,-38.78,0.678,33.62,0.589,-2.31,0.678,-2.31]},{"time":0.7333,"x":33.62,"y":-2.31,"curve":[0.789,33.62,0.978,0,0.789,-2.31,0.978,-2.31]},{"time":1.0333,"y":-2.31}]},"HIP_X2":{"rotate":[{"value":-9.42,"curve":[0.056,-9.42,0.411,-16.96]},{"time":0.4667,"value":-16.96,"curve":[0.522,-16.96,0.611,-9.42]},{"time":0.6667,"value":-9.42}]},"HIP_X3":{"rotate":[{"value":19.33,"curve":[0.056,19.33,0.311,25.49]},{"time":0.3667,"value":25.49,"curve":[0.422,25.49,0.511,19.33]},{"time":0.5667,"value":19.33}]},"HIP_X4":{"rotate":[{"value":-8.54,"curve":[0.056,-8.54,0.411,-14.47]},{"time":0.4667,"value":-14.47,"curve":[0.522,-14.47,0.611,-8.54]},{"time":0.6667,"value":-8.54}]},"HIP_X5":{"rotate":[{"value":17.05,"curve":[0.056,17.05,0.311,19.23]},{"time":0.3667,"value":19.23,"curve":[0.422,19.23,0.511,17.05]},{"time":0.5667,"value":17.05}]},"Skirt_R":{"rotate":[{"value":2.08,"curve":[0.067,2.08,0.133,-2.03]},{"time":0.2,"value":-2.03,"curve":[0.311,-2.03,0.422,11.62]},{"time":0.5333,"value":11.62,"curve":[0.6,11.62,0.667,-12.7]},{"time":0.7333,"value":-12.7,"curve":[0.8,-12.7,0.867,13.13]},{"time":0.9333,"value":13.13,"curve":[1,13.13,1.067,2.08]},{"time":1.1333,"value":2.08}],"translate":[{"y":-0.05,"curve":[0.056,0,0.111,0,0.056,-0.05,0.111,3.25]},{"time":0.1667,"y":3.25,"curve":[0.278,0,0.389,0,0.278,3.25,0.389,-8.42]},{"time":0.5,"y":-9.16,"curve":[0.567,0,0.633,-23.23,0.567,-9.61,0.633,-9.61]},{"time":0.7,"x":-23.23,"y":-9.61,"curve":[0.767,-23.23,0.833,0,0.767,-9.61,0.833,-0.05]},{"time":0.9,"y":-0.05}]},"Skirt_L":{"rotate":[{"value":-1.81,"curve":[0.056,-1.81,0.156,0.39]},{"time":0.2,"value":0.39,"curve":[0.256,0.39,0.489,-10.87]},{"time":0.5333,"value":-10.87,"curve":[0.589,-10.87,0.678,-31.59]},{"time":0.7333,"value":-31.59,"curve":[0.789,-31.59,0.878,11.49]},{"time":0.9333,"value":11.49,"curve":[1,11.49,1.078,-1.81]},{"time":1.1333,"value":-1.81}],"translate":[{"y":-0.05,"curve":[0.056,0,0.122,0,0.056,-0.05,0.122,3.25]},{"time":0.1667,"y":3.25,"curve":[0.222,0,0.456,0,0.222,3.25,0.456,-9.16]},{"time":0.5,"y":-9.16,"curve":[0.534,0,0.667,-25.93,0.534,-9.16,0.667,-22.72]},{"time":0.7,"x":-35.7,"y":-35.58,"curve":[0.723,-42.12,0.844,0,0.723,-44.04,0.844,-0.05]},{"time":0.9,"y":-0.05}]},"Body_1":{"rotate":[{"value":-1.46,"curve":[0.056,-1.46,0.411,-13.75]},{"time":0.4667,"value":-13.75,"curve":[0.522,-13.75,0.611,12.79]},{"time":0.6667,"value":12.79,"curve":[0.722,12.79,0.911,-1.46]},{"time":0.9667,"value":-1.46}]},"Chest":{"rotate":[{"value":-1.27,"curve":[0.048,-1.27,0.412,-10.18]},{"time":0.5,"value":-12.63,"curve":[0.508,-12.84,0.57,-22.22]},{"time":0.6,"value":-21.28,"curve":[0.626,-20.5,0.652,-9.51]},{"time":0.6667,"value":-8.36,"curve":[0.689,-6.71,0.711,-4.98]},{"time":0.7333,"value":-3.92,"curve":[0.789,-1.27,0.978,-1.27]},{"time":1.0333,"value":-1.27}],"translate":[{"time":0.5333,"curve":[0.589,0,0.678,-6.23,0.589,0,0.678,-16.3]},{"time":0.7333,"x":-6.23,"y":-16.3,"curve":[0.789,-6.23,0.978,0,0.789,-16.3,0.978,0]},{"time":1.0333}]},"Scapula_L":{"rotate":[{"curve":[0.056,0,0.378,10.1]},{"time":0.4333,"value":10.1,"curve":[0.489,10.1,0.578,-8.08]},{"time":0.6333,"value":-8.08,"curve":[0.689,-8.08,0.878,0]},{"time":0.9333}],"translate":[{"curve":[0.056,0,0.378,5,0.056,0,0.378,0]},{"time":0.4333,"x":5,"y":2.8,"curve":[0.489,5,0.578,5,0.489,5.59,0.578,31.5]},{"time":0.6333,"x":4.76,"y":31.5,"curve":[0.689,4.53,0.878,0,0.689,31.5,0.878,0]},{"time":0.9333}]},"Arm_L_1":{"rotate":[{"value":1.29,"curve":[0.056,1.29,0.067,10.49]},{"time":0.1,"value":10.49,"curve":[0.131,10.49,0.171,-51.84]},{"time":0.2667,"value":-106.38,"curve":[0.341,-148.08,0.476,-185.48]},{"time":0.5,"value":-185.48,"curve":[0.556,-185.48,0.611,-95.57]},{"time":0.6667,"value":-50.61,"curve":[0.722,-5.65,0.911,1.29]},{"time":0.9667,"value":1.29}]},"Arm_L_2":{"rotate":[{"value":1.18,"curve":[0.056,1.18,0.067,10.38]},{"time":0.1,"value":10.38,"curve":[0.129,10.38,0.167,-41.34]},{"time":0.2667,"value":-90.13,"curve":[0.356,-133.4,0.507,-174.4]},{"time":0.5333,"value":-174.4,"curve":[0.545,-174.4,0.556,-169.93]},{"time":0.5667,"value":-162.59,"curve":[0.589,-147.93,0.611,-79.03]},{"time":0.6333,"value":-52.95,"curve":[0.656,-27.22,0.678,-22.83]},{"time":0.7,"value":-10,"curve":[0.756,22.34,0.944,1.18]},{"time":1,"value":1.18}]},"Arm_L_3":{"rotate":[{"value":-1,"curve":[0.056,-1,0.067,8.2]},{"time":0.1,"value":8.2,"curve":[0.126,8.2,0.162,-33.7]},{"time":0.2667,"value":-78.02,"curve":[0.384,-126.68,0.571,-178.17]},{"time":0.6,"value":-178.17,"curve":[0.622,-178.17,0.645,-76.59]},{"time":0.6667,"value":-56.05,"curve":[0.7,-25.66,0.767,-8.67]},{"time":0.8,"value":16.95,"curve":[0.856,59.88,0.978,-1]},{"time":1.0333,"value":-1}],"translate":[{"time":0.5,"curve":[0.533,0,0.558,4,0.533,0,0.558,-24.04]},{"time":0.5667,"x":4,"y":-24.04,"curve":[0.578,4,0.589,2.71,0.578,-24.04,0.589,-51.36]},{"time":0.6,"x":2.45,"y":-49.78,"curve":[0.645,1.42,0.622,0,0.645,-43.57,0.622,0]},{"time":0.6667}]},"Scapula_L5":{"rotate":[{"time":0.1333,"curve":[0.143,0,0.206,-45.05]},{"time":0.2667,"value":-65.55,"curve":[0.307,-79.22,0.387,-99.3]},{"time":0.4,"value":-110.58,"curve":[0.434,-139.12,0.476,-170.64]},{"time":0.5,"value":-146.28,"curve":[0.506,-140.17,0.532,-150.22]},{"time":0.5667,"value":-133.53,"curve":[0.587,-124.22,0.61,-119.84]},{"time":0.6333,"value":-107.81,"curve":[0.726,-62.57,0.735,0]},{"time":0.7667}],"translate":[{"time":0.1333,"curve":[0.142,0,0.21,8.68,0.142,0,0.21,49.74]},{"time":0.2667,"x":21.72,"y":11.1,"curve":[0.282,25.28,0.344,31.65,0.282,0.54,0.344,71.13]},{"time":0.4,"x":12.44,"y":106.85,"curve":[0.445,-2.46,0.486,-43.97,0.445,134.55,0.486,129.65]},{"time":0.5,"x":-42.78,"y":123.63,"curve":[0.506,-42.29,0.532,-31.08,0.506,121.15,0.532,137.96]},{"time":0.5667,"x":-26.37,"y":124.21,"curve":[0.587,-23.75,0.61,-39.72,0.587,116.54,0.61,147.66]},{"time":0.6333,"x":-37.11,"y":136.76,"curve":[0.646,-35.77,0.657,-89.54,0.646,131.16,0.657,125.12]},{"time":0.6667,"x":-88.04,"y":118.75,"curve":[0.68,-86.02,0.691,-102.66,0.68,110.16,0.691,92.14]},{"time":0.7,"x":-96.62,"y":83.19,"curve":[0.714,-87.2,0.725,-73.03,0.714,69.21,0.725,49.24]},{"time":0.7333,"x":-56.95,"y":39.94,"curve":[0.745,-35.06,0.754,-11.77,0.745,27.29,0.754,27.7]},{"time":0.7667,"x":-11.77,"y":27.7},{"time":0.8,"x":-7.04,"y":17.57},{"time":0.8333}]},"Scapula_L6":{"rotate":[{"time":0.1333,"curve":[0.143,0,0.206,18.32]},{"time":0.2667,"value":23.9,"curve":[0.307,27.61,0.346,19.36]},{"time":0.3667,"value":19.36,"curve":[0.397,19.36,0.467,0]},{"time":0.5,"curve":[0.506,0,0.532,-23.01]},{"time":0.5667,"value":-23.01,"curve":[0.587,-23.01,0.61,-28.42]},{"time":0.6333,"value":-26.82,"curve":[0.726,-20.79,0.735,0]},{"time":0.7667}],"translate":[{"time":0.5,"curve":[0.506,0,0.532,10.21,0.506,0,0.532,-11.52]},{"time":0.5667,"x":10.21,"y":-11.52,"curve":[0.587,10.21,0.61,29,0.587,-11.52,0.61,-30.7]},{"time":0.6333,"x":28.29,"y":-29.89,"curve":[0.646,27.92,0.657,26.99,0.646,-29.48,0.657,-28.48]},{"time":0.6667,"x":25.9,"y":-27.31,"curve":[0.68,24.41,0.691,22.36,0.68,-25.72,0.691,-23.54]},{"time":0.7,"x":20.08,"y":-21.14,"curve":[0.714,16.53,0.725,12.42,0.714,-17.39,0.725,-13.05]},{"time":0.7333,"x":8.82,"y":-9.27,"curve":[0.745,3.92,0.754,0,0.745,-4.11,0.754,0]},{"time":0.7667}]},"Scapula_L7":{"rotate":[{"time":0.1333,"curve":[0.143,0,0.206,18.32]},{"time":0.2667,"value":23.9,"curve":[0.307,27.61,0.346,19.36]},{"time":0.3667,"value":19.36,"curve":[0.397,19.36,0.467,0]},{"time":0.5,"curve":[0.506,0,0.532,-23.01]},{"time":0.5667,"value":-23.01,"curve":[0.587,-23.01,0.61,-34.28]},{"time":0.6333,"value":-32.68,"curve":[0.726,-26.65,0.735,0]},{"time":0.7667}],"translate":[{"time":0.5,"curve":[0.506,0,0.532,22.71,0.506,0,0.532,-2.72]},{"time":0.5667,"x":22.71,"y":-2.72,"curve":[0.587,22.71,0.61,46.75,0.587,-2.72,0.61,-31.82]},{"time":0.6333,"x":45.17,"y":-31.63,"curve":[0.646,44.35,0.657,42.72,0.646,-31.53,0.657,-30.7]},{"time":0.6667,"x":40.85,"y":-29.63,"curve":[0.68,38.32,0.691,34.98,0.68,-28.19,0.691,-25.97]},{"time":0.7,"x":31.34,"y":-23.44,"curve":[0.714,25.66,0.725,19.21,0.714,-19.49,0.725,-14.72]},{"time":0.7333,"x":13.62,"y":-10.48,"curve":[0.745,6,0.754,0,0.745,-4.72,0.754,0]},{"time":0.7667}]},"Scapula_L8":{"rotate":[{"time":0.1333,"curve":[0.143,0,0.206,18.32]},{"time":0.2667,"value":23.9,"curve":[0.307,27.61,0.346,19.36]},{"time":0.3667,"value":19.36,"curve":[0.397,19.36,0.467,0]},{"time":0.5,"curve":[0.506,0,0.532,-29.9]},{"time":0.5667,"value":-29.9,"curve":[0.587,-29.9,0.61,-41.73]},{"time":0.6333,"value":-39.65,"curve":[0.726,-31.81,0.735,0]},{"time":0.7667}],"translate":[{"time":0.5,"curve":[0.506,0,0.532,24.14,0.506,0,0.532,-13.81]},{"time":0.5667,"x":24.14,"y":-13.81,"curve":[0.587,24.14,0.61,64.55,0.587,-13.81,0.61,-42.75]},{"time":0.6333,"x":62.87,"y":-41.79,"curve":[0.646,62,0.657,59.9,0.646,-41.3,0.657,-39.95]},{"time":0.6667,"x":57.44,"y":-38.35,"curve":[0.68,54.11,0.691,49.52,0.68,-36.2,0.691,-33.17]},{"time":0.7,"x":44.47,"y":-29.81,"curve":[0.714,36.58,0.725,27.46,0.714,-24.57,0.725,-18.46]},{"time":0.7333,"x":19.49,"y":-13.12,"curve":[0.745,8.65,0.754,0,0.745,-5.84,0.754,0]},{"time":0.7667}]},"Arm_R_1":{"rotate":[{"value":-1.65,"curve":[0.056,-1.65,0.167,2.57]},{"time":0.2,"value":2.57,"curve":[0.256,2.57,0.411,-29.63]},{"time":0.4667,"value":-29.63,"curve":[0.522,-29.63,0.611,17.9]},{"time":0.6667,"value":17.9,"curve":[0.722,17.9,0.911,-1.65]},{"time":0.9667,"value":-1.65}],"translate":[{"time":0.4667,"curve":[0.522,0,0.611,-28.34,0.522,0,0.611,17.3]},{"time":0.6667,"x":-28.34,"y":17.3,"curve":[0.722,-28.34,0.911,0,0.722,17.3,0.911,0]},{"time":0.9667}]},"Arm_R_2":{"rotate":[{"value":1.74,"curve":[0.056,1.74,0.167,5.96]},{"time":0.2,"value":5.96,"curve":[0.256,5.96,0.444,-56.96]},{"time":0.5,"value":-56.96,"curve":[0.556,-56.96,0.644,30.62]},{"time":0.7,"value":30.62,"curve":[0.756,30.62,0.944,1.74]},{"time":1,"value":1.74}]},"Arm_R_3":{"rotate":[{"value":4.84,"curve":[0.056,4.84,0.167,9.06]},{"time":0.2,"value":9.06,"curve":[0.256,9.06,0.478,-85.87]},{"time":0.5333,"value":-85.87,"curve":[0.589,-85.87,0.678,17.99]},{"time":0.7333,"value":17.99,"curve":[0.789,17.99,0.978,4.84]},{"time":1.0333,"value":4.84}]},"Head":{"rotate":[{"value":-1.09,"curve":[0.178,-1.09,0.356,-20.25]},{"time":0.5333,"value":-20.25,"curve":[0.622,-20.25,0.711,-8.41]},{"time":0.8,"value":-5.22,"curve":[0.889,-2.03,0.978,-2.47]},{"time":1.0667,"value":-1.09}],"translate":[{"curve":[0.167,0,0.333,0,0.167,0,0.333,49.28]},{"time":0.5,"x":-0.68,"y":49.28,"curve":[0.567,-0.96,0.633,-15.24,0.567,49.28,0.633,27.1]},{"time":0.7,"x":-15.24,"y":20.53,"curve":[0.8,-15.24,0.9,-5.08,0.8,10.67,0.9,6.84]},{"time":1}]},"dec":{"rotate":[{"value":14.06}]}},"drawOrder":[{"offsets":[{"slot":"weapon","offset":9},{"slot":"Layer 2","offset":9}]}]},"Damage":{"bones":{"eye_R":{"translate":[{"x":-11.88,"y":-31.03},{"time":0.0667,"curve":"stepped"},{"time":0.3667},{"time":0.6667,"x":-11.88,"y":-31.03}],"scale":[{"x":0.568},{"time":0.0667,"curve":"stepped"},{"time":0.3667},{"time":0.6667,"x":0.568}]},"eye_L":{"translate":[{"x":-11.88,"y":-31.03},{"time":0.0667,"curve":"stepped"},{"time":0.3667},{"time":0.6667,"x":-11.88,"y":-31.03}],"scale":[{"x":0.568},{"time":0.0667,"curve":"stepped"},{"time":0.3667},{"time":0.6667,"x":0.568}]},"HIP_Y":{"translate":[{"x":9.89,"curve":[0.011,9.89,0.022,9.89,0.011,-0.22,0.022,-0.27]},{"time":0.0333,"x":9.89,"y":-0.67,"curve":[0.044,9.89,0.056,9.89,0.044,-1.07,0.056,-1.75]},{"time":0.0667,"x":9.89,"y":-2.4,"curve":[0.089,9.89,0.111,9.89,0.089,-3.72,0.111,-6.1]},{"time":0.1333,"x":9.89,"y":-6.6,"curve":[0.2,9.89,0.267,9.89,0.2,-8.08,0.267,-8.34]},{"time":0.3333,"x":9.89,"y":-8.34,"curve":[0.444,9.89,0.556,9.89,0.444,-8.34,0.556,-2.78]},{"time":0.6667,"x":9.89,"curve":[0.689,9.89,0.711,9.89,0.689,0.56,0.711,0.45]},{"time":0.7333,"x":9.89}]},"HIP_X":{"translate":[{"y":-2.31,"curve":[0.011,0.16,0.022,0.22,0.011,-2.31,0.022,-2.31]},{"time":0.0333,"x":0.48,"y":-2.31,"curve":[0.044,0.74,0.056,1.25,0.044,-2.31,0.056,-2.31]},{"time":0.0667,"x":1.55,"y":-2.31,"curve":[0.133,3.32,0.2,6.68,0.133,-2.31,0.2,-2.31]},{"time":0.2667,"x":6.68,"y":-2.31,"curve":[0.4,6.68,0.533,2.23,0.4,-2.31,0.533,-2.31]},{"time":0.6667,"y":-2.31,"curve":[0.689,-0.37,0.711,-0.32,0.689,-2.31,0.711,-2.31]},{"time":0.7333,"y":-2.31}]},"HIP_X2":{"rotate":[{"value":-9.42,"curve":[0.011,-9.7,0.022,-9.81]},{"time":0.0333,"value":-10.26,"curve":[0.044,-10.71,0.056,-12.13]},{"time":0.0667,"value":-12.13,"curve":[0.133,-12.13,0.2,-1.01]},{"time":0.2667,"value":-1.01,"curve":[0.4,-1.01,0.533,-6.62]},{"time":0.6667,"value":-9.42}]},"HIP_X3":{"rotate":[{"value":19.33,"curve":[0.011,19.94,0.022,20.18]},{"time":0.0333,"value":21.17,"curve":[0.044,22.17,0.056,25.28]},{"time":0.0667,"value":25.28,"curve":[0.133,25.28,0.2,3.9]},{"time":0.2667,"value":3.9,"curve":[0.4,3.9,0.533,14.19]},{"time":0.6667,"value":19.33}]},"HIP_X4":{"rotate":[{"value":-8.54,"curve":[0.011,-8.84,0.022,-8.96]},{"time":0.0333,"value":-9.45,"curve":[0.044,-9.93,0.056,-11.43]},{"time":0.0667,"value":-11.43,"curve":[0.133,-11.43,0.2,-1.01]},{"time":0.2667,"value":-1.01,"curve":[0.4,-1.01,0.533,-6.03]},{"time":0.6667,"value":-8.54}]},"HIP_X5":{"rotate":[{"value":17.05,"curve":[0.011,17.7,0.022,17.97]},{"time":0.0333,"value":19.01,"curve":[0.044,20.06,0.056,23.31]},{"time":0.0667,"value":23.31,"curve":[0.133,23.31,0.2,3.9]},{"time":0.2667,"value":3.9,"curve":[0.4,3.9,0.533,12.67]},{"time":0.6667,"value":17.05}]},"Skirt_R":{"rotate":[{"value":2.08}],"translate":[{"y":-0.05}]},"Skirt_L":{"rotate":[{"value":-1.81}],"translate":[{"y":-0.05}]},"Body_1":{"rotate":[{"value":-1.46,"curve":[0.011,-1.73,0.056,-9.43]},{"time":0.0667,"value":-9.55,"curve":[0.133,-10.22,0.2,-12.13]},{"time":0.2667,"value":-12.13,"curve":[0.4,-12.13,0.533,-2.51]},{"time":0.6667,"value":-1.46,"curve":[0.689,-1.28,0.726,-1.28]},{"time":0.7333,"value":-1.46}]},"Chest":{"rotate":[{"value":-1.27,"curve":[0.011,0.54,0.056,21.31]},{"time":0.0667,"value":21.83,"curve":[0.133,24.97,0.2,19.92]},{"time":0.2667,"value":19.92,"curve":[0.4,19.92,0.533,4.2]},{"time":0.6667,"value":-1.27,"curve":[0.689,-2.19,0.728,-2.19]},{"time":0.7333,"value":-1.27}]},"Arm_L_1":{"rotate":[{"value":1.29,"curve":[0.011,0.06,0.022,-0.19]},{"time":0.0333,"value":-2.41,"curve":[0.044,-4.63,0.056,-9.37]},{"time":0.0667,"value":-12.03,"curve":[0.078,-14.69,0.089,-17.81]},{"time":0.1,"value":-18.36,"curve":[0.167,-21.66,0.233,-28.61]},{"time":0.3,"value":-28.61,"curve":[0.422,-28.61,0.544,-7]},{"time":0.6667,"value":1.29,"curve":[0.689,2.8,0.72,2.8]},{"time":0.7333,"value":1.29}]},"Arm_L_2":{"rotate":[{"value":1.18,"curve":[0.011,3.94,0.022,9.45]},{"time":0.0333,"value":9.45,"curve":[0.067,9.45,0.1,-46.21]},{"time":0.1333,"value":-53.46,"curve":[0.2,-67.96,0.267,-67.96]},{"time":0.3333,"value":-67.96,"curve":[0.456,-67.96,0.578,-21.86]},{"time":0.7,"value":1.18,"curve":[0.7,1.18,0.722,-1.58]},{"time":0.7333,"value":1.18}]},"Arm_L_3":{"rotate":[{"value":-1,"curve":[0.011,0.61,0.022,1.55]},{"time":0.0333,"value":3.84,"curve":[0.044,6.13,0.056,12.73]},{"time":0.0667,"value":12.73,"curve":[0.111,12.73,0.156,-36.67]},{"time":0.2,"value":-46.28,"curve":[0.256,-58.29,0.311,-58.29]},{"time":0.3667,"value":-58.29,"curve":[0.489,-58.29,0.611,-18.74]},{"time":0.7333,"value":-1}]},"Arm_R_1":{"rotate":[{"value":-1.65,"curve":[0.025,-1.65,-0.068,-0.89]},{"time":0.0333,"value":0.18,"curve":[0.12,1.06,0.036,2.16]},{"time":0.0667,"value":3.19,"curve":[0.077,3.53,0.088,3.88]},{"time":0.1,"value":4.19,"curve":[0.154,5.55,0.311,6.65]},{"time":0.3667,"value":6.65,"curve":[0.501,6.65,0.596,-1.65]},{"time":0.6667,"value":-1.65}]},"Arm_R_2":{"rotate":[{"value":1.74,"curve":[0.011,3.36,0.022,4.47]},{"time":0.0333,"value":6.6,"curve":[0.044,8.73,0.056,12.78]},{"time":0.0667,"value":14.53,"curve":[0.078,16.28,0.089,16.8]},{"time":0.1,"value":17.09,"curve":[0.2,19.75,0.3,23.38]},{"time":0.4,"value":23.38,"curve":[0.5,23.38,0.6,8.95]},{"time":0.7,"value":1.74,"curve":[0.711,0.94,0.728,0.94]},{"time":0.7333,"value":1.74}]},"Arm_R_3":{"rotate":[{"value":4.84,"curve":[0.011,8.1,0.022,10.38]},{"time":0.0333,"value":14.63,"curve":[0.044,18.89,0.056,26.91]},{"time":0.0667,"value":30.36,"curve":[0.078,33.82,0.089,34.83]},{"time":0.1,"value":35.35,"curve":[0.211,40.51,0.322,47.4]},{"time":0.4333,"value":47.4,"curve":[0.533,47.4,0.633,-24.54]},{"time":0.7333,"value":4.84}]},"Head":{"rotate":[{"value":-1.09,"curve":[0.022,5.75,0.044,13.24]},{"time":0.0667,"value":13.24,"curve":[0.133,13.24,0.2,15.58]},{"time":0.2667,"value":13.33,"curve":[0.3,12.19,0.334,14.19]},{"time":0.3667,"value":13.09,"curve":[0.468,9.84,0.567,3.45]},{"time":0.6667,"value":-1.09,"curve":[0.689,-2.11,0.73,-2.11]},{"time":0.7333,"value":-1.09}],"translate":[{"curve":[0.011,-0.09,0.533,-0.65,0.011,1.28,0.533,9.11]},{"time":0.6667}]},"dec":{"rotate":[{"value":14.06}]}},"drawOrder":[{"offsets":[{"slot":"weapon","offset":8},{"slot":"Layer 2","offset":8}]}]},"Death":{"slots":{"Boom/Boom1":{"attachment":[{"time":0.1333,"name":"Boom/Boom1"},{"time":0.1667,"name":"Boom/Boom2"},{"time":0.2,"name":"Boom/Boom3"},{"time":0.2333,"name":"Boom/Boom4"},{"time":0.2667,"name":"Boom/Boom5"},{"time":0.3,"name":"Boom/Boom6"},{"time":0.3333,"name":"Boom/Boom7"},{"time":0.3667,"name":"Boom/Boom8"},{"time":0.4,"name":"Boom/Boom9"},{"time":0.4333,"name":null}]},"Eyes":{"rgba":[{"time":0.2667,"color":"ffffffff"},{"time":0.4333,"color":"ffffff00"}]},"hair":{"rgba":[{"time":0.2667,"color":"ffffffff"},{"time":0.4333,"color":"ffffff00"}]},"Layer 1":{"rgba":[{"time":0.2667,"color":"ffffffff"},{"time":0.4333,"color":"ffffff00"}]},"Layer 2":{"rgba":[{"time":0.2667,"color":"ffffffff"},{"time":0.4333,"color":"ffffff00"}]},"Layer 3":{"rgba":[{"time":0.2667,"color":"ffffffff"},{"time":0.4333,"color":"ffffff00"}]},"Layer 4":{"rgba":[{"time":0.2667,"color":"ffffffff"},{"time":0.4333,"color":"ffffff00"}]},"Layer 5":{"rgba":[{"time":0.2667,"color":"ffffffff"},{"time":0.4333,"color":"ffffff00"}]},"Layer 6":{"rgba":[{"time":0.2667,"color":"ffffffff"},{"time":0.4333,"color":"ffffff00"}]},"Layer 7":{"rgba":[{"time":0.2667,"color":"ffffffff"},{"time":0.4333,"color":"ffffff00"}]},"Layer 8":{"rgba":[{"time":0.2667,"color":"ffffffff"},{"time":0.4333,"color":"ffffff00"}]},"Leg_L":{"rgba":[{"time":0.2667,"color":"ffffffff"},{"time":0.4333,"color":"ffffff00"}]},"Leg_R":{"rgba":[{"time":0.2667,"color":"ffffffff"},{"time":0.4333,"color":"ffffff00"}]},"Leg_R2":{"rgba":[{"time":0.2667,"color":"ffffffff"},{"time":0.4333,"color":"ffffff00"}]},"Pupils":{"rgba":[{"time":0.2667,"color":"ffffffff"},{"time":0.4333,"color":"ffffff00"}]},"weapon":{"rgba":[{"time":0.2667,"color":"ffffffff"},{"time":0.4333,"color":"ffffff00"}]}},"bones":{"eye_R":{"translate":[{"x":-11.88,"y":-31.03},{"time":0.0333}],"scale":[{"x":0.568},{"time":0.0333}]},"eye_L":{"translate":[{"x":-11.88,"y":-31.03},{"time":0.0333}],"scale":[{"x":0.568},{"time":0.0333}]},"HIP_Y":{"translate":[{"x":9.89,"curve":[0.034,9.89,0.022,9.89,0.034,0,0.022,-69.44]},{"time":0.0333,"x":9.89,"y":-80.47,"curve":[0.056,9.89,0.089,9.89,0.056,-102.44,0.089,-168.95]},{"time":0.1,"x":9.89,"y":-178.61,"curve":[0.134,9.89,0.167,9.89,0.134,-207.58,0.167,-228.76]},{"time":0.2,"x":9.89,"y":-228.76,"curve":[0.267,9.89,0.333,259.19,0.267,-228.76,0.333,-228.76]},{"time":0.4,"x":259.19,"y":-228.76}]},"HIP_X":{"rotate":[{},{"time":0.0333,"value":-18.55},{"time":0.1,"value":-32.47},{"time":0.2,"value":-46.39}],"translate":[{"y":-2.31,"curve":[0.034,0,0.022,127.36,0.034,-2.31,0.022,-9.12]},{"time":0.0333,"x":140.15,"y":-9.51,"curve":[0.045,153.1,0.089,267.46,0.045,-9.92,0.089,-26.53]},{"time":0.1,"x":267.81,"y":-24.87,"curve":[0.111,268.16,0.122,315.27,0.111,-23.21,0.122,-28.22]},{"time":0.1333,"x":309.48,"y":-24.88,"curve":[0.156,297.91,0.178,228.76,0.156,-18.19,0.178,-2.31]},{"time":0.2,"x":228.76,"y":-2.31}]},"bone":{"rotate":[{},{"time":0.0333,"value":-64.05},{"time":0.1,"value":-83.91},{"time":0.2,"value":-103.78},{"time":0.3,"value":-180.42},{"time":0.4,"value":-283.87}],"translate":[{},{"time":0.0333,"x":-39.98,"y":4.86},{"time":0.1,"x":-51.32,"y":154.53},{"time":0.1333,"x":-21.81,"y":202.75},{"time":0.2,"x":90.85,"y":206.37},{"time":0.4,"x":-735.73,"y":-206.14}]},"HIP_X2":{"rotate":[{"value":-9.42},{"time":0.0333,"value":-46.62},{"time":0.1,"value":-88},{"time":0.4,"value":75.35}],"translate":[{},{"time":0.0333,"x":-25.93,"y":0.64},{"time":0.1,"x":-47.04,"y":-14.37},{"time":0.2,"x":-78.33,"y":-40.9},{"time":0.2333,"x":-121.11,"y":-198.5},{"time":0.3,"x":-360.71,"y":-697.39},{"time":0.3667,"x":-835.47,"y":-876.05},{"time":0.4,"x":-922.6,"y":-1014.12}]},"HIP_X3":{"rotate":[{"value":19.33},{"time":0.0333,"value":0.08,"curve":"stepped"},{"time":0.1,"value":0.08},{"time":0.4667,"value":27.01}]},"bone3":{"rotate":[{},{"time":0.0333,"value":-73.12},{"time":0.1,"value":-114.17},{"time":0.1333,"value":-127.86},{"time":0.2,"value":-150.54},{"time":0.3,"value":-183.67},{"time":0.3667,"value":-266.93},{"time":0.4,"value":-308.57}],"translate":[{},{"time":0.0333,"x":-29.11,"y":52.06},{"time":0.1,"x":5.72,"y":213.5},{"time":0.1333,"x":55.6,"y":255.81},{"time":0.2,"x":191.17,"y":308.77},{"time":0.2333,"x":58.14,"y":447.34},{"time":0.3,"x":-92.06,"y":756.25},{"time":0.3667,"x":-381.92,"y":898.8},{"time":0.4,"x":-573.38,"y":1074.79}]},"HIP_X4":{"rotate":[{"value":-8.54},{"time":0.0333,"value":-47.15},{"time":0.1,"value":-103.55},{"time":0.2,"value":-97.3,"curve":"stepped"},{"time":0.4,"value":-97.3},{"time":0.4667,"value":-274.87}],"translate":[{},{"time":0.0333,"x":-25.93,"y":0.64},{"time":0.1,"x":-47.04,"y":-14.37},{"time":0.2,"x":-78.33,"y":-40.9},{"time":0.2333,"x":-280.14,"y":-38.52},{"time":0.3,"x":-810.66,"y":-88.38},{"time":0.4,"x":-1732.11,"y":-76.98}]},"HIP_X5":{"rotate":[{"value":17.05},{"time":0.0333,"value":0.08},{"time":0.1,"value":34.35},{"time":0.4667,"value":12.77}]},"Skirt_R":{"rotate":[{"value":2.08,"curve":[0.033,2.08,0.022,-28.95]},{"time":0.0333,"value":-28.95}],"translate":[{"y":-0.05,"curve":[0.034,0,0.022,-52.82,0.034,-0.05,0.022,16.4]},{"time":0.0333,"x":-52.89,"y":19.28,"curve":[0.056,-53.04,0.089,-52.89,0.056,25.18,0.089,19.28]},{"time":0.1,"x":-52.89,"y":19.28}]},"Skirt_L":{"rotate":[{"value":-1.81,"curve":[0.033,-1.81,0.022,-32.84]},{"time":0.0333,"value":-32.84}],"translate":[{"y":-0.05,"curve":[0.034,0,0.022,-66.97,0.034,-0.05,0.022,-18.68]},{"time":0.0333,"x":-69.29,"y":-21.37,"curve":[0.056,-74.04,0.089,-69.29,0.056,-26.88,0.089,-21.37]},{"time":0.1,"x":-69.29,"y":-21.37}]},"Body_1":{"rotate":[{"value":-1.46,"curve":[0.034,-1.46,0.022,-7.12]},{"time":0.0333,"value":-8.53,"curve":[0.045,-9.96,0.089,-24.89]},{"time":0.1,"value":-27.27,"curve":[0.134,-34.39,0.167,-40.74]},{"time":0.2,"value":-40.74}],"translate":[{"curve":[0.034,0,0.022,2.91,0.034,0,0.022,13.68]},{"time":0.0333,"x":3.37,"y":15.85,"curve":[0.056,4.29,0.089,7.08,0.056,20.18,0.089,33.28]},{"time":0.1,"x":7.48,"y":35.18,"curve":[0.134,8.7,0.167,9.58,0.134,40.89,0.167,45.06]},{"time":0.2,"x":9.58,"y":45.06}]},"Chest":{"rotate":[{"value":-1.27,"curve":[0.034,-1.27,0.022,33.51]},{"time":0.0333,"value":36.14,"curve":[0.045,38.81,0.089,28.34]},{"time":0.1,"value":24.01,"curve":[0.134,11.01,0.167,-5.07]},{"time":0.2,"value":-5.07}]},"Arm_L_1":{"rotate":[{"value":1.29,"curve":[0.034,1.29,0.022,-50.25]},{"time":0.0333,"value":-57.98,"curve":[0.045,-65.82,0.089,-115.46]},{"time":0.1,"value":-121.09,"curve":[0.134,-137.99,0.167,-149.28]},{"time":0.2,"value":-149.28}]},"Arm_L_2":{"rotate":[{"value":1.18,"curve":[0.034,1.18,0.022,-40.77]},{"time":0.0333,"value":-46.97,"curve":[0.045,-53.26,0.089,-92.08]},{"time":0.1,"value":-96.37,"curve":[0.134,-109.25,0.167,-117.59]},{"time":0.2,"value":-117.59}]},"Arm_L_3":{"rotate":[{"value":-1,"curve":[0.034,-1,0.022,-33.78]},{"time":0.0333,"value":-38.98,"curve":[0.056,-49.35,0.089,-80.75]},{"time":0.1,"value":-85.3,"curve":[0.134,-98.98,0.167,-108.98]},{"time":0.2,"value":-108.98}]},"Scapula_L5":{"translate":[{"time":0.2333},{"time":0.4,"x":-1634.3,"y":-76.02}]},"Arm_R_1":{"rotate":[{"value":-1.65,"curve":[0.034,-1.65,0.022,-10.81]},{"time":0.0333,"value":-23.57,"curve":[0.045,-36.5,0.089,-238.82]},{"time":0.1,"value":-275.63,"curve":[0.134,-386.04,0.167,-492.36]},{"time":0.2,"value":-492.36,"curve":[0.267,-492.36,0.333,-513.83]},{"time":0.4,"value":-513.83}]},"Arm_R_2":{"rotate":[{"value":1.74,"curve":[0.034,1.74,0.022,-43.48]},{"time":0.0333,"value":-49.7,"curve":[0.045,-56.01,0.089,-89.96]},{"time":0.1,"value":-93.13,"curve":[0.134,-102.63,0.167,-107.36]},{"time":0.2,"value":-107.36}]},"Arm_R_3":{"rotate":[{"value":4.84,"curve":[0.034,4.84,0.022,-48.27]},{"time":0.0333,"value":-55.87,"curve":[0.045,-63.57,0.089,-108.46]},{"time":0.1,"value":-113.11,"curve":[0.134,-127.05,0.167,-135.31]},{"time":0.2,"value":-135.31}]},"Head":{"rotate":[{"value":-1.09,"curve":[0.034,-1.09,0.019,17.19]},{"time":0.0333,"value":15.94,"curve":[0.054,14.17,0.096,0.35]},{"time":0.1,"value":-2.6,"curve":[0.145,-38.75,0.156,-106.19]},{"time":0.2,"value":-106.19,"curve":[0.267,-106.19,0.333,-230.62]},{"time":0.4,"value":-230.62}],"translate":[{"time":0.0333},{"time":0.1,"x":-11.75,"y":6.7},{"time":0.2,"x":-29.38,"y":16.75},{"time":0.2667,"x":389.27,"y":118.64},{"time":0.3333,"x":950.03,"y":17.63},{"time":0.4,"x":1339.68,"y":54.92}]},"dec":{"rotate":[{"value":14.06,"curve":[0.017,14.06,0.009,-6.48]},{"time":0.0333,"value":-27.29,"curve":[0.059,-47.82,0.089,-75.05]},{"time":0.1,"value":-84.63,"curve":[0.134,-112.89,0.167,-168.67]},{"time":0.2,"value":-168.67,"curve":[0.222,-168.67,0.244,-135.9]},{"time":0.2667,"value":-113.95,"curve":[0.278,-102.97,0.389,-94.59]},{"time":0.4333,"value":-94.59}],"translate":[{"time":0.2},{"time":0.2667,"x":490.95,"y":-207.9},{"time":0.4333,"x":429.57,"y":1354.15}]},"Boom":{"translate":[{},{"time":0.0333,"x":-45.51,"y":-45.04},{"time":0.1,"x":-182.02,"y":-180.17},{"time":0.1333,"x":-227.53,"y":-225.21},{"time":0.4,"x":-188.39,"y":-248.15}],"scale":[{},{"time":0.0333,"x":1.191,"y":1.191},{"time":0.1,"x":1.764,"y":1.764},{"time":0.1333,"x":1.955,"y":1.955},{"time":0.4,"x":4.781,"y":4.781}]}}},"Idle":{"bones":{"eye_R":{"translate":[{"x":-11.88,"y":-31.03,"curve":"stepped"},{"time":1.3,"x":-11.88,"y":-31.03},{"time":1.4},{"time":1.4667,"x":-7.92,"y":-20.69},{"time":1.5333},{"time":1.6667,"x":-11.88,"y":-31.03}],"scale":[{"x":0.568,"curve":"stepped"},{"time":1.3,"x":0.568},{"time":1.4},{"time":1.4667,"x":0.712},{"time":1.5333},{"time":1.6667,"x":0.568}]},"eye_L":{"translate":[{"x":-11.88,"y":-31.03,"curve":"stepped"},{"time":1.3,"x":-11.88,"y":-31.03},{"time":1.4},{"time":1.5,"x":-11.88,"y":-31.03},{"time":1.5667},{"time":1.7,"x":-11.88,"y":-31.03}],"scale":[{"x":0.568,"curve":"stepped"},{"time":1.3,"x":0.568},{"time":1.4},{"time":1.5,"x":0.568},{"time":1.5667},{"time":1.7,"x":0.568}]},"HIP_Y":{"translate":[{"x":9.89,"curve":[0.079,9.31,0.156,8.85,0.079,0,0.156,0]},{"time":0.2333,"x":8.85,"curve":[0.456,8.85,0.678,12.5,0.456,0,0.678,0]},{"time":0.9,"x":12.5,"curve":[1.045,12.5,1.189,10.93,1.045,0,1.189,0]},{"time":1.3333,"x":9.89,"curve":[1.413,9.31,1.49,8.85,1.413,0,1.49,0]},{"time":1.5667,"x":8.85,"curve":[1.789,8.85,2.011,12.5,1.789,0,2.011,0]},{"time":2.2333,"x":12.5,"curve":[2.379,12.5,2.524,10.97,2.379,0,2.524,0]},{"time":2.6667,"x":9.89}]},"HIP_X":{"translate":[{"y":-2.31,"curve":[0.3,0,0.367,0,0.3,-2.31,0.367,-5.78]},{"time":0.6667,"y":-5.78,"curve":[0.967,0,1.111,0,0.967,-5.78,1.111,-2.31]},{"time":1.3333,"y":-2.31,"curve":[1.633,0,1.7,0,1.633,-2.31,1.7,-5.78]},{"time":2,"y":-5.78,"curve":[2.3,0,2.367,0,2.3,-5.78,2.367,-2.31]},{"time":2.6667,"y":-2.31}]},"HIP_X2":{"rotate":[{"value":-1.01}]},"HIP_X3":{"rotate":[{"value":3.9}]},"HIP_X4":{"rotate":[{"value":-1.01}]},"HIP_X5":{"rotate":[{"value":3.9}]},"Skirt_R":{"rotate":[{"value":2.08,"curve":[0.022,1.54,0.045,0.99]},{"time":0.0667,"value":0.45,"curve":[0.168,-1.93,0.267,-4.14]},{"time":0.3667,"value":-4.14,"curve":[0.589,-4.14,0.811,6.63]},{"time":1.0333,"value":6.63,"curve":[1.134,6.63,1.233,4.49]},{"time":1.3333,"value":2.08,"curve":[1.356,1.54,1.378,0.99]},{"time":1.4,"value":0.45,"curve":[1.501,-1.93,1.601,-4.14]},{"time":1.7,"value":-4.14,"curve":[1.922,-4.14,2.144,6.63]},{"time":2.3667,"value":6.63,"curve":[2.467,6.63,2.568,4.48]},{"time":2.6667,"value":2.08}],"translate":[{"y":-0.05,"curve":[0.09,0,0.178,0,0.09,1.47,0.178,2.77]},{"time":0.2667,"y":2.77,"curve":[0.489,0,0.711,0,0.489,2.77,0.711,-5.19]},{"time":0.9333,"y":-5.19,"curve":[1.056,0,1.179,0,1.056,-5.19,1.179,-2.8]},{"time":1.3,"y":-0.62,"curve":[1.311,0,1.322,0,1.311,-0.43,1.322,-0.24]},{"time":1.3333,"y":-0.05,"curve":[1.423,0,1.512,0,1.423,1.47,1.512,2.77]},{"time":1.6,"y":2.77,"curve":[1.822,0,2.044,0,1.822,2.77,2.044,-5.19]},{"time":2.2667,"y":-5.19,"curve":[2.39,0,2.513,0,2.39,-5.19,2.513,-2.8]},{"time":2.6333,"y":-0.62,"curve":[2.644,0,2.656,0,2.644,-0.43,2.656,-0.24]},{"time":2.6667,"y":-0.05}]},"Skirt_L":{"rotate":[{"value":-1.81,"curve":[0.022,-1.28,0.045,-0.73]},{"time":0.0667,"value":-0.19,"curve":[0.168,2.18,0.267,4.38]},{"time":0.3667,"value":4.38,"curve":[0.589,4.38,0.811,-6.35]},{"time":1.0333,"value":-6.35,"curve":[1.134,-6.35,1.233,-4.21]},{"time":1.3333,"value":-1.81,"curve":[1.356,-1.28,1.378,-0.73]},{"time":1.4,"value":-0.19,"curve":[1.501,2.18,1.601,4.38]},{"time":1.7,"value":4.38,"curve":[1.922,4.38,2.144,-6.35]},{"time":2.3667,"value":-6.35,"curve":[2.467,-6.35,2.568,-4.2]},{"time":2.6667,"value":-1.81}],"translate":[{"y":-0.05,"curve":[0.09,0,0.178,0,0.09,1.47,0.178,2.77]},{"time":0.2667,"y":2.77,"curve":[0.489,0,0.711,0,0.489,2.77,0.711,-5.19]},{"time":0.9333,"y":-5.19,"curve":[1.056,0,1.179,0,1.056,-5.19,1.179,-2.8]},{"time":1.3,"y":-0.62,"curve":[1.311,0,1.322,0,1.311,-0.43,1.322,-0.24]},{"time":1.3333,"y":-0.05,"curve":[1.423,0,1.512,0,1.423,1.47,1.512,2.77]},{"time":1.6,"y":2.77,"curve":[1.822,0,2.044,0,1.822,2.77,2.044,-5.19]},{"time":2.2667,"y":-5.19,"curve":[2.39,0,2.513,0,2.39,-5.19,2.513,-2.8]},{"time":2.6333,"y":-0.62,"curve":[2.644,0,2.656,0,2.644,-0.43,2.656,-0.24]},{"time":2.6667,"y":-0.05}]},"Body_1":{"rotate":[{"value":-1.46,"curve":[0.046,-1.56,0.09,-1.63]},{"time":0.1333,"value":-1.63,"curve":[0.356,-1.63,0.578,0]},{"time":0.8,"curve":[0.979,0,1.156,-1.07]},{"time":1.3333,"value":-1.46,"curve":[1.379,-1.56,1.423,-1.63]},{"time":1.4667,"value":-1.63,"curve":[1.689,-1.63,1.911,0]},{"time":2.1333,"curve":[2.312,0,2.49,-1.04]},{"time":2.6667,"value":-1.46}]},"Chest":{"rotate":[{"value":-1.27,"curve":[0.068,-1.48,0.134,-1.63]},{"time":0.2,"value":-1.63,"curve":[0.422,-1.63,0.644,0]},{"time":0.8667,"curve":[1.023,0,1.178,-0.82]},{"time":1.3333,"value":-1.27,"curve":[1.401,-1.48,1.467,-1.63]},{"time":1.5333,"value":-1.63,"curve":[1.756,-1.63,1.978,0]},{"time":2.2,"curve":[2.356,0,2.513,-0.8]},{"time":2.6667,"value":-1.27}]},"Arm_L_1":{"rotate":[{"value":1.29,"curve":[0.101,1.79,0.2,2.58]},{"time":0.3,"value":2.25,"curve":[0.522,1.5,0.744,0]},{"time":0.9667,"curve":[1.09,0,1.211,0.69]},{"time":1.3333,"value":1.29,"curve":[1.435,1.79,1.533,2.58]},{"time":1.6333,"value":2.25,"curve":[1.856,1.5,2.078,0]},{"time":2.3,"curve":[2.423,0,2.546,0.67]},{"time":2.6667,"value":1.29}]},"Arm_L_2":{"rotate":[{"value":1.18,"curve":[0.124,3.12,0.244,6.6]},{"time":0.3667,"value":5.29,"curve":[0.589,2.9,0.811,-1.87]},{"time":1.0333,"value":-1.87,"curve":[1.134,-1.87,1.233,-0.39]},{"time":1.3333,"value":1.18,"curve":[1.457,3.12,1.578,6.6]},{"time":1.7,"value":5.29,"curve":[1.922,2.9,2.144,-1.87]},{"time":2.3667,"value":-1.87,"curve":[2.467,-1.87,2.568,-0.43]},{"time":2.6667,"value":1.18}]},"Arm_L_3":{"rotate":[{"value":-1,"curve":[0.146,3.49,0.289,13.19]},{"time":0.4333,"value":9.89,"curve":[0.656,4.82,0.878,-5.32]},{"time":1.1,"value":-5.32,"curve":[1.179,-5.32,1.256,-3.4]},{"time":1.3333,"value":-1,"curve":[1.479,3.49,1.622,13.19]},{"time":1.7667,"value":9.89,"curve":[1.989,4.82,2.211,-5.32]},{"time":2.4333,"value":-5.32,"curve":[2.512,-5.32,2.59,-3.46]},{"time":2.6667,"value":-1}]},"Arm_R_1":{"rotate":[{"value":-1.65,"curve":[0.011,-1.74,0.022,-1.84]},{"time":0.0333,"value":-1.94,"curve":[0.124,-2.67,0.212,-3.3]},{"time":0.3,"value":-3.3,"curve":[0.522,-3.3,0.744,0.57]},{"time":0.9667,"value":0.57,"curve":[1.09,0.57,1.211,-0.62]},{"time":1.3333,"value":-1.65,"curve":[1.345,-1.74,1.356,-1.84]},{"time":1.3667,"value":-1.94,"curve":[1.457,-2.67,1.545,-3.3]},{"time":1.6333,"value":-3.3,"curve":[1.856,-3.3,2.078,0.57]},{"time":2.3,"value":0.57,"curve":[2.423,0.57,2.546,-0.59]},{"time":2.6667,"value":-1.65}]},"Arm_R_2":{"rotate":[{"value":1.74,"curve":[0.011,1.52,0.022,1.29]},{"time":0.0333,"value":1.07,"curve":[0.146,-1.1,0.256,-3.3]},{"time":0.3667,"value":-3.3,"curve":[0.589,-3.3,0.811,5.44]},{"time":1.0333,"value":5.44,"curve":[1.134,5.44,1.233,3.65]},{"time":1.3333,"value":1.74,"curve":[1.345,1.52,1.356,1.29]},{"time":1.3667,"value":1.07,"curve":[1.479,-1.1,1.59,-3.3]},{"time":1.7,"value":-3.3,"curve":[1.922,-3.3,2.144,5.44]},{"time":2.3667,"value":5.44,"curve":[2.467,5.44,2.568,3.69]},{"time":2.6667,"value":1.74}]},"Arm_R_3":{"rotate":[{"value":4.84,"curve":[0.011,4.41,0.022,3.97]},{"time":0.0333,"value":3.51,"curve":[0.168,-1.85,0.301,-8.57]},{"time":0.4333,"value":-8.57,"curve":[0.656,-8.57,0.878,10.07]},{"time":1.1,"value":10.07,"curve":[1.178,10.07,1.256,7.85]},{"time":1.3333,"value":4.84,"curve":[1.344,4.41,1.356,3.97]},{"time":1.3667,"value":3.51,"curve":[1.501,-1.85,1.634,-8.57]},{"time":1.7667,"value":-8.57,"curve":[1.989,-8.57,2.211,10.07]},{"time":2.4333,"value":10.07,"curve":[2.512,10.07,2.59,7.82]},{"time":2.6667,"value":4.84}]},"Head":{"rotate":[{"value":-1.09,"curve":[0.101,-2.49,0.201,-3.8]},{"time":0.3,"value":-3.8,"curve":[0.522,-3.8,0.744,2.55]},{"time":0.9667,"value":2.55,"curve":[1.09,2.55,1.211,0.59]},{"time":1.3333,"value":-1.09,"curve":[1.435,-2.49,1.534,-3.8]},{"time":1.6333,"value":-3.8,"curve":[1.856,-3.8,2.078,2.55]},{"time":2.3,"value":2.55,"curve":[2.423,2.55,2.546,0.64]},{"time":2.6667,"value":-1.09}]},"dec":{"rotate":[{"value":14.06,"curve":[0.168,18.4,0.333,30.81]},{"time":0.5,"value":26.97,"curve":[0.722,21.84,0.944,11.6]},{"time":1.1667,"value":11.6,"curve":[1.223,11.6,1.278,12.62]},{"time":1.3333,"value":14.06,"curve":[1.501,18.4,1.667,30.81]},{"time":1.8333,"value":26.97,"curve":[2.056,21.84,2.278,11.6]},{"time":2.5,"value":11.6,"curve":[2.556,11.6,2.613,12.58]},{"time":2.6667,"value":14.06}]}}},"Walk":{"bones":{"HIP_X4":{"translate":[{"x":0.77,"y":-9.15}]},"bone3":{"rotate":[{"value":13.93},{"time":0.2333,"value":-3.91},{"time":0.4,"curve":"stepped"},{"time":0.6},{"time":0.6667,"value":13.93},{"time":0.9,"value":-3.91},{"time":1.0667,"curve":"stepped"},{"time":1.2667},{"time":1.3333,"value":13.93},{"time":1.5667,"value":-3.91},{"time":1.7333,"curve":"stepped"},{"time":1.9333},{"time":2,"value":13.93}],"translate":[{"x":-14.26,"y":8.1},{"time":0.2,"x":-26.87,"y":10.49},{"time":0.3667,"x":-34.43},{"time":0.6,"x":-8.61},{"time":0.6667,"x":-14.26,"y":8.1},{"time":0.8667,"x":-26.87,"y":10.49},{"time":1.0333,"x":-34.43},{"time":1.2667,"x":-8.61},{"time":1.3333,"x":-14.26,"y":8.1},{"time":1.5333,"x":-26.87,"y":10.49},{"time":1.7,"x":-34.43},{"time":1.9333,"x":-8.61},{"time":2,"x":-14.26,"y":8.1}]},"bone4":{"rotate":[{"value":-13.97},{"time":0.3667,"curve":"stepped"},{"time":0.6},{"time":0.6667,"value":-13.97},{"time":1.0333,"curve":"stepped"},{"time":1.2667},{"time":1.3333,"value":-13.97},{"time":1.7,"curve":"stepped"},{"time":1.9333},{"time":2,"value":-13.97}]},"bone":{"rotate":[{"value":-1.3},{"time":0.0333,"curve":"stepped"},{"time":0.2333},{"time":0.3667,"value":13.93},{"time":0.6,"value":-3.91},{"time":0.6667,"value":-1.3},{"time":0.7,"curve":"stepped"},{"time":0.9},{"time":1.0333,"value":13.93},{"time":1.2667,"value":-3.91},{"time":1.3333,"value":-1.3},{"time":1.3667,"curve":"stepped"},{"time":1.5667},{"time":1.7,"value":13.93},{"time":1.9333,"value":-3.91},{"time":2,"value":-1.3}],"translate":[{"x":-34.43},{"time":0.2333,"x":-8.61},{"time":0.3667,"x":-14.26,"y":8.1},{"time":0.5333,"x":-26.87,"y":10.49},{"time":0.6667,"x":-34.43},{"time":0.9,"x":-8.61},{"time":1.0333,"x":-14.26,"y":8.1},{"time":1.2,"x":-26.87,"y":10.49},{"time":1.3333,"x":-34.43},{"time":1.5667,"x":-8.61},{"time":1.7,"x":-14.26,"y":8.1},{"time":1.8667,"x":-26.87,"y":10.49},{"time":2,"x":-34.43}]},"bone2":{"rotate":[{"time":0.2333},{"time":0.3667,"value":-13.97},{"time":0.6667,"curve":"stepped"},{"time":0.9},{"time":1.0333,"value":-13.97},{"time":1.3333,"curve":"stepped"},{"time":1.5667},{"time":1.7,"value":-13.97},{"time":2}]},"HIP_Y":{"translate":[{"y":3.36,"curve":[0.056,0,0.111,0,0.056,3.36,0.111,-3.98]},{"time":0.1667,"y":-3.21,"curve":[0.222,0,0.278,0,0.222,-2.43,0.278,3.36]},{"time":0.3333,"y":3.36,"curve":[0.389,0,0.444,0,0.389,3.36,0.444,-3.21]},{"time":0.5,"y":-3.21,"curve":[0.556,0,0.611,0,0.556,-3.21,0.611,3.36]},{"time":0.6667,"y":3.36,"curve":[0.722,0,0.778,0,0.722,3.36,0.778,-3.98]},{"time":0.8333,"y":-3.21,"curve":[0.889,0,0.944,0,0.889,-2.43,0.944,3.36]},{"time":1,"y":3.36,"curve":[1.056,0,1.111,0,1.056,3.36,1.111,-3.21]},{"time":1.1667,"y":-3.21,"curve":[1.222,0,1.278,0,1.222,-3.21,1.278,3.36]},{"time":1.3333,"y":3.36,"curve":[1.389,0,1.444,0,1.389,3.36,1.444,-3.98]},{"time":1.5,"y":-3.21,"curve":[1.556,0,1.611,0,1.556,-2.43,1.611,3.36]},{"time":1.6667,"y":3.36,"curve":[1.722,0,1.778,0,1.722,3.36,1.778,-3.21]},{"time":1.8333,"y":-3.21,"curve":[1.889,0,1.944,0,1.889,-3.21,1.944,3.36]},{"time":2,"y":3.36}]},"HIP_X":{"rotate":[{"value":-7.04}]},"Chest":{"rotate":[{"value":0.16,"curve":[0.014,0.07,0.02,0]},{"time":0.0333,"curve":[0.089,0,0.144,1.01]},{"time":0.2,"value":1.01},{"time":0.4,"curve":[0.456,0,0.478,1.01]},{"time":0.5333,"value":1.01,"curve":[0.575,1.01,0.622,0.45]},{"time":0.6667,"value":0.16,"curve":[0.681,0.07,0.686,0]},{"time":0.7,"curve":[0.756,0,0.811,1.01]},{"time":0.8667,"value":1.01},{"time":1.0667,"curve":[1.122,0,1.144,1.01]},{"time":1.2,"value":1.01,"curve":[1.242,1.01,1.289,0.45]},{"time":1.3333,"value":0.16,"curve":[1.348,0.07,1.353,0]},{"time":1.3667,"curve":[1.422,0,1.478,1.01]},{"time":1.5333,"value":1.01},{"time":1.7333,"curve":[1.789,0,1.811,1.01]},{"time":1.8667,"value":1.01,"curve":[1.909,1.01,1.959,0.45]},{"time":2,"value":0.16}],"translate":[{"x":-0.59,"y":0.01,"curve":[0.011,-0.24,0.022,0,0.011,0,0.022,0]},{"time":0.0333,"curve":[0.089,0,0.144,-5.68,0.089,0,0.144,0.11]},{"time":0.2,"x":-5.68,"y":0.11,"curve":[0.256,-5.68,0.311,0,0.256,0.11,0.311,0]},{"time":0.3667,"curve":[0.422,0,0.478,-5.68,0.422,0,0.478,0.11]},{"time":0.5333,"x":-5.68,"y":0.11,"curve":[0.578,-5.68,0.622,-1.96,0.578,0.11,0.622,0.04]},{"time":0.6667,"x":-0.59,"y":0.01,"curve":[0.678,-0.24,0.689,0,0.678,0,0.689,0]},{"time":0.7,"curve":[0.756,0,0.811,-5.68,0.756,0,0.811,0.11]},{"time":0.8667,"x":-5.68,"y":0.11,"curve":[0.922,-5.68,0.978,0,0.922,0.11,0.978,0]},{"time":1.0333,"curve":[1.089,0,1.144,-5.68,1.089,0,1.144,0.11]},{"time":1.2,"x":-5.68,"y":0.11,"curve":[1.245,-5.68,1.289,-1.96,1.245,0.11,1.289,0.04]},{"time":1.3333,"x":-0.59,"y":0.01,"curve":[1.345,-0.24,1.356,0,1.345,0,1.356,0]},{"time":1.3667,"curve":[1.422,0,1.478,-5.68,1.422,0,1.478,0.11]},{"time":1.5333,"x":-5.68,"y":0.11,"curve":[1.589,-5.68,1.644,0,1.589,0.11,1.644,0]},{"time":1.7,"curve":[1.756,0,1.811,-5.68,1.756,0,1.811,0.11]},{"time":1.8667,"x":-5.68,"y":0.11,"curve":[1.911,-5.68,1.956,-2.03,1.911,0.11,1.956,0.04]},{"time":2,"x":-0.59,"y":0.01}]},"Skirt_L":{"rotate":[{"value":3.21,"curve":[0.028,4.15,0.039,4.95]},{"time":0.0667,"value":4.95,"curve":[0.081,4.95,0.119,4.39]},{"time":0.1333,"value":3.66,"curve":[0.161,2.19,0.172,0]},{"time":0.2,"curve":[0.269,0,0.364,4.95]},{"time":0.4333,"value":4.95,"curve":[0.475,4.95,0.492,0]},{"time":0.5333,"curve":[0.575,0,0.622,1.73]},{"time":0.6667,"value":3.21,"curve":[0.695,4.15,0.706,4.95]},{"time":0.7333,"value":4.95,"curve":[0.747,4.95,0.786,4.39]},{"time":0.8,"value":3.66,"curve":[0.828,2.19,0.839,0]},{"time":0.8667,"curve":[0.936,0,1.031,4.95]},{"time":1.1,"value":4.95,"curve":[1.142,4.95,1.158,0]},{"time":1.2,"curve":[1.242,0,1.289,1.73]},{"time":1.3333,"value":3.21,"curve":[1.362,4.15,1.372,4.95]},{"time":1.4,"value":4.95,"curve":[1.414,4.95,1.453,4.39]},{"time":1.4667,"value":3.66,"curve":[1.494,2.19,1.506,0]},{"time":1.5333,"curve":[1.603,0,1.697,4.95]},{"time":1.7667,"value":4.95,"curve":[1.808,4.95,1.825,0]},{"time":1.8667,"curve":[1.909,0,1.959,1.78]},{"time":2,"value":3.21}],"translate":[{"x":-0.11,"y":0.85,"curve":[0.042,-0.11,0.092,0,0.042,0.85,0.092,0]},{"time":0.1333,"curve":[0.203,0,0.297,-0.11,0.203,0,0.297,0.85]},{"time":0.3667,"x":-0.11,"y":0.85,"curve":[0.408,-0.11,0.425,0,0.408,0.85,0.425,0]},{"time":0.4667,"curve":[0.536,0,0.6,-0.11,0.536,0,0.6,0.85]},{"time":0.6667,"x":-0.11,"y":0.85,"curve":[0.708,-0.11,0.758,0,0.708,0.85,0.758,0]},{"time":0.8,"curve":[0.869,0,0.964,-0.11,0.869,0,0.964,0.85]},{"time":1.0333,"x":-0.11,"y":0.85,"curve":[1.075,-0.11,1.092,0,1.075,0.85,1.092,0]},{"time":1.1333,"curve":[1.203,0,1.267,-0.11,1.203,0,1.267,0.85]},{"time":1.3333,"x":-0.11,"y":0.85,"curve":[1.375,-0.11,1.425,0,1.375,0.85,1.425,0]},{"time":1.4667,"curve":[1.536,0,1.631,-0.11,1.536,0,1.631,0.85]},{"time":1.7,"x":-0.11,"y":0.85,"curve":[1.742,-0.11,1.758,0,1.742,0.85,1.758,0]},{"time":1.8,"curve":[1.869,0,1.931,-0.11,1.869,0,1.931,0.85]},{"time":2,"x":-0.11,"y":0.85}]},"Skirt_R":{"rotate":[{"value":-3.35,"curve":[0.028,-4.33,0.039,-5.17]},{"time":0.0667,"value":-5.17,"curve":[0.081,-5.17,0.119,-4.59]},{"time":0.1333,"value":-3.82,"curve":[0.161,-2.29,0.172,0]},{"time":0.2,"curve":[0.269,0,0.364,-5.17]},{"time":0.4333,"value":-5.17,"curve":[0.475,-5.17,0.492,0]},{"time":0.5333,"curve":[0.575,0,0.622,-1.81]},{"time":0.6667,"value":-3.35,"curve":[0.695,-4.33,0.706,-5.17]},{"time":0.7333,"value":-5.17,"curve":[0.747,-5.17,0.786,-4.59]},{"time":0.8,"value":-3.82,"curve":[0.828,-2.29,0.839,0]},{"time":0.8667,"curve":[0.936,0,1.031,-5.17]},{"time":1.1,"value":-5.17,"curve":[1.142,-5.17,1.158,0]},{"time":1.2,"curve":[1.242,0,1.289,-1.81]},{"time":1.3333,"value":-3.35,"curve":[1.362,-4.33,1.372,-5.17]},{"time":1.4,"value":-5.17,"curve":[1.414,-5.17,1.453,-4.59]},{"time":1.4667,"value":-3.82,"curve":[1.494,-2.29,1.506,0]},{"time":1.5333,"curve":[1.603,0,1.697,-5.17]},{"time":1.7667,"value":-5.17,"curve":[1.808,-5.17,1.825,0]},{"time":1.8667,"curve":[1.909,0,1.959,-1.86]},{"time":2,"value":-3.35}],"translate":[{"x":-0.11,"y":0.85,"curve":[0.042,-0.11,0.092,0,0.042,0.85,0.092,0]},{"time":0.1333,"curve":[0.203,0,0.297,-0.11,0.203,0,0.297,0.85]},{"time":0.3667,"x":-0.11,"y":0.85,"curve":[0.408,-0.11,0.425,0,0.408,0.85,0.425,0]},{"time":0.4667,"curve":[0.536,0,0.6,-0.11,0.536,0,0.6,0.85]},{"time":0.6667,"x":-0.11,"y":0.85,"curve":[0.708,-0.11,0.758,0,0.708,0.85,0.758,0]},{"time":0.8,"curve":[0.869,0,0.964,-0.11,0.869,0,0.964,0.85]},{"time":1.0333,"x":-0.11,"y":0.85,"curve":[1.075,-0.11,1.092,0,1.075,0.85,1.092,0]},{"time":1.1333,"curve":[1.203,0,1.267,-0.11,1.203,0,1.267,0.85]},{"time":1.3333,"x":-0.11,"y":0.85,"curve":[1.375,-0.11,1.425,0,1.375,0.85,1.425,0]},{"time":1.4667,"curve":[1.536,0,1.631,-0.11,1.536,0,1.631,0.85]},{"time":1.7,"x":-0.11,"y":0.85,"curve":[1.742,-0.11,1.758,0,1.742,0.85,1.758,0]},{"time":1.8,"curve":[1.869,0,1.931,-0.11,1.869,0,1.931,0.85]},{"time":2,"x":-0.11,"y":0.85}]},"Head":{"rotate":[{"value":1.14,"curve":[0.023,0.52,0.045,0]},{"time":0.0667,"curve":[0.122,0,0.178,3.23]},{"time":0.2333,"value":3.23,"curve":[0.289,3.23,0.344,0]},{"time":0.4,"curve":[0.456,0,0.511,3.23]},{"time":0.5667,"value":3.23,"curve":[0.6,3.23,0.633,2.04]},{"time":0.6667,"value":1.14,"curve":[0.689,0.52,0.711,0]},{"time":0.7333,"curve":[0.789,0,0.844,3.23]},{"time":0.9,"value":3.23,"curve":[0.956,3.23,1.011,0]},{"time":1.0667,"curve":[1.122,0,1.178,3.23]},{"time":1.2333,"value":3.23,"curve":[1.267,3.23,1.3,2.04]},{"time":1.3333,"value":1.14,"curve":[1.356,0.52,1.378,0]},{"time":1.4,"curve":[1.456,0,1.511,3.23]},{"time":1.5667,"value":3.23,"curve":[1.622,3.23,1.678,0]},{"time":1.7333,"curve":[1.789,0,1.844,3.23]},{"time":1.9,"value":3.23,"curve":[1.934,3.23,1.967,2.07]},{"time":2,"value":1.14}]},"eye_L":{"translate":[{"x":-11.88,"y":-31.03,"curve":"stepped"},{"time":1.3333,"x":-11.88,"y":-31.03},{"time":1.4333},{"time":1.5333,"x":-11.88,"y":-31.03},{"time":1.6},{"time":1.7333,"x":-11.88,"y":-31.03}],"scale":[{"x":0.568,"curve":"stepped"},{"time":1.3333,"x":0.568},{"time":1.4333},{"time":1.5333,"x":0.568},{"time":1.6},{"time":1.7333,"x":0.568}]},"eye_R":{"translate":[{"x":-11.88,"y":-31.03,"curve":"stepped"},{"time":1.3333,"x":-11.88,"y":-31.03},{"time":1.4333},{"time":1.5,"x":-7.92,"y":-20.69},{"time":1.5667},{"time":1.7,"x":-11.88,"y":-31.03}],"scale":[{"x":0.568,"curve":"stepped"},{"time":1.3333,"x":0.568},{"time":1.4333},{"time":1.5,"x":0.712},{"time":1.5667},{"time":1.7,"x":0.568}]},"dec":{"rotate":[{"value":10.85,"curve":[0.045,6.75,0.089,-3.36]},{"time":0.1333,"value":-3.36,"curve":[0.189,-3.36,0.244,12.5]},{"time":0.3,"value":12.5,"curve":[0.356,12.5,0.411,-3.36]},{"time":0.4667,"value":-3.36,"curve":[0.522,-3.36,0.578,12.5]},{"time":0.6333,"value":12.5,"curve":[0.645,12.5,0.656,11.86]},{"time":0.6667,"value":10.85,"curve":[0.711,6.75,0.756,-3.36]},{"time":0.8,"value":-3.36,"curve":[0.856,-3.36,0.911,12.5]},{"time":0.9667,"value":12.5,"curve":[1.022,12.5,1.078,-3.36]},{"time":1.1333,"value":-3.36,"curve":[1.189,-3.36,1.244,12.5]},{"time":1.3,"value":12.5,"curve":[1.311,12.5,1.322,11.86]},{"time":1.3333,"value":10.85,"curve":[1.378,6.75,1.422,-3.36]},{"time":1.4667,"value":-3.36,"curve":[1.522,-3.36,1.578,12.5]},{"time":1.6333,"value":12.5,"curve":[1.689,12.5,1.744,-3.36]},{"time":1.8,"value":-3.36,"curve":[1.856,-3.36,1.911,12.5]},{"time":1.9667,"value":12.5,"curve":[1.978,12.5,1.989,11.89]},{"time":2,"value":10.85}]},"Arm_L_1":{"rotate":[{"value":-7.55,"curve":[0.011,-7.48,0.024,-7.33]},{"time":0.0333,"value":-7.44,"curve":[0.144,-8.78,0.256,-11.45]},{"time":0.3667,"value":-11.45,"curve":[0.467,-11.45,0.567,-8.2]},{"time":0.6667,"value":-7.55,"curve":[0.678,-7.48,0.691,-7.33]},{"time":0.7,"value":-7.44,"curve":[0.811,-8.78,0.922,-11.45]},{"time":1.0333,"value":-11.45,"curve":[1.133,-11.45,1.233,-8.2]},{"time":1.3333,"value":-7.55,"curve":[1.344,-7.48,1.357,-7.33]},{"time":1.3667,"value":-7.44,"curve":[1.478,-8.78,1.589,-11.45]},{"time":1.7,"value":-11.45,"curve":[1.8,-11.45,1.9,-8.2]},{"time":2,"value":-7.55}]},"Arm_L_2":{"rotate":[{"value":3.13,"curve":[0.023,4.06,0.044,6.45]},{"time":0.0667,"value":5.71,"curve":[0.178,2,0.289,-5.43]},{"time":0.4,"value":-5.43,"curve":[0.489,-5.43,0.578,-0.49]},{"time":0.6667,"value":3.13,"curve":[0.69,4.06,0.711,6.45]},{"time":0.7333,"value":5.71,"curve":[0.844,2,0.956,-5.43]},{"time":1.0667,"value":-5.43,"curve":[1.156,-5.43,1.244,-0.49]},{"time":1.3333,"value":3.13,"curve":[1.356,4.06,1.378,6.45]},{"time":1.4,"value":5.71,"curve":[1.511,2,1.622,-5.43]},{"time":1.7333,"value":-5.43,"curve":[1.823,-5.43,1.912,-0.68]},{"time":2,"value":3.13}]},"Arm_L_3":{"rotate":[{"value":1.54,"curve":[0.034,3.7,0.067,7.07]},{"time":0.1,"value":5.32,"curve":[0.211,-0.52,0.322,-12.2]},{"time":0.4333,"value":-12.2,"curve":[0.511,-12.2,0.589,-3.41]},{"time":0.6667,"value":1.54,"curve":[0.701,3.7,0.733,7.07]},{"time":0.7667,"value":5.32,"curve":[0.878,-0.52,0.989,-12.2]},{"time":1.1,"value":-12.2,"curve":[1.178,-12.2,1.256,-3.41]},{"time":1.3333,"value":1.54,"curve":[1.367,3.7,1.4,7.07]},{"time":1.4333,"value":5.32,"curve":[1.544,-0.52,1.656,-12.2]},{"time":1.7667,"value":-12.2,"curve":[1.845,-12.2,1.923,-3.61]},{"time":2,"value":1.54}]},"Arm_R_1":{"rotate":[{"value":0.12,"curve":[0.011,0.04,0.024,-0.12]},{"time":0.0333,"curve":[0.144,1.39,0.256,4.17]},{"time":0.3667,"value":4.17,"curve":[0.467,4.17,0.567,0.79]},{"time":0.6667,"value":0.12,"curve":[0.678,0.04,0.691,-0.12]},{"time":0.7,"curve":[0.811,1.39,0.922,4.17]},{"time":1.0333,"value":4.17,"curve":[1.133,4.17,1.233,0.79]},{"time":1.3333,"value":0.12,"curve":[1.344,0.04,1.357,-0.12]},{"time":1.3667,"curve":[1.478,1.39,1.589,4.17]},{"time":1.7,"value":4.17,"curve":[1.8,4.17,1.9,0.79]},{"time":2,"value":0.12}]},"Arm_R_2":{"rotate":[{"value":0.97,"curve":[0.023,0.39,0.044,-0.62]},{"time":0.0667,"curve":[0.178,3.1,0.289,9.31]},{"time":0.4,"value":9.31,"curve":[0.489,9.31,0.578,3.21]},{"time":0.6667,"value":0.97,"curve":[0.69,0.39,0.711,-0.62]},{"time":0.7333,"curve":[0.844,3.1,0.956,9.31]},{"time":1.0667,"value":9.31,"curve":[1.156,9.31,1.244,3.21]},{"time":1.3333,"value":0.97,"curve":[1.356,0.39,1.378,-0.62]},{"time":1.4,"curve":[1.511,3.1,1.622,9.31]},{"time":1.7333,"value":9.31,"curve":[1.823,9.31,1.912,3.33]},{"time":2,"value":0.97}]},"Arm_R_3":{"rotate":[{"value":2.5,"curve":[0.034,1.07,0.067,-1.16]},{"time":0.1,"curve":[0.211,3.85,0.322,11.55]},{"time":0.4333,"value":11.55,"curve":[0.511,11.55,0.589,5.76]},{"time":0.6667,"value":2.5,"curve":[0.701,1.07,0.733,-1.16]},{"time":0.7667,"curve":[0.878,3.85,0.989,11.55]},{"time":1.1,"value":11.55,"curve":[1.178,11.55,1.256,5.76]},{"time":1.3333,"value":2.5,"curve":[1.367,1.07,1.4,-1.16]},{"time":1.4333,"curve":[1.544,3.85,1.656,11.55]},{"time":1.7667,"value":11.55,"curve":[1.845,11.55,1.923,5.89]},{"time":2,"value":2.5}]}}}}}