{"skeleton":{"hash":"IC4j5WQFf8M","spine":"4.0.17","x":-246.78,"y":-68,"width":536.56,"height":1026.8,"images":"./images/","audio":"C:/Users/Arthur/Desktop/spine/Characters_20/First"},"bones":[{"name":"root"},{"name":"HIP_Y","parent":"root","x":0.15,"y":269.32,"color":"f3ff00ff"},{"name":"HIP_X","parent":"HIP_Y","x":4.51,"y":63.11,"color":"f3ff00ff"},{"name":"Leg_R1","parent":"HIP_X","length":86.76,"rotation":-132.81,"x":-28,"y":8.69,"color":"06ff00ff"},{"name":"Leg_R2","parent":"Leg_R1","length":175.87,"rotation":48.93,"x":86.76,"color":"06ff00ff"},{"name":"Leg_L1","parent":"HIP_X","length":78.87,"rotation":-80.22,"x":46.37,"y":10.7,"color":"06ff00ff"},{"name":"Leg_L2","parent":"Leg_L1","length":178.55,"rotation":-0.5,"x":79.53,"y":-0.11,"color":"06ff00ff"},{"name":"Foot_R","parent":"root","length":139.39,"rotation":-152.99,"x":-45.21,"y":104.07,"color":"ff3f00ff"},{"name":"Foor_L","parent":"root","length":134.97,"rotation":-158.79,"x":93.21,"y":88.41,"color":"ff3f00ff"},{"name":"Body","parent":"HIP_X","length":55.6,"rotation":94.6,"x":-0.55,"y":27.44,"color":"ff9d00ff"},{"name":"Chest","parent":"Body","length":70.36,"rotation":95.19,"x":55.65,"y":0.64,"transform":"noRotationOrReflection","color":"ff9d00ff"},{"name":"Scapula_L","parent":"Chest","length":75.42,"rotation":-79.51,"x":51.56,"y":-9.8,"color":"ff2000ff"},{"name":"Scapula_R","parent":"Chest","length":71.98,"rotation":84.01,"x":49.89,"y":6.98,"color":"1e00ffff"},{"name":"Arm_R_1","parent":"Scapula_R","length":76.91,"rotation":-121.2,"x":73.23,"y":2.29,"transform":"noRotationOrReflection","color":"1e00ffff"},{"name":"Arm_R_2","parent":"Arm_R_1","length":70.16,"rotation":2.09,"x":76.91,"color":"1e00ffff"},{"name":"Hand_R","parent":"Arm_R_2","length":105.62,"rotation":2.7,"x":67.63,"y":-0.69,"color":"1e00ffff"},{"name":"Arm_L_1","parent":"Scapula_L","length":83.27,"rotation":-50.33,"x":91.62,"y":-1.24,"transform":"noRotationOrReflection","color":"ff2000ff"},{"name":"Arm_L_2","parent":"Arm_L_1","length":79.39,"rotation":-1.26,"x":82.87,"y":-0.49,"color":"ff2000ff"},{"name":"Hand_L","parent":"Arm_L_2","length":116.18,"rotation":-5.62,"x":89.05,"y":-1.11,"color":"ff2000ff"},{"name":"Head","parent":"Chest","length":306.45,"rotation":101.75,"x":78.64,"y":-41.72,"transform":"noRotationOrReflection","color":"ff9d00ff"},{"name":"Chest3","parent":"Head","rotation":1.36,"x":61.98,"y":66.48,"color":"ff9d00ff"},{"name":"Eylid_L","parent":"Head","x":290.83,"y":8.27,"color":"ebff00ff"},{"name":"Eylid_R","parent":"Head","x":268.68,"y":105.12,"color":"ebff00ff"},{"name":"Head2","parent":"Head","x":231.62,"y":105.26,"color":"ff9d00ff"},{"name":"Head3","parent":"Head","x":219.75,"y":10.22,"color":"ff9d00ff"},{"name":"Head4","parent":"Head","length":89.66,"rotation":10.59,"x":294.65,"y":-35.04,"color":"ff9d00ff"},{"name":"Head5","parent":"Head4","length":65.07,"rotation":21.95,"x":89.66,"color":"ff9d00ff"},{"name":"Head6","parent":"Head5","length":63.01,"rotation":11.73,"x":65.07,"color":"ff9d00ff"},{"name":"Leg","parent":"root","length":176.93,"rotation":-161.36,"x":-287.04,"y":121.55},{"name":"Stars_scale","parent":"Head","rotation":-89.61,"x":211.74,"y":3.2,"color":"ff0000ff"},{"name":"Star_1","parent":"root","x":-24.46,"y":933.08,"color":"ff0000ff"},{"name":"Stars_rotation","parent":"Stars_scale","rotation":-12.15,"color":"ff0000ff"},{"name":"Star_2","parent":"root","x":-249.78,"y":692.28,"color":"ff0000ff"},{"name":"Star_3","parent":"root","x":10.25,"y":485.08,"color":"ff0000ff"},{"name":"Star_4","parent":"root","x":235.06,"y":737.86,"color":"ff0000ff"},{"name":"targetК","parent":"Head","rotation":-101.75,"x":-281,"y":-176.49,"color":"ff3f00ff"},{"name":"Foor_L2","parent":"Foor_L","length":100,"rotation":140,"x":-26.96,"y":116.24,"color":"ff3f00ff"}],"slots":[{"name":"Body","bone":"Body","attachment":"Body"},{"name":"Whites","bone":"Head","attachment":"Whites"},{"name":"Eyes","bone":"Head","attachment":"Eyes"},{"name":"Right_eyelid","bone":"Eylid_L","attachment":"Right_eyelid"},{"name":"Left_eyelid","bone":"Eylid_R","attachment":"Left_eyelid"},{"name":"Head","bone":"Head","attachment":"Head"},{"name":"Left_eyebrow","bone":"Head2","attachment":"Left_eyebrow"},{"name":"Right_eyebrow","bone":"Head3","attachment":"Right_eyebrow"},{"name":"Mouth","bone":"Chest3","attachment":"Mouth"},{"name":"Hat","bone":"Head","attachment":"Hat"},{"name":"Hip","bone":"HIP_X","attachment":"Hip"},{"name":"Left_leg","bone":"Foot_R","attachment":"Left_leg"},{"name":"Left_leg2","bone":"Leg"},{"name":"Right_leg","bone":"Foor_L","attachment":"Right_leg"},{"name":"Star","bone":"Star_1"},{"name":"Wind","bone":"Stars_rotation","color":"ffffff78"},{"name":"Wind4","bone":"Stars_rotation","color":"ffffff78"},{"name":"Wind3","bone":"Stars_rotation","color":"ffffff78"},{"name":"Wind2","bone":"Stars_rotation","color":"ffffff78"},{"name":"Star2","bone":"Star_2"},{"name":"Star3","bone":"Star_3"},{"name":"Star4","bone":"Star_4"}],"ik":[{"name":"Foor_L","order":1,"bones":["Leg_L1","Leg_L2"],"target":"Foor_L"},{"name":"target","bones":["Leg_R1","Leg_R2"],"target":"Foot_R"},{"name":"targetК","order":2,"bones":["Arm_L_2","Hand_L"],"target":"targetК","mix":0}],"transform":[{"name":"Stars_rotation","order":4,"bones":["Star_4"],"target":"Stars_rotation","x":247.89,"y":33.82,"mixRotate":0,"mixScaleX":0,"mixShearY":0},{"name":"Stars_rotation1","order":3,"bones":["Star_1"],"target":"Stars_rotation","x":-11.64,"y":229.04,"mixRotate":0,"mixScaleX":0,"mixShearY":0},{"name":"Stars_rotation3","order":5,"bones":["Star_3"],"target":"Stars_rotation","x":23.08,"y":-218.96,"mixRotate":0,"mixScaleX":0,"mixShearY":0},{"name":"Stars_rotation4","order":6,"bones":["Star_2"],"target":"Stars_rotation","x":-236.96,"y":-11.76,"mixRotate":0,"mixScaleX":0,"mixShearY":0}],"skins":[{"name":"default","attachments":{"Body":{"Body":{"type":"mesh","uvs":[0.75579,0.2983,0.77188,0.35018,0.86306,0.50873,0.87746,0.55773,1,0.66655,1,1,0.82211,1,0.7823,0.7487,0.80038,0.64709,0.79022,0.6197,0.71852,0.42225,0.69819,0.37469,0.64991,0.29253,0.61006,0.30502,0.62023,0.36123,0.62446,0.43905,0.63971,0.59759,0.32292,0.65236,0.33648,0.53994,0.34071,0.43761,0.30768,0.37131,0.26198,0.46405,0.23911,0.51161,0.20033,0.64209,0.19206,0.67523,0.22737,1,0,1,0,0.68639,0.1152,0.61967,0.12051,0.59234,0.18829,0.44387,0.20523,0.37613,0.27299,0.15706,0.37971,0.15273,0.50507,0.13111,0.65584,0.02878,0.73377,0.35739,0.63382,0.1585,0.30094,0.24065,0.2264,0.44963,0.82749,0.58511,0.16418,0.63258],"triangles":[18,15,16,18,19,15,19,14,15,19,13,14,19,20,13,17,18,16,5,7,4,8,3,4,8,40,3,7,5,6,8,4,7,8,9,40,9,10,40,40,2,3,40,10,2,1,2,10,1,10,36,10,11,36,36,0,1,36,11,12,36,12,0,13,37,12,0,37,35,0,12,37,37,34,35,26,24,25,41,24,28,28,24,27,27,24,26,28,29,41,24,41,23,29,22,41,23,41,22,39,22,30,30,22,29,22,39,21,30,31,39,21,39,20,39,31,20,31,38,20,31,32,38,38,33,20,33,13,20,38,32,33,13,33,34,13,34,37],"vertices":[2,16,76.27,21.53,0.74141,17,-7.08,21.87,0.25859,2,16,94.37,17.82,0.11545,17,11.1,18.56,0.88455,2,17,80.56,26.13,0.71049,18,-11.11,26.28,0.28951,2,17,97.47,22.66,0.15393,18,6.05,24.48,0.84607,1,18,70.28,61.42,1,1,18,158.83,4.92,1,1,18,107.54,-75.46,1,1,18,29.33,-50.88,1,2,17,94.08,-27.21,0.12133,18,7.56,-25.49,0.87867,2,17,83.93,-26.17,0.41423,18,-2.64,-25.44,0.58577,2,16,93.75,-18.69,0.09911,17,11.28,-17.96,0.90089,2,16,75.26,-17.6,0.77801,17,-7.23,-17.27,0.22199,4,11,87.87,-45.31,0.15738,16,38.83,-21.16,0.81518,9,79.73,-103.58,0.02293,10,23,-104.46,0.00451,3,11,66.25,-43.32,0.72557,9,77.53,-81.97,0.22134,10,21.02,-82.83,0.0531,3,11,66.71,-61.84,0.5085,9,59.44,-85.98,0.42742,10,2.89,-86.65,0.06408,3,11,62.27,-86.06,0.32186,9,34.82,-86.28,0.63872,10,-21.73,-86.69,0.03942,3,11,56.64,-136.35,0.03176,2,90.83,19.13,0.81,9,-15.61,-90.42,0.15824,2,2,-78.96,1.87,0.82289,9,-19.19,80.21,0.17711,3,12,53.27,95.37,0.01846,9,15.52,70.13,0.96541,10,-39.4,69.91,0.01613,3,12,51.45,63.11,0.15895,9,47.47,65.29,0.72303,10,-7.51,64.73,0.11802,3,12,69.44,42.47,0.29283,9,69.71,81.26,0.55754,10,14.89,80.47,0.14963,3,13,70.33,18.09,0.77434,14,-5.91,18.32,0.22559,9,42.56,108.02,7.0E-5,2,13,89.51,15.45,0.07016,14,13.15,14.98,0.92984,2,14,59.17,17.01,0.81,15,-7.62,18.09,0.19,2,14,70.44,18.27,0.32,15,3.7,18.81,0.68,1,15,86.63,81.63,1,1,15,141.32,-27.28,1,1,15,53.04,-71.61,1,2,14,75.38,-26.22,0.32,15,6.55,-25.86,0.68,2,14,66.49,-27.96,0.81,15,-2.42,-27.18,0.19,3,13,85.52,-18.92,0.19079,14,7.91,-19.22,0.80615,15,-60.52,-15.7,0.00306,2,13,62.58,-22.31,0.9277,14,-15.14,-21.77,0.0723,2,12,88.97,-24.75,0.9558,13,-15.24,-27.33,0.0442,2,12,31.79,-26.91,0.85053,10,79.97,35.79,0.14947,2,11,26.87,24.63,0.8736,10,80.67,-31.74,0.1264,2,11,113.39,33.83,0.09926,16,-23.34,34.04,0.90074,2,16,83.16,0.59,0.48289,17,0.26,1.09,0.51711,4,11,90.98,-2.32,0.03449,16,0.74,-1.02,0.96529,9,122.51,-98.36,2.0E-4,10,65.83,-99.69,3.0E-5,2,12,73.63,1.37,0.32315,13,-0.6,-0.81,0.67685,2,13,76.41,-0.55,0.52959,14,-0.52,-0.53,0.47041,2,17,87.7,-3.73,0.09252,18,-1.09,-2.74,0.90748,1,15,-1.6,-0.57,1],"hull":36,"edges":[34,32,32,30,30,36,36,38,38,28,28,26,26,40,40,38,36,34,30,28,26,24,24,22,22,72,72,20,20,22,72,0,0,2,2,72,0,70,70,74,70,68,68,66,66,64,64,76,76,40,64,62,62,78,78,42,42,40,42,44,44,78,78,60,62,60,20,18,18,80,80,16,16,18,80,4,4,6,6,80,2,4,16,14,10,12,14,12,10,8,6,8,44,46,46,82,82,58,58,60,82,56,56,58,46,48,48,82,50,52,48,50,52,54,56,54,66,40,68,26],"width":536,"height":315}},"Eyes":{"Eyes":{"x":166.2,"y":69.23,"rotation":-101.75,"width":124,"height":60}},"Hat":{"Hat":{"type":"mesh","uvs":[0.20667,0,0.30116,0.07241,0.45708,0.15783,0.62043,0.29449,1,0.73864,1,1,0,1,0,0.75145,0.12297,0.63187,0.26033,0.4525,0.29003,0.32865,0.23434,0.24324,0.14153,0.20053,0.08213,0.11939,0.1341,0,0.79863,0.50375],"triangles":[13,14,0,13,0,1,12,13,1,11,12,1,11,1,2,10,11,2,10,2,3,9,10,3,4,15,3,9,3,15,8,9,15,6,7,8,15,4,5,8,15,5,6,8,5],"vertices":[4,19,476.75,26.23,0.02505,25,190.26,26.76,0.05052,26,103.31,-12.79,0.35211,27,34.84,-20.29,0.57232,4,19,452,1.84,0.04625,25,161.45,7.34,0.07833,26,69.33,-20.03,0.37874,27,0.1,-20.48,0.49669,4,19,420.04,-40.24,0.18021,25,122.3,-28.15,0.15854,26,19.75,-38.32,0.39116,27,-52.16,-28.3,0.2701,4,19,374.27,-81.77,0.505,25,69.68,-60.57,0.16539,26,-41.17,-48.71,0.2466,27,-113.93,-26.09,0.08301,1,19,234.94,-171.42,1,1,19,166.88,-157.25,1,1,19,229.21,142.33,1,1,19,293.94,128.86,1,1,19,317.42,85.54,1,4,19,355.57,34.67,0.57888,25,72.69,57.33,0.16372,26,5.69,59.52,0.20823,27,-46.04,70.35,0.04917,4,19,385.97,19.07,0.27961,25,99.7,36.4,0.1891,26,22.93,30.01,0.35929,27,-35.16,37.95,0.172,4,19,411.68,31.12,0.09268,25,127.2,43.53,0.12375,26,51.09,26.34,0.41097,27,-8.34,28.63,0.37261,4,19,428.59,56.61,0.02657,25,148.5,65.48,0.05726,26,79.05,38.73,0.38,27,21.56,35.08,0.53617,4,19,453.42,70.01,0.01242,25,175.37,74.08,0.03396,26,107.19,36.67,0.34502,27,48.7,27.34,0.60859,4,19,481.28,47.97,0.01164,25,198.7,47.3,0.03294,26,118.82,3.11,0.33528,27,53.26,-7.88,0.62014,1,19,308.67,-123.82,1],"hull":15,"edges":[10,12,16,30,30,18,18,16,18,6,6,30,6,20,20,18,20,4,4,6,4,22,22,2,2,26,26,28,26,24,24,22,22,20,2,4,12,14,16,14,10,8,30,8,6,8,2,0,0,28],"width":306,"height":266}},"Head":{"Head":{"x":158.6,"y":15.04,"rotation":-101.75,"width":330,"height":380}},"Hip":{"Hip":{"type":"mesh","uvs":[0.21802,0.19994,0.27698,0.1193,0.84072,0.05443,0.92887,0.21272,0.93502,0.79658,0.70952,0.81734,0.70868,0.69424,0.71188,0.60068,0.62547,0.39436,0.40408,0.38658,0.21548,0.57341,0.20318,0.62012,0.21019,0.67663,0.25238,0.96367,0.06993,0.98184,0,0.64088,0,0.56303,0,0.49816,0.09658,0.59158,0.81202,0.65126,0.93024,0.5581,0.92533,0.69519],"triangles":[0,9,10,3,8,2,0,1,9,2,8,1,8,9,1,4,5,19,5,6,19,4,19,21,21,20,4,21,19,20,6,7,19,19,7,20,7,8,20,8,3,20,4,20,3,11,18,10,10,18,17,17,18,16,10,17,0,14,12,13,12,15,18,12,14,15,18,11,12,15,16,18],"vertices":[3,4,-54.86,37.52,0.06866,3,23.91,-21.62,0.26467,2,-60.04,5.18,0.66667,1,2,-48.25,17.92,1,1,2,64.5,28.17,1,3,5,13.34,34.02,0.25214,6,-66.24,34.04,0.14786,2,82.12,3.16,0.6,2,5,104.53,20.03,0.26383,6,24.97,20.18,0.73617,1,6,20.84,-24.85,1,2,5,81.12,-21.95,0.11199,6,1.62,-21.84,0.88801,3,5,66.64,-18.88,0.68031,6,-12.86,-18.79,0.23969,2,38.73,-58.14,0.08,2,5,31.64,-30.56,0.6,2,21.45,-25.54,0.4,1,2,-22.83,-24.31,1,2,4,2.81,25.02,0.15521,3,68.36,17.19,0.84479,2,4,9.54,21.11,0.48079,3,75.52,20.25,0.51921,2,4,18.56,20.67,0.81192,3,81.26,27.23,0.18808,1,4,64.68,19.71,1,1,4,60.07,-16.6,1,2,4,4.48,-19.34,0.90873,3,104.96,-7.95,0.09127,2,4,-7.56,-16.84,0.50264,3,95.76,-16.12,0.49736,2,4,-17.59,-14.76,0.20599,3,88.1,-22.92,0.79401,2,4,0.79,1.15,0.52339,3,86.3,1.32,0.47661,1,5,77.83,-0.45,1,2,5,67.2,25.3,0.99686,6,-12.36,25.4,0.00314,2,5,88.41,20.76,0.61883,6,8.85,20.89,0.38117],"hull":18,"edges":[36,22,36,20,20,22,26,24,24,22,24,36,36,34,32,34,36,32,30,32,36,30,26,28,30,28,20,18,18,2,2,4,4,16,16,6,6,4,10,8,6,40,38,40,8,42,42,40,38,42,16,14,38,14,10,12,12,14,38,12,6,8,2,0,0,34,16,18],"width":200,"height":158}},"Left_eyebrow":{"Left_eyebrow":{"x":-3.93,"y":2.25,"rotation":-101.75,"width":36,"height":32}},"Left_eyelid":{"Left_eyelid":{"x":-28.72,"y":-3.94,"rotation":-101.75,"width":53,"height":65}},"Left_leg":{"Left_leg":{"type":"mesh","uvs":[0.22698,0.49231,0.35301,0.48299,0.39071,0.36926,0.50853,0.084,1,0.06535,1,0.47181,1,0.62283,0.99293,0.91796,0.76303,1,0.37186,1,0,0.86016,0,0.5091,0.81016,0.51842,0.62871,0.64545,0.38835,0.69392],"triangles":[12,3,4,12,2,3,4,5,12,12,5,6,1,2,12,13,1,12,14,1,13,0,1,14,10,11,0,10,0,14,6,13,12,7,13,6,9,10,14,8,13,7,9,14,13,8,9,13],"vertices":[2,7,107.46,-63.01,0.97539,4,143.41,-120.27,0.02461,2,7,82.06,-52.91,0.83871,4,146.45,-93.1,0.16129,2,7,60.7,-76.88,0.46527,4,117.71,-78.81,0.53473,2,7,2.66,-134.7,0.01126,4,46.63,-38.06,0.98874,1,4,63.23,66.92,1,2,7,-43.84,7.83,0.05717,4,171.88,44.35,0.94283,2,7,-25.11,44.56,0.66215,4,212.24,35.97,0.33785,2,7,12.84,115.65,0.9994,4,290.82,18.09,6.0E-4,1,7,67.25,113.06,1,1,7,142.53,74.68,1,1,7,196.75,4.19,1,1,7,153.22,-81.19,1,2,7,-1.53,0.55,0.35287,4,176,1.62,0.64713,1,7,49.14,13.64,1,1,7,101.41,1.86,1],"hull":12,"edges":[6,8,6,4,4,24,24,2,2,4,20,22,8,10,24,10,10,12,12,14,24,12,2,26,14,16,26,16,22,0,0,2,0,28,16,18,18,20,28,18],"width":216,"height":273}},"Left_leg2":{"Left_leg":{"x":62.57,"y":-25.97,"rotation":138.02,"width":216,"height":273}},"Mouth":{"Mouth":{"x":-15.59,"y":0.17,"rotation":-103.12,"width":97,"height":85}},"Right_eyebrow":{"Right_eyebrow":{"x":2.24,"y":-5.71,"rotation":-101.75,"width":48,"height":30}},"Right_eyelid":{"Right_eyelid":{"x":-38.03,"y":-3.43,"rotation":-101.75,"width":142,"height":99}},"Right_leg":{"Right_leg":{"type":"mesh","uvs":[0.61717,0.44163,0.70119,0.64975,0.6789,0.76843,1,0.81659,1,1,0.70805,0.98687,0.37711,0.89915,0,0.87851,0,0.55343,0.13019,0.48119,0.1662,0.42099,0.19363,0.02711,0.47827,0,0.39768,0.52419,0.34796,0.64975],"triangles":[5,3,4,13,10,12,13,12,0,12,10,11,6,2,5,7,14,6,6,14,2,14,8,9,14,7,8,2,14,1,14,13,1,14,9,13,13,0,1,9,10,13,5,2,3],"vertices":[2,8,-74.87,2.17,0.132,6,165.48,73.73,0.868,2,8,-75.94,75.14,0.67293,6,236.69,89.7,0.32707,2,8,-55.21,108.47,0.8942,6,273.55,76.23,0.1058,3,8,-147.14,160.93,0.32,6,306.1,176.95,0,36,120.78,43.02,0.68,2,8,-125.58,216.5,0.21,36,139.99,-13.41,0.79,3,8,-38.39,178.09,0.52463,6,345.14,74.01,0.00537,36,48.51,-40.03,0.47,2,8,51.88,112.48,0.99888,6,299.39,-27.77,0.00112,1,8,164.06,61.75,1,2,8,125.84,-36.74,0.99887,6,168.45,-130.7,0.00113,2,8,77.78,-43.28,0.86434,6,152.22,-84.99,0.13566,2,8,59.76,-57.27,0.57265,6,134.84,-70.21,0.42735,1,6,10.01,-40.47,1,1,6,16.48,52.52,1,2,8,1.54,1.3,0.71222,6,180.26,-1.24,0.28778,1,8,31.41,33.48,1],"hull":13,"edges":[22,24,24,0,0,26,26,2,2,4,22,20,20,26,26,18,18,20,18,16,18,28,28,12,14,16,12,14,12,4,12,10,8,6,4,6,8,10,0,2],"width":326,"height":325}},"Star":{"Star":{"x":-1.14,"y":4.54,"width":105,"height":101}},"Star2":{"Star":{"x":-1.14,"y":4.54,"width":105,"height":101}},"Star3":{"Star":{"x":-1.14,"y":4.54,"width":105,"height":101}},"Star4":{"Star":{"x":-1.14,"y":4.54,"width":105,"height":101}},"Whites":{"Whites":{"x":162.72,"y":44.63,"rotation":-101.75,"width":188,"height":100}},"Wind":{"Wind":{"x":92.48,"y":138.79,"rotation":29.82,"width":210,"height":322}},"Wind2":{"Wind":{"x":-145.23,"y":96.86,"rotation":110.22,"width":210,"height":322}},"Wind3":{"Wind":{"x":-81.08,"y":-146.32,"rotation":-149.21,"width":210,"height":322}},"Wind4":{"Wind":{"x":159.71,"y":-70.06,"rotation":-68.15,"width":210,"height":322}}}}],"animations":{"Attack_1":{"slots":{"Left_leg2":{"attachment":[{"time":0.4333,"name":"Left_leg"},{"time":1,"name":null}]}},"bones":{"HIP_X":{"rotate":[{"value":3.34,"curve":[0.083,3.34,0.25,15.9]},{"time":0.3333,"value":15.9,"curve":[0.45,15.9,0.478,-16.03]},{"time":0.8,"value":-18.73,"curve":[0.875,-18.73,0.885,7.56]},{"time":1.1,"value":10.35,"curve":[1.183,10.35,1.35,3.34]},{"time":1.4333,"value":3.34}],"translate":[{"y":-11.5,"curve":[0.075,0,0.225,50.36,0.075,-11.5,0.225,-17.61]},{"time":0.3,"x":50.36,"y":-17.61,"curve":[0.417,50.36,0.445,61.12,0.417,-17.61,0.445,5.06]},{"time":0.7667,"x":62.03,"y":6.97,"curve":[0.842,62.03,0.851,-13.95,0.842,6.97,0.851,-17.38]},{"time":1.0667,"x":-22,"y":-19.96,"curve":[1.15,-22,1.317,0,1.15,-19.96,1.317,-11.5]},{"time":1.4,"y":-11.5}],"scale":[{}]},"HIP_Y":{"translate":[{"x":-2.96,"curve":[0.034,-2.96,0.082,-2.96,0.034,0,0.082,-4.49]},{"time":0.1333,"x":-2.96,"y":-9.88,"curve":[0.291,-2.96,0.46,-2.96,0.291,-3.54,0.46,4.39]},{"time":0.5667,"x":-2.96,"y":4.39,"curve":[0.65,-2.96,0.67,-13.09,0.65,4.39,0.67,5.4]},{"time":0.9,"x":-13.94,"y":5.49,"curve":[0.983,-13.94,0.994,-4.01,0.983,5.49,0.994,-3.45]},{"time":1.2333,"x":-2.96,"y":-4.39,"curve":[1.283,-2.96,1.383,-2.96,1.283,-4.39,1.383,0]},{"time":1.4333,"x":-2.96}]},"Body":{"rotate":[{"value":2.6,"curve":[0.092,2.6,0.275,11.41]},{"time":0.3667,"value":11.41,"curve":[0.482,11.41,0.523,5.55]},{"time":0.7667,"value":3.45,"curve":[0.796,-4.25,0.829,-9.65]},{"time":0.8667,"value":-11.76,"curve":[0.893,-11.76,0.912,-4.29]},{"time":0.9333,"value":5.94,"curve":[0.968,7.03,1.012,8.72]},{"time":1.1333,"value":8.97,"curve":[1.217,8.97,1.383,2.6]},{"time":1.4667,"value":2.6}]},"Chest":{"rotate":[{"value":6.97,"curve":[0.092,6.97,0.275,35.43]},{"time":0.3667,"value":35.43,"curve":[0.483,35.43,0.518,-9.06]},{"time":0.8,"value":-18.9,"curve":[0.81,-21.52,0.821,-23.42]},{"time":0.8333,"value":-24.5,"curve":[0.845,-24.5,0.856,-25.17]},{"time":0.8667,"value":-26.37,"curve":[0.878,-26.15,0.889,-25.84]},{"time":0.9,"value":-25.46,"curve":[0.911,-19.67,0.922,-12.83]},{"time":0.9333,"value":-5.31,"curve":[0.952,4.53,0.973,16.13]},{"time":1,"value":27.48,"curve":[1.027,25.16,1.066,22.93]},{"time":1.1333,"value":22.46,"curve":[1.217,22.46,1.383,6.97]},{"time":1.4667,"value":6.97}],"translate":[{"x":1.32,"y":0.08,"curve":"stepped"},{"time":0.3667,"x":1.32,"y":0.08,"curve":[0.483,1.32,0.511,-2.56,0.483,0.08,0.511,-13.55]},{"time":0.8333,"x":-2.89,"y":-14.7,"curve":[0.908,-2.89,0.918,0.92,0.908,-14.7,0.918,-1.33]},{"time":1.1333,"x":1.32,"y":0.08}]},"Head":{"rotate":[{"value":2.22,"curve":[0.1,2.22,0.3,32.57]},{"time":0.4,"value":32.57,"curve":[0.517,32.57,0.545,-24.8]},{"time":0.8667,"value":-29.64,"curve":[0.942,-29.64,0.951,0.53]},{"time":1.1667,"value":3.73,"curve":[1.25,3.73,1.417,2.22]},{"time":1.5,"value":2.22}],"translate":[{"x":0.54,"y":0.04,"curve":[0.1,0.54,0.3,-1.6,0.1,0.04,0.3,28.02]},{"time":0.4,"x":-1.6,"y":28.02,"curve":"stepped"},{"time":0.8667,"x":-1.6,"y":28.02,"curve":[0.942,-1.6,0.951,0.33,0.942,28.02,0.951,2.72]},{"time":1.1667,"x":0.54,"y":0.04}],"scale":[{"x":0.994,"y":0.994}]},"Scapula_R":{"rotate":[{"value":2.91,"curve":[0.1,2.91,0.3,4.51]},{"time":0.4,"value":4.51,"curve":[0.517,4.51,0.545,-6.1]},{"time":0.8667,"value":-7,"curve":[0.892,-7,0.913,-9.44]},{"time":0.9333,"value":-13.31,"curve":[0.975,-5.81,1.014,11.32]},{"time":1.1667,"value":13.58,"curve":[1.25,13.58,1.417,2.91]},{"time":1.5,"value":2.91}],"translate":[{"time":0.8667,"curve":[0.892,0,0.913,1.32,0.892,0,0.913,-6.72]},{"time":0.9333,"x":3.4,"y":-17.34,"curve":[0.945,2.45,0.956,0.29,0.945,-12.5,0.956,-1.46]},{"time":1}]},"Scapula_L":{"rotate":[{"value":-13.67,"curve":"stepped"},{"time":0.3667,"value":-13.67,"curve":[0.483,-13.67,0.511,-22.12]},{"time":0.8333,"value":-22.84,"curve":[0.908,-22.84,0.918,-14.55]},{"time":1.1333,"value":-13.67}]},"Arm_R_1":{"rotate":[{"value":-2.49,"curve":[0.108,-2.49,0.325,28.74]},{"time":0.4333,"value":28.74,"curve":[0.549,28.74,0.589,-63.28]},{"time":0.8333,"value":-96.22,"curve":[0.862,-103.12,0.895,-107.95]},{"time":0.9333,"value":-109.85,"curve":[0.957,-99.45,0.977,-79.89]},{"time":1,"value":-56.04,"curve":[1.035,-36.72,1.079,-6.98]},{"time":1.2,"value":-2.49}]},"Arm_R_2":{"rotate":[{"value":-3.78,"curve":[0.117,-3.78,0.35,9.88]},{"time":0.4667,"value":9.88,"curve":[0.583,9.88,0.611,-26.35]},{"time":0.9333,"value":-29.4,"curve":[0.945,-29.4,0.956,-32.64]},{"time":0.9667,"value":-38.42,"curve":[0.99,-33.37,1.011,-23.88]},{"time":1.0333,"value":-12.3,"curve":[1.068,-5.58,1.112,4.75]},{"time":1.2333,"value":6.31,"curve":[1.317,6.31,1.483,-3.78]},{"time":1.5667,"value":-3.78}]},"Arm_L_2":{"rotate":[{"value":-2.19,"curve":"stepped"},{"time":0.4333,"value":-2.19,"curve":[0.55,-2.19,0.578,-6.74]},{"time":0.9,"value":-7.12,"curve":[0.975,-7.12,0.985,-2.66]},{"time":1.2,"value":-2.19}]},"Hand_L":{"rotate":[{"value":-3.9,"curve":[0.117,-3.9,0.35,-3.3]},{"time":0.4667,"value":-3.3,"curve":"stepped"},{"time":0.9333,"value":-3.3,"curve":[1.008,-3.3,1.018,9.21]},{"time":1.2333,"value":10.54,"curve":[1.317,10.54,1.483,-3.9]},{"time":1.5667,"value":-3.9}]},"Hand_R":{"rotate":[{"value":-4.59,"curve":"stepped"},{"time":0.5,"value":-4.59,"curve":[0.617,-4.59,0.645,-25.94]},{"time":0.9667,"value":-27.74,"curve":[1.042,-27.74,1.051,5.28]},{"time":1.2667,"value":8.78,"curve":[1.35,8.78,1.517,-4.59]},{"time":1.6,"value":-4.59}],"translate":[{"time":0.5,"curve":[0.617,0,0.645,20.64,0.617,0,0.645,-2.78]},{"time":0.9667,"x":22.38,"y":-3.02,"curve":[1.042,22.38,1.051,2.14,1.042,-3.02,1.051,-0.29]},{"time":1.2667}]},"Chest3":{"scale":[{"x":0.927}]},"Eylid_R":{"rotate":[{"curve":[0.125,0,0.375,3.32]},{"time":0.5,"value":3.32}],"translate":[{"time":0.2667},{"time":0.3333,"x":-57.69,"y":7.33,"curve":"stepped"},{"time":0.4667,"x":-57.69,"y":7.33,"curve":[0.476,-57.69,0.485,-40.96,0.476,7.33,0.485,8.78]},{"time":0.5,"x":-22.58,"y":10.36,"curve":[0.515,-13.35,0.535,-3.3,0.515,6.13,0.535,1.52]},{"time":0.5667}],"scale":[{"time":0.4667},{"time":0.5,"x":1.307},{"time":0.5667}]},"Eylid_L":{"translate":[{"time":0.2667},{"time":0.3333,"x":-91.67,"y":14.62,"curve":"stepped"},{"time":0.4667,"x":-91.67,"y":14.62},{"time":0.5,"x":-33.71,"y":0.88},{"time":0.5667}],"scale":[{"time":0.4667},{"time":0.5,"x":1.307,"y":1.664},{"time":0.5667}]},"Head2":{"translate":[{"time":0.2667},{"time":0.3667,"x":-9.04,"y":1.1,"curve":"stepped"},{"time":0.4667,"x":-9.04,"y":1.1},{"time":0.6}]},"Head3":{"translate":[{"time":0.2667},{"time":0.3667,"x":-9.04,"y":1.1,"curve":"stepped"},{"time":0.4667,"x":-9.04,"y":1.1},{"time":0.6}]},"Head4":{"rotate":[{"value":3.42,"curve":"stepped"},{"time":0.0667,"value":3.42,"curve":[0.125,3.42,0.242,9.94]},{"time":0.3,"value":9.94,"curve":[0.392,9.94,0.575,-5.48]},{"time":0.6667,"value":-5.48,"curve":[0.717,-5.48,0.817,-16.82]},{"time":0.8667,"value":-16.82,"curve":[0.942,-16.82,1.092,12.26]},{"time":1.1667,"value":12.26,"curve":[1.233,12.26,1.367,3.42]},{"time":1.4333,"value":3.42}]},"Head5":{"rotate":[{"value":1.25,"curve":[0.025,1.25,0.075,-5.73]},{"time":0.1,"value":-5.73,"curve":[0.175,-5.73,0.325,7.76]},{"time":0.4,"value":7.76,"curve":[0.492,7.76,0.675,-7.66]},{"time":0.7667,"value":-7.66,"curve":[0.817,-7.66,0.917,-18.99]},{"time":0.9667,"value":-18.99,"curve":[1.042,-18.99,1.192,10.08]},{"time":1.2667,"value":10.08,"curve":[1.333,10.08,1.467,1.25]},{"time":1.5333,"value":1.25}]},"Head6":{"rotate":[{"curve":[0.042,0,0.125,-6.98]},{"time":0.1667,"value":-6.98,"curve":[0.242,-6.98,0.392,6.51]},{"time":0.4667,"value":6.51,"curve":[0.558,6.51,0.742,-8.91]},{"time":0.8333,"value":-8.91,"curve":[0.883,-8.91,0.983,-20.24]},{"time":1.0333,"value":-20.24,"curve":[1.108,-20.24,1.258,8.83]},{"time":1.3333,"value":8.83,"curve":[1.4,8.83,1.533,0]},{"time":1.6}]},"Arm_L_1":{"rotate":[{"value":-12.68,"curve":[0.1,-12.68,0.3,33.52]},{"time":0.4,"value":33.52,"curve":[0.517,33.52,0.545,-14.59]},{"time":0.8667,"value":-18.65,"curve":[0.942,-18.65,0.951,10.81]},{"time":1.1667,"value":13.93,"curve":[1.25,13.93,1.417,-12.68]},{"time":1.5,"value":-12.68}]},"Leg_R1":{"rotate":[{"value":-11.2,"curve":[0.083,-11.2,0.25,-38.57]},{"time":0.3333,"value":-38.57,"curve":[0.358,-38.57,0.379,-34.9]},{"time":0.4,"value":-28.55,"curve":[0.527,-26.58,0.633,-21.81]},{"time":0.8333,"value":-17.81,"curve":[0.909,-25.12,1.011,-31.34]},{"time":1.1667,"value":-32.57,"curve":[1.252,-26.46,1.369,-11.2]},{"time":1.4333,"value":-11.2}]},"Leg_R2":{"rotate":[{"value":17.79,"curve":[0.083,17.79,0.25,20.12]},{"time":0.3333,"value":20.12,"curve":[0.358,20.12,0.379,17.01]},{"time":0.4,"value":11.63,"curve":[0.577,6.89,0.738,-1.67]},{"time":0.9333,"value":-11.29,"curve":[1.027,-0.6,1.133,10.99]},{"time":1.2667,"value":21.67,"curve":[1.352,20.56,1.469,17.79]},{"time":1.5333,"value":17.79}]},"Leg_L1":{"rotate":[{"value":-23.84,"curve":[0.083,-23.84,0.25,-48.08]},{"time":0.3333,"value":-48.08,"curve":[0.45,-48.08,0.478,-22.78]},{"time":0.8,"value":-20.64,"curve":[0.812,-20.64,0.823,-18.75]},{"time":0.8333,"value":-15.38,"curve":[0.888,-16.77,0.916,-23.09]},{"time":1.1,"value":-23.84}]},"Leg_L2":{"rotate":[{"value":31.12,"curve":[0.083,31.12,0.25,32.54]},{"time":0.3333,"value":32.54,"curve":[0.45,32.54,0.478,36.65]},{"time":0.8,"value":37,"curve":[0.812,37,0.823,37.07]},{"time":0.8333,"value":37.18,"curve":[0.888,36.18,0.916,31.65]},{"time":1.1,"value":31.12}]},"Foot_R":{"translate":[{"time":0.5,"curve":[0.52,0,0.54,-8.52,0.52,0,0.54,-0.38]},{"time":0.5667,"x":-23.71,"y":12.43,"curve":[0.585,-34.01,0.607,-42.94,0.585,21.11,0.607,36.12]},{"time":0.6333,"x":-51.36,"y":47.84,"curve":[0.644,-54.58,0.703,-54.21,0.644,52.32,0.703,72.71]},{"time":0.7333,"x":-49.87,"y":74.08,"curve":[0.748,-47.85,0.776,-44.92,0.748,74.72,0.776,74.06]},{"time":0.8,"x":-37.73,"y":72.95,"curve":[0.808,-35.51,0.854,-30.88,0.808,72.61,0.854,62.46]},{"time":0.9,"x":-40.08,"y":47.6,"curve":[0.942,-48.13,0.984,-63.74,0.942,34.6,0.984,17]},{"time":1,"x":-63.96,"y":12.39,"curve":[1.016,-64.16,1.028,-64.3,1.016,7.96,1.028,0]},{"time":1.0333,"x":-64.3,"curve":"stepped"},{"time":1.3333,"x":-64.3,"curve":[1.366,-64.3,1.419,-50.03,1.366,0,1.419,7.1]},{"time":1.4667,"x":-39.33,"y":12.42,"curve":[1.518,-17.48,1.565,0,1.518,5.52,1.565,0]},{"time":1.6}]},"Leg":{"rotate":[{"time":0.3333,"curve":[0.358,0,0.364,14.68]},{"time":0.4333,"value":15.91,"curve":"stepped"},{"time":0.4667,"value":15.91},{"time":0.5,"value":19.67},{"time":0.5333,"value":20.22},{"time":0.5667,"value":18.45},{"time":0.6,"value":1.72},{"time":0.6333,"value":-22.18},{"time":0.7667,"value":-120.83},{"time":0.8667,"value":-160.63},{"time":0.9333,"value":-194.24},{"time":0.9667,"value":-170.09},{"time":1,"value":-67.71},{"time":1.0667,"value":-31.34}],"translate":[{"time":0.3333,"curve":[0.358,0,0.364,222.29,0.358,0,0.364,8.41]},{"time":0.4333,"x":241.05,"y":9.12},{"time":0.4667,"x":237.85,"y":31.55},{"time":0.5,"x":209.87,"y":67.78},{"time":0.5333,"x":162.67,"y":105.61},{"time":0.5667,"x":116.53,"y":158.92},{"time":0.6,"x":83.22,"y":219.45},{"time":0.6333,"x":65.92,"y":310.41},{"time":0.7333,"x":95.44,"y":513.14},{"time":0.8,"x":154.3,"y":584.2},{"time":0.8667,"x":193.93,"y":620.01},{"time":0.9333,"x":180.63,"y":636.35},{"time":0.9667,"x":52.97,"y":582.01},{"time":1,"x":-271.4,"y":473.43},{"time":1.1333,"x":-1588.36,"y":450.87}]}},"drawOrder":[{"time":0.4333,"offsets":[{"slot":"Left_leg2","offset":-11}]}]},"Attack_2":{"bones":{"HIP_X":{"rotate":[{"value":3.34,"curve":[0.058,3.34,0.175,4.73]},{"time":0.2333,"value":4.73,"curve":"stepped"},{"time":0.2667,"value":4.73,"curve":[0.297,4.67,0.337,3.51]},{"time":0.3667,"value":2.33,"curve":[0.385,1.56,0.423,-0.69]},{"time":0.4333,"value":-3.06,"curve":[0.461,-3.66,0.501,-4.34]},{"time":0.5333,"value":-4.34,"curve":[0.562,-4.34,0.638,-0.5]},{"time":0.6667,"value":1.2,"curve":[0.708,2.36,0.733,3.15]},{"time":0.7333,"value":3.34}],"translate":[{"y":-11.5,"curve":[0.058,0,0.175,28.79,0.058,-11.5,0.175,-46.31]},{"time":0.2333,"x":28.79,"y":-46.31,"curve":"stepped"},{"time":0.2667,"x":28.79,"y":-46.31,"curve":[0.297,26.68,0.337,-15.26,0.297,-46.1,0.337,-41.82]},{"time":0.3667,"x":-57.88,"y":-37.48,"curve":[0.385,-60.69,0.423,-68.95,0.385,-33.35,0.423,-21.24]},{"time":0.4333,"x":-77.64,"y":-8.49,"curve":[0.53,-83.1,0.609,-88.1,0.53,-16.9,0.609,-24.61]},{"time":0.6667,"x":-92.53,"y":-31.43,"curve":[0.69,-93.42,0.712,-94.29,0.69,-32.8,0.712,-34.15]},{"time":0.7333,"x":-95.15,"y":-35.47,"curve":[0.743,-95.15,0.754,-102.49,0.743,-35.47,0.754,-37.41]},{"time":0.7667,"x":-113.51,"y":-40.32,"curve":[0.777,-113.33,0.789,-113.13,0.777,-41,0.789,-41.77]},{"time":0.8,"x":-112.91,"y":-42.6,"curve":[0.871,-108.16,0.951,-101.5,0.871,-47.75,0.951,-54.96]},{"time":1,"x":-101.5,"y":-54.96,"curve":[1.151,-48.55,1.299,0,1.151,-32.29,1.299,-11.5]},{"time":1.4,"y":-11.5,"curve":[1.452,0,1.524,1.62,1.452,-11.5,1.524,-9.65]},{"time":1.6,"x":3.57,"y":-7.43,"curve":[1.709,1.99,1.826,0,1.709,-8.63,1.826,-10.14]},{"time":1.9,"y":-10.14}],"scale":[{}]},"HIP_Y":{"translate":[{"x":-2.96,"curve":[0.033,-2.96,0.1,3.29,0.033,0,0.1,3.75]},{"time":0.1333,"x":3.29,"y":3.75,"curve":[0.183,3.29,0.283,-21.32,0.183,3.75,0.283,-5.52]},{"time":0.3333,"x":-21.32,"y":-5.52,"curve":[0.414,-21.32,0.563,-15.76,0.414,-5.52,0.563,-3.85]},{"time":0.6667,"x":-13.91,"y":-3.29,"curve":[0.704,-13.42,0.738,-13.12,0.704,-3.14,0.738,-3.05]},{"time":0.7667,"x":-13.12,"y":-3.05,"curve":[0.777,-13.12,0.788,-12.99,0.777,-3.05,0.788,-3.16]},{"time":0.8,"x":-12.77,"y":-3.34,"curve":[0.869,-11.72,0.976,-7.54,0.869,-4.2,0.976,-7.63]},{"time":1.0333,"x":-7.54,"y":-7.63,"curve":[1.092,-7.54,1.208,-2.84,1.092,-7.63,1.208,9.63]},{"time":1.2667,"x":-2.84,"y":9.63,"curve":[1.325,-2.84,1.442,-2.96,1.325,9.63,1.442,0]},{"time":1.5,"x":-2.96}]},"Body":{"rotate":[{"value":2.6,"curve":[0.075,2.6,0.225,3.64]},{"time":0.3,"value":3.64,"curve":[0.318,3.64,0.34,-0.17]},{"time":0.3667,"value":-5.7,"curve":[0.385,-8.43,0.407,-12.02]},{"time":0.4333,"value":-15.41,"curve":[0.477,-16.29,0.531,-17.09]},{"time":0.6,"value":-17.13,"curve":[0.624,-17.1,0.646,-16.32]},{"time":0.6667,"value":-15.04,"curve":[0.712,-13.24,0.754,-10.38]},{"time":0.8,"value":-7.21,"curve":[0.856,-2.64,0.921,2.94]},{"time":1.0333,"value":3.53,"curve":[1.125,3.53,1.308,2.6]},{"time":1.4,"value":2.6}]},"Chest":{"rotate":[{"value":6.97,"curve":[0.067,6.97,0.2,25.49]},{"time":0.2667,"value":25.49,"curve":[0.293,25.49,0.325,14.04]},{"time":0.3667,"value":-1.42,"curve":[0.386,-5.43,0.408,-10.13]},{"time":0.4333,"value":-14.67,"curve":[0.485,-18.66,0.55,-22.36]},{"time":0.6333,"value":-22.51,"curve":[0.645,-22.47,0.656,-21.9]},{"time":0.6667,"value":-20.9,"curve":[0.689,-19.81,0.712,-18.26]},{"time":0.7333,"value":-16.36,"curve":[0.745,-13.62,0.756,-10.37]},{"time":0.7667,"value":-6.77,"curve":[0.778,-4.65,0.789,-2.43]},{"time":0.8,"value":-0.12,"curve":[0.811,2.14,0.822,4.48]},{"time":0.8333,"value":6.88,"curve":[0.89,12.03,0.959,17.33]},{"time":1.0667,"value":17.97,"curve":[1.158,17.97,1.342,6.97]},{"time":1.4333,"value":6.97}],"translate":[{"x":1.32,"y":0.08}]},"Head":{"rotate":[{"value":2.22,"curve":[0.075,2.22,0.225,12.02]},{"time":0.3,"value":12.02,"curve":[0.334,12.02,0.378,1.96]},{"time":0.4333,"value":-11.52,"curve":[0.453,-13.21,0.475,-15.13]},{"time":0.5,"value":-17.04,"curve":[0.542,-20.13,0.596,-23.25]},{"time":0.6667,"value":-23.37,"curve":[0.703,-23.33,0.735,-21.79]},{"time":0.7667,"value":-19.41,"curve":[0.772,-18.93,0.784,-17.81]},{"time":0.8,"value":-16.19,"curve":[0.84,-12.38,0.979,0.87]},{"time":1.0667,"value":2.22,"curve":[1.167,2.22,1.367,2.22]},{"time":1.4667,"value":2.22}],"translate":[{"x":0.54,"y":0.04,"curve":"stepped"},{"time":0.3,"x":0.54,"y":0.04,"curve":[0.36,0.54,0.467,-0.33,0.36,0.04,0.467,23.81]},{"time":0.6667,"x":-0.34,"y":24.26,"curve":[0.715,-0.35,0.758,-0.65,0.715,24.22,0.758,22.25]},{"time":0.8,"x":-1.08,"y":19.38,"curve":[0.865,-1.8,0.931,-3.13,0.865,14.58,0.931,5.74]},{"time":1.0667,"x":-3.24,"y":4.98,"curve":[1.167,-3.24,1.367,0.54,1.167,4.98,1.367,0.04]},{"time":1.4667,"x":0.54,"y":0.04}],"scale":[{"x":0.994,"y":0.994}]},"Scapula_R":{"rotate":[{"value":2.91}],"translate":[{"time":0.2667,"curve":[0.303,0,0.357,0,0.303,0.08,0.357,2.56]},{"time":0.3667,"y":3.51,"curve":[0.385,0,0.423,0,0.385,3.73,0.423,4.38]},{"time":0.4333,"y":5.06,"curve":[0.465,0,0.502,0,0.465,5.24,0.502,5.38]},{"time":0.5333,"y":5.38,"curve":[0.562,0,0.638,0,0.562,5.38,0.638,2.69]},{"time":0.6667,"y":1.49,"curve":[0.708,0,0.733,0,0.708,0.69,0.733,0.13]},{"time":0.7333}]},"Scapula_L":{"rotate":[{"value":-13.67}],"translate":[{"time":0.2667,"curve":[0.303,0,0.357,0,0.303,-0.1,0.357,-3.2]},{"time":0.3667,"y":-4.38,"curve":[0.385,0,0.423,0,0.385,-4.66,0.423,-5.47]},{"time":0.4333,"y":-6.33,"curve":[0.465,0,0.502,0,0.465,-6.55,0.502,-6.72]},{"time":0.5333,"y":-6.72,"curve":[0.562,0,0.638,0,0.562,-6.72,0.638,-3.36]},{"time":0.6667,"y":-1.87,"curve":[0.708,0,0.733,0,0.708,-0.86,0.733,-0.16]},{"time":0.7333}]},"Arm_R_1":{"rotate":[{"value":-2.49,"curve":[0.042,-2.49,0.125,3.81]},{"time":0.1667,"value":3.81,"curve":[0.232,3.81,0.336,-5.56]},{"time":0.4333,"value":-13.58,"curve":[0.509,-19.96,0.582,-25.54]},{"time":0.6333,"value":-25.54,"curve":[0.643,-25.54,0.655,-24.96]},{"time":0.6667,"value":-23.93,"curve":[0.705,-21.95,0.752,-17.36]},{"time":0.8,"value":-12.41,"curve":[0.861,-3.92,0.926,5.62]},{"time":0.9667,"value":5.62,"curve":[1.075,5.62,1.292,-2.49]},{"time":1.4,"value":-2.49,"curve":[1.467,-2.49,1.6,-2.7]},{"time":1.6667,"value":-2.7}]},"Arm_R_2":{"rotate":[{"value":-3.78,"curve":[0.058,-3.78,0.175,1.98]},{"time":0.2333,"value":1.98,"curve":[0.284,1.98,0.357,-2.11]},{"time":0.4333,"value":-6.77,"curve":[0.516,-11.92,0.603,-17.82]},{"time":0.6667,"value":-19.22,"curve":[0.69,-19.55,0.713,-19.73]},{"time":0.7333,"value":-19.73,"curve":[0.752,-19.73,0.775,-18.22]},{"time":0.8,"value":-15.87,"curve":[0.876,-9.34,0.977,5.33]},{"time":1.0333,"value":5.33,"curve":[1.142,5.33,1.358,-3.78]},{"time":1.4667,"value":-3.78,"curve":[1.517,-3.78,1.617,-4]},{"time":1.6667,"value":-4}]},"Arm_L_2":{"rotate":[{"value":-2.19,"curve":[0.083,-2.19,0.25,-4.54]},{"time":0.3333,"value":-4.54,"curve":[0.424,-4.54,0.464,4.44]},{"time":0.6667,"value":6.65,"curve":[0.687,6.78,0.709,6.86]},{"time":0.7333,"value":6.9,"curve":[0.752,6.9,0.775,5.91]},{"time":0.8,"value":4.38,"curve":[0.876,0.11,0.977,-9.48]},{"time":1.0333,"value":-9.48,"curve":[1.108,-9.48,1.258,-2.19]},{"time":1.3333,"value":-2.19}]},"Hand_L":{"rotate":[{"value":-3.9,"curve":"stepped"},{"time":0.3333,"value":-3.9,"curve":[0.37,-3.9,0.401,-7.42]},{"time":0.4333,"value":-12.75,"curve":[0.506,-8.38,0.583,-0.13]},{"time":0.6667,"value":4.82,"curve":[0.699,6.07,0.732,7.09]},{"time":0.7667,"value":7.72,"curve":[0.777,7.72,0.788,7.44]},{"time":0.8,"value":6.94,"curve":[0.878,4.34,1.001,-7.35]},{"time":1.0667,"value":-7.35,"curve":[1.142,-7.35,1.292,-3.9]},{"time":1.3667,"value":-3.9}]},"Hand_R":{"rotate":[{"value":-2.9,"curve":[0.168,-2.9,0.415,-3.28]},{"time":0.6667,"value":-3.69,"curve":[0.711,-3.74,0.756,-3.8]},{"time":0.8,"value":-3.85,"curve":[1.04,-4.23,1.273,-4.59]},{"time":1.4333,"value":-4.59}]},"Chest3":{"scale":[{"x":0.927}]},"Head4":{"rotate":[{"value":3.42}]},"Head5":{"rotate":[{"value":1.25}]},"Arm_L_1":{"rotate":[{"value":-12.68,"curve":[0.075,-12.68,0.225,-15.77]},{"time":0.3,"value":-15.77,"curve":[0.392,-15.77,0.426,-14.74]},{"time":0.6667,"value":-14.67,"curve":[0.702,-14.67,0.749,-15.08]},{"time":0.8,"value":-15.64,"curve":[0.87,-16.61,0.951,-18.08]},{"time":1,"value":-18.08,"curve":[1.075,-18.08,1.225,-12.68]},{"time":1.3,"value":-12.68}]},"Leg_R1":{"rotate":[{"value":-11.2,"curve":[0.058,-11.2,0.175,-20.57]},{"time":0.2333,"value":-20.57,"curve":[0.245,-21.02,0.264,-35.32]},{"time":0.2667,"value":-40.77,"curve":[0.303,-40.24,0.357,-23.04]},{"time":0.3667,"value":-16.48,"curve":[0.385,-10.83,0.423,5.75]},{"time":0.4333,"value":23.2,"curve":[0.465,33.52,0.502,41.2]},{"time":0.5333,"value":41.2,"curve":[0.562,41.2,0.638,13.14]},{"time":0.6667,"value":0.63,"curve":[0.708,-5.76,0.733,-10.17]},{"time":0.7333,"value":-11.2,"curve":[0.75,-11.2,0.783,-0.97]},{"time":0.8,"value":-0.97}]},"Leg_R2":{"rotate":[{"value":17.79,"curve":[0.058,17.79,0.175,25.25]},{"time":0.2333,"value":25.25,"curve":[0.245,25.62,0.264,37.77]},{"time":0.2667,"value":42.41,"curve":[0.303,42.21,0.357,35.67]},{"time":0.3667,"value":33.17,"curve":[0.385,29.18,0.423,17.48]},{"time":0.4333,"value":5.16,"curve":[0.465,-6.77,0.502,-15.65]},{"time":0.5333,"value":-15.65,"curve":[0.562,-15.65,0.638,23.64]},{"time":0.6667,"value":41.14,"curve":[0.708,28.51,0.733,19.81]},{"time":0.7333,"value":17.79,"curve":[0.75,17.79,0.783,49.13]},{"time":0.8,"value":49.13}]},"Leg_L1":{"rotate":[{"value":-23.84,"curve":[0.067,-23.84,0.2,-37.12]},{"time":0.2667,"value":-37.12,"curve":[0.279,-37.41,0.297,-46.73]},{"time":0.3,"value":-50.28,"curve":[0.336,-50.94,0.391,-72.32]},{"time":0.4,"value":-80.47,"curve":[0.419,-83.43,0.457,-92.11]},{"time":0.4667,"value":-101.25,"curve":[0.499,-99.26,0.536,-97.78]},{"time":0.5667,"value":-97.78,"curve":[0.588,-97.78,0.633,-94.9]},{"time":0.6667,"value":-92.5,"curve":[0.724,-57.84,0.767,-27.78]},{"time":0.7667,"value":-23.84,"curve":[0.775,-23.84,0.792,-66.74]},{"time":0.8,"value":-66.74}]},"Leg_L2":{"rotate":[{"value":31.12,"curve":[0.067,31.12,0.2,45.56]},{"time":0.2667,"value":45.56,"curve":[0.279,46.1,0.297,63.68]},{"time":0.3,"value":70.38,"curve":[0.336,71.05,0.391,92.76]},{"time":0.4,"value":101.04,"curve":[0.419,94.96,0.457,77.13]},{"time":0.4667,"value":58.36,"curve":[0.499,50.93,0.536,45.4]},{"time":0.5667,"value":45.4,"curve":[0.588,45.4,0.633,33.05]},{"time":0.6667,"value":22.75,"curve":[0.724,26.98,0.767,30.64]},{"time":0.7667,"value":31.12,"curve":[0.775,31.12,0.792,50.87]},{"time":0.8,"value":50.87}]},"Foot_R":{"rotate":[{"time":0.5333,"curve":[0.562,0,0.638,11.41]},{"time":0.6667,"value":16.49,"curve":[0.708,19.93,0.733,22.29]},{"time":0.7333,"value":22.84,"curve":"stepped"},{"time":0.8667,"value":22.84,"curve":[0.983,22.84,1.217,0]},{"time":1.3333}],"translate":[{"time":0.5333,"curve":[0.562,0,0.638,-6.03,0.562,0,0.638,14.64]},{"time":0.6667,"x":-8.72,"y":21.17,"curve":[0.708,-10.53,0.733,-11.78,0.708,25.57,0.733,28.6]},{"time":0.7333,"x":-12.07,"y":29.31,"curve":"stepped"},{"time":0.8667,"x":-12.07,"y":29.31,"curve":[0.983,-12.07,1.217,0,0.983,29.31,1.217,0]},{"time":1.3333}]},"Foor_L":{"rotate":[{"curve":[0.025,0,0.063,3.33]},{"time":0.1,"value":6.67,"curve":[0.163,3.33,0.225,0]},{"time":0.2667,"curve":"stepped"},{"time":0.3,"curve":[0.348,1.36,0.421,45.53]},{"time":0.4333,"value":62.37,"curve":[0.443,51.75,0.454,37.02]},{"time":0.4667,"value":18.93,"curve":[0.477,7.64,0.489,-5.74]},{"time":0.5,"value":-20.74,"curve":[0.511,-27.11,0.522,-33.9]},{"time":0.5333,"value":-41.03,"curve":[0.592,-48.79,0.644,-58.04]},{"time":0.6667,"value":-67.51,"curve":[0.688,-67.51,0.736,-48.01]},{"time":0.7667,"value":-34.27,"curve":[0.786,-15.44,0.8,-0.55]},{"time":0.8,"value":1.73,"curve":"stepped"},{"time":1,"value":1.73,"curve":[1.018,1.73,1.041,3.62]},{"time":1.0667,"value":6.32,"curve":[1.124,8.18,1.193,11.44]},{"time":1.2333,"value":11.44,"curve":[1.258,11.44,1.308,0]},{"time":1.3333}],"translate":[{"curve":[0.025,0,0.063,9.03,0.025,0,0.063,5.02]},{"time":0.1,"x":18.06,"y":10.03,"curve":[0.163,27.09,0.225,36.13,0.163,5.02,0.225,0]},{"time":0.2667,"x":36.13,"curve":"stepped"},{"time":0.3,"x":36.13,"curve":[0.31,36.12,0.322,36.09,0.31,0.54,0.322,6.8]},{"time":0.3333,"x":36.05,"y":15.64,"curve":[0.345,32.2,0.357,27.23,0.345,21.2,0.357,28.4]},{"time":0.3667,"x":22.48,"y":35.26,"curve":[0.383,13.15,0.395,4.28,0.383,40.36,0.395,45.22]},{"time":0.4,"x":-1.49,"y":48.37,"curve":[0.408,-15.07,0.421,-41.79,0.408,47.01,0.421,44.33]},{"time":0.4333,"x":-75.59,"y":40.94,"curve":[0.448,-133.86,0.461,-204.35,0.448,38.61,0.461,35.79]},{"time":0.4667,"x":-276.66,"y":32.89,"curve":[0.477,-298.37,0.489,-318.22,0.477,51.17,0.489,67.88]},{"time":0.5,"x":-335.05,"y":82.06,"curve":[0.511,-345.31,0.522,-353.73,0.511,102.9,0.522,119.99]},{"time":0.5333,"x":-359.58,"y":131.87,"curve":[0.545,-359.58,0.556,-359.58,0.545,136.32,0.556,140.27]},{"time":0.5667,"x":-359.58,"y":143.71,"curve":[0.578,-362.89,0.589,-365.7,0.578,148.45,0.589,152.46]},{"time":0.6,"x":-367.97,"y":155.71,"curve":[0.611,-376.47,0.623,-380.96,0.611,153.06,0.623,151.65]},{"time":0.6333,"x":-380.96,"y":151.65,"curve":[0.641,-380.96,0.8,-243.48,0.641,151.65,0.8,-11.56]},{"time":0.8,"x":-242.77,"y":-13.79,"curve":"stepped"},{"time":1,"x":-242.77,"y":-13.79,"curve":[1.05,-242.77,1.15,-45.61,1.05,-13.79,1.15,14.09]},{"time":1.2,"x":-45.61,"y":14.09,"curve":[1.212,-35.47,1.223,-29.56,1.212,15.56,1.223,16.42]},{"time":1.2333,"x":-29.56,"y":16.42,"curve":[1.258,-29.56,1.308,0,1.258,16.42,1.308,0]},{"time":1.3333}]},"Star_1":{"translate":[{"x":-37.29,"y":-12.49,"curve":[0.058,-37.29,0.175,-61.39,0.058,-12.49,0.175,-28.06]},{"time":0.2333,"x":-61.39,"y":-28.06,"curve":[0.245,-61.37,0.264,-60.67,0.245,-28.6,0.264,-46.29]},{"time":0.2667,"x":-60.4,"y":-53.04,"curve":[0.303,-58.04,0.357,18.44,0.303,-52.67,0.357,-40.7]},{"time":0.3667,"x":47.6,"y":-36.14,"curve":[0.385,50.65,0.423,59.59,0.385,-34.02,0.423,-27.81]},{"time":0.4333,"x":69,"y":-21.26,"curve":[0.465,132.48,0.502,179.76,0.465,-43.24,0.502,-59.6]},{"time":0.5333,"x":179.76,"y":-59.6,"curve":[0.562,179.76,0.638,115.5,0.562,-59.6,0.638,-60.46]},{"time":0.6667,"x":86.86,"y":-60.85,"curve":[0.708,19.71,0.733,-26.56,0.708,-34.69,0.733,-16.67]},{"time":0.7333,"x":-37.29,"y":-12.49,"curve":[0.75,-37.29,0.783,-19.33,0.75,-12.49,0.783,-51.37]},{"time":0.8,"x":-19.33,"y":-51.37}]},"Star_2":{"translate":[{"x":-26.39,"y":-19.41,"curve":[0.058,-26.39,0.175,-34.06,0.058,-19.41,0.175,-48.3]},{"time":0.2333,"x":-34.06,"y":-48.3,"curve":[0.245,-34.04,0.264,-33.34,0.245,-48.84,0.264,-66.53]},{"time":0.2667,"x":-33.07,"y":-73.28,"curve":[0.303,-31.88,0.357,6.54,0.303,-71.79,0.357,-23.46]},{"time":0.3667,"x":21.19,"y":-5.03,"curve":[0.385,19.49,0.423,14.48,0.385,3.96,0.423,30.35]},{"time":0.4333,"x":9.21,"y":58.13,"curve":[0.465,50.38,0.502,81.05,0.465,100.91,0.502,132.76]},{"time":0.5333,"x":81.05,"y":132.76,"curve":[0.562,81.05,0.638,33.14,0.562,132.76,0.638,74.92]},{"time":0.6667,"x":11.8,"y":49.14,"curve":[0.708,-8.86,0.733,-23.09,0.708,12.06,0.733,-13.48]},{"time":0.7333,"x":-26.39,"y":-19.41,"curve":[0.75,-26.39,0.783,-75.68,0.75,-19.41,0.783,22.09]},{"time":0.8,"x":-75.68,"y":22.09}]},"Star_3":{"translate":[{"x":-20.31,"y":-7.9,"curve":[0.058,-20.31,0.175,-15.91,0.058,-7.9,0.175,-19.21]},{"time":0.2333,"x":-15.91,"y":-19.21,"curve":[0.245,-15.89,0.264,-15.18,0.245,-19.75,0.264,-37.45]},{"time":0.2667,"x":-14.91,"y":-44.19,"curve":[0.303,-14.76,0.357,-9.83,0.303,-43.97,0.357,-36.8]},{"time":0.3667,"x":-7.95,"y":-34.07,"curve":[0.385,-16.19,0.423,-40.36,0.385,-30.4,0.423,-19.64]},{"time":0.4333,"x":-65.81,"y":-8.32,"curve":[0.465,-87.93,0.502,-104.4,0.465,6.87,0.502,18.17]},{"time":0.5333,"x":-104.4,"y":18.17,"curve":[0.562,-104.4,0.638,-96.33,0.562,18.17,0.638,-18.68]},{"time":0.6667,"x":-92.74,"y":-35.1,"curve":[0.708,-53.56,0.733,-26.57,0.708,-20.39,0.733,-10.25]},{"time":0.7333,"x":-20.31,"y":-7.9,"curve":[0.75,-20.31,0.783,-145,0.75,-7.9,0.783,-40.42]},{"time":0.8,"x":-145,"y":-40.42}]},"Star_4":{"translate":[{"x":-31.67,"y":-1.09,"curve":[0.058,-31.67,0.175,-44.46,0.058,-1.09,0.175,0.84]},{"time":0.2333,"x":-44.46,"y":0.84,"curve":[0.245,-44.44,0.264,-43.73,0.245,0.29,0.264,-17.4]},{"time":0.2667,"x":-43.46,"y":-24.15,"curve":[0.303,-42.08,0.357,2.82,0.303,-25.04,0.357,-54.17]},{"time":0.3667,"x":19.94,"y":-65.27,"curve":[0.385,16.75,0.423,7.41,0.385,-68.54,0.423,-78.11]},{"time":0.4333,"x":-2.43,"y":-88.18,"curve":[0.465,0.01,0.502,1.82,0.465,-138.82,0.502,-176.53]},{"time":0.5333,"x":1.82,"y":-176.53,"curve":[0.562,1.82,0.638,-8.37,0.562,-176.53,0.638,-155.37]},{"time":0.6667,"x":-12.91,"y":-145.94,"curve":[0.708,-23.06,0.733,-30.05,0.708,-67.59,0.733,-13.61]},{"time":0.7333,"x":-31.67,"y":-1.09,"curve":[0.75,-31.67,0.783,-85.31,0.75,-1.09,0.783,-114.29]},{"time":0.8,"x":-85.31,"y":-114.29}]},"Leg":{"rotate":[{"time":0.5,"value":0.34},{"time":0.6667,"value":-102.83}],"translate":[{"time":0.5,"x":100.43,"y":65.74,"curve":[0.507,100.43,0.637,-849.36,0.507,65.74,0.637,510.31]},{"time":0.6667,"x":-849.36,"y":510.31}]},"Head2":{"translate":[{"time":0.1},{"time":0.2,"x":-9.04,"y":1.1,"curve":"stepped"},{"time":0.2667,"x":-9.04,"y":1.1},{"time":0.4}]},"Eylid_R":{"rotate":[{},{"time":0.3,"value":3.32}],"translate":[{"time":0.1},{"time":0.1667,"x":-57.69,"y":7.33,"curve":"stepped"},{"time":0.2667,"x":-57.69,"y":7.33,"curve":[0.276,-57.69,0.285,-40.96,0.276,7.33,0.285,8.78]},{"time":0.3,"x":-22.58,"y":10.36,"curve":[0.315,-13.35,0.335,-3.3,0.315,6.13,0.335,1.52]},{"time":0.3667}],"scale":[{"time":0.2667},{"time":0.3,"x":1.307},{"time":0.3667}]},"Eylid_L":{"translate":[{"time":0.1},{"time":0.1667,"x":-91.67,"y":14.62,"curve":"stepped"},{"time":0.2667,"x":-91.67,"y":14.62},{"time":0.3,"x":-33.71,"y":0.88},{"time":0.3667}],"scale":[{"time":0.2667},{"time":0.3,"x":1.307,"y":1.664},{"time":0.3667}]},"Head3":{"translate":[{"time":0.1},{"time":0.2,"x":-9.04,"y":1.1,"curve":"stepped"},{"time":0.2667,"x":-9.04,"y":1.1},{"time":0.4}]},"Foor_L2":{"rotate":[{"curve":[0.017,0,0.05,-7.71]},{"time":0.0667,"value":-7.71,"curve":[0.117,-7.71,0.217,15.28]},{"time":0.2667,"value":15.28,"curve":[0.308,15.28,0.392,-41.12]},{"time":0.4333,"value":-41.12,"curve":"stepped"},{"time":1,"value":-41.12,"curve":[1.032,-41.12,1.091,-59.97]},{"time":1.1333,"value":-67.52,"curve":[1.206,-28.27,1.273,-0.06]},{"time":1.3333,"value":11.59,"curve":[1.357,4,1.379,0]},{"time":1.4}]}},"drawOrder":[{"offsets":[{"slot":"Hip","offset":-10},{"slot":"Left_leg","offset":-10},{"slot":"Left_leg2","offset":-10},{"slot":"Right_leg","offset":-10},{"slot":"Star","offset":-10}]},{"time":0.5,"offsets":[{"slot":"Hip","offset":-10},{"slot":"Left_leg","offset":-10},{"slot":"Left_leg2","offset":-10},{"slot":"Right_leg","offset":8},{"slot":"Star","offset":-11}]}]},"Idle":{"bones":{"HIP_X":{"rotate":[{"value":3.34,"curve":[0.289,2.65,0.731,0]},{"time":0.9667,"curve":[1.158,0,1.542,3.57]},{"time":1.7333,"value":3.57,"curve":[1.773,3.57,1.818,3.49]},{"time":1.8667,"value":3.34,"curve":[2.156,2.65,2.597,0]},{"time":2.8333,"curve":[3.025,0,3.408,3.57]},{"time":3.6,"value":3.57,"curve":[3.64,3.57,3.685,3.49]},{"time":3.7333,"value":3.34,"curve":[4.022,2.65,4.464,0]},{"time":4.7,"curve":[4.892,0,5.275,3.57]},{"time":5.4667,"value":3.57,"curve":[5.506,3.57,5.551,3.49]},{"time":5.6,"value":3.34}],"translate":[{"y":-11.5,"curve":[0.275,0,0.825,0,0.275,-11.5,0.825,-7.67]},{"time":1.1,"y":-7.67,"curve":[1.292,0,1.675,0,1.292,-7.67,1.675,-11.5]},{"time":1.8667,"y":-11.5,"curve":[2.142,0,2.692,0,2.142,-11.5,2.692,-7.67]},{"time":2.9667,"y":-7.67,"curve":[3.158,0,3.542,0,3.158,-7.67,3.542,-11.5]},{"time":3.7333,"y":-11.5,"curve":[4.008,0,4.558,0,4.008,-11.5,4.558,-7.67]},{"time":4.8333,"y":-7.67,"curve":[5.025,0,5.408,0,5.025,-7.67,5.408,-11.5]},{"time":5.6,"y":-11.5}],"scale":[{"curve":[0.037,1,0.07,1,0.037,1,0.07,1]},{"time":0.1,"curve":[0.383,1,0.95,0.994,0.383,1,0.95,0.994]},{"time":1.2333,"x":0.994,"y":0.994,"curve":[1.388,0.994,1.676,0.999,1.388,0.994,1.676,0.999]},{"time":1.8667,"curve":[1.903,1,1.937,1,1.903,1,1.937,1]},{"time":1.9667,"curve":[2.25,1,2.817,0.994,2.25,1,2.817,0.994]},{"time":3.1,"x":0.994,"y":0.994,"curve":[3.255,0.994,3.542,0.999,3.255,0.994,3.542,0.999]},{"time":3.7333,"curve":[3.77,1,3.804,1,3.77,1,3.804,1]},{"time":3.8333,"curve":[4.117,1,4.683,0.994,4.117,1,4.683,0.994]},{"time":4.9667,"x":0.994,"y":0.994,"curve":[5.121,0.994,5.409,0.999,5.121,0.994,5.409,0.999]},{"time":5.6}]},"HIP_Y":{"translate":[{"x":-2.96,"curve":[0.076,-2.71,0.144,-2.56,0.076,0,0.144,0]},{"time":0.2,"x":-2.56,"curve":[0.475,-2.56,1.025,-5.11,0.475,0,1.025,0]},{"time":1.3,"x":-5.11,"curve":[1.384,-5.11,1.507,-4.57,1.384,0,1.507,0]},{"time":1.6333,"x":-3.99,"curve":[1.713,-3.62,1.795,-3.22,1.713,0,1.795,0]},{"time":1.8667,"x":-2.96,"curve":[1.942,-2.71,2.011,-2.56,1.942,0,2.011,0]},{"time":2.0667,"x":-2.56,"curve":[2.342,-2.56,2.892,-5.11,2.342,0,2.892,0]},{"time":3.1667,"x":-5.11,"curve":[3.251,-5.11,3.374,-4.57,3.251,0,3.374,0]},{"time":3.5,"x":-3.99,"curve":[3.58,-3.62,3.661,-3.22,3.58,0,3.661,0]},{"time":3.7333,"x":-2.96,"curve":[3.809,-2.71,3.877,-2.56,3.809,0,3.877,0]},{"time":3.9333,"x":-2.56,"curve":[4.208,-2.56,4.758,-5.11,4.208,0,4.758,0]},{"time":5.0333,"x":-5.11,"curve":[5.118,-5.11,5.24,-4.57,5.118,0,5.24,0]},{"time":5.3667,"x":-3.99,"curve":[5.447,-3.62,5.528,-3.22,5.447,0,5.528,0]},{"time":5.6,"x":-2.96}]},"Body":{"rotate":[{"value":2.6,"curve":[0.024,2.67,0.046,2.7]},{"time":0.0667,"value":2.7,"curve":[0.35,2.7,0.917,-0.31]},{"time":1.2,"value":-0.31,"curve":[1.364,-0.31,1.676,2.15]},{"time":1.8667,"value":2.6,"curve":[1.891,2.67,1.913,2.7]},{"time":1.9333,"value":2.7,"curve":[2.217,2.7,2.783,-0.31]},{"time":3.0667,"value":-0.31,"curve":[3.23,-0.31,3.543,2.15]},{"time":3.7333,"value":2.6,"curve":[3.757,2.67,3.78,2.7]},{"time":3.8,"value":2.7,"curve":[4.083,2.7,4.65,-0.31]},{"time":4.9333,"value":-0.31,"curve":[5.097,-0.31,5.409,2.15]},{"time":5.6,"value":2.6}]},"Chest":{"rotate":[{"value":6.97,"curve":[0.05,7.31,0.095,7.51]},{"time":0.1333,"value":7.51,"curve":[0.417,7.51,0.983,2.57]},{"time":1.2667,"value":2.57,"curve":[1.412,2.57,1.678,5.79]},{"time":1.8667,"value":6.97,"curve":[1.916,7.31,1.962,7.51]},{"time":2,"value":7.51,"curve":[2.283,7.51,2.85,2.57]},{"time":3.1333,"value":2.57,"curve":[3.279,2.57,3.544,5.79]},{"time":3.7333,"value":6.97,"curve":[3.783,7.31,3.828,7.51]},{"time":3.8667,"value":7.51,"curve":[4.15,7.51,4.717,2.57]},{"time":5,"value":2.57,"curve":[5.146,2.57,5.411,5.79]},{"time":5.6,"value":6.97}],"translate":[{"x":1.32,"y":0.08,"curve":[0.178,0.77,0.378,0,0.178,0.05,0.378,0]},{"time":0.5,"curve":[0.775,0,1.325,1.95,0.775,0,1.325,0.12]},{"time":1.6,"x":1.95,"y":0.12,"curve":[1.67,1.95,1.765,1.67,1.67,0.12,1.765,0.11]},{"time":1.8667,"x":1.32,"y":0.08,"curve":[2.045,0.77,2.245,0,2.045,0.05,2.245,0]},{"time":2.3667,"curve":[2.642,0,3.192,1.95,2.642,0,3.192,0.12]},{"time":3.4667,"x":1.95,"y":0.12,"curve":[3.536,1.95,3.631,1.67,3.536,0.12,3.631,0.11]},{"time":3.7333,"x":1.32,"y":0.08,"curve":[3.912,0.77,4.111,0,3.912,0.05,4.111,0]},{"time":4.2333,"curve":[4.508,0,5.058,1.95,4.508,0,5.058,0.12]},{"time":5.3333,"x":1.95,"y":0.12,"curve":[5.403,1.95,5.498,1.67,5.403,0.12,5.498,0.11]},{"time":5.6,"x":1.32,"y":0.08}]},"Head":{"rotate":[{"value":2.22,"curve":[0.079,3.33,0.167,4.22]},{"time":0.2667,"value":4.4,"curve":[0.533,4.4,1.067,-5.89]},{"time":1.3333,"value":-5.89,"curve":[1.451,-5.89,1.58,-2.96]},{"time":1.7333,"value":0.09,"curve":[1.846,2.06,1.976,4.1]},{"time":2.1333,"value":4.4,"curve":[2.4,4.4,2.933,-5.89]},{"time":3.2,"value":-5.89,"curve":[3.318,-5.89,3.447,-2.96]},{"time":3.6,"value":0.09,"curve":[3.713,2.06,3.843,4.1]},{"time":4,"value":4.4,"curve":[4.267,4.4,4.8,-5.89]},{"time":5.0667,"value":-5.89,"curve":[5.185,-5.89,5.314,-2.96]},{"time":5.4667,"value":0.09,"curve":[5.509,0.82,5.553,1.55]},{"time":5.6,"value":2.22}],"translate":[{"x":0.54,"y":0.04,"curve":[0.033,0.63,0.066,0.72,0.033,0.05,0.066,0.05]},{"time":0.1,"x":0.82,"y":0.06,"curve":[0.122,0.88,0.144,0.95,0.122,0.06,0.144,0.07]},{"time":0.1667,"x":1.01,"y":0.07,"curve":[0.354,1.52,0.542,2.03,0.354,0.11,0.542,0.15]},{"time":0.6667,"x":2.03,"y":0.15,"curve":[0.892,2.03,1.342,0,0.892,0.15,1.342,0]},{"time":1.5667,"curve":[1.615,0,1.671,0.08,1.615,0,1.671,0.01]},{"time":1.7333,"x":0.22,"y":0.02,"curve":[1.805,0.36,1.885,0.58,1.805,0.03,1.885,0.04]},{"time":1.9667,"x":0.82,"y":0.06,"curve":[1.989,0.88,2.011,0.95,1.989,0.06,2.011,0.07]},{"time":2.0333,"x":1.01,"y":0.07,"curve":[2.221,1.52,2.408,2.03,2.221,0.11,2.408,0.15]},{"time":2.5333,"x":2.03,"y":0.15,"curve":[2.758,2.03,3.208,0,2.758,0.15,3.208,0]},{"time":3.4333,"curve":[3.481,0,3.538,0.08,3.481,0,3.538,0.01]},{"time":3.6,"x":0.22,"y":0.02,"curve":[3.671,0.36,3.751,0.58,3.671,0.03,3.751,0.04]},{"time":3.8333,"x":0.82,"y":0.06,"curve":[3.855,0.88,3.878,0.95,3.855,0.06,3.878,0.07]},{"time":3.9,"x":1.01,"y":0.07,"curve":[4.088,1.52,4.275,2.03,4.088,0.11,4.275,0.15]},{"time":4.4,"x":2.03,"y":0.15,"curve":[4.625,2.03,5.075,0,4.625,0.15,5.075,0]},{"time":5.3,"curve":[5.348,0,5.405,0.08,5.348,0,5.405,0.01]},{"time":5.4667,"x":0.22,"y":0.02,"curve":[5.509,0.3,5.553,0.41,5.509,0.02,5.553,0.03]},{"time":5.6,"x":0.54,"y":0.04}],"scale":[{"x":0.994,"y":0.994,"curve":[0.126,0.997,0.249,1,0.126,0.997,0.249,1]},{"time":0.3333,"curve":[0.617,1,1.183,0.986,0.617,1,1.183,0.986]},{"time":1.4667,"x":0.986,"y":0.986,"curve":[1.536,0.986,1.631,0.988,1.536,0.986,1.631,0.988]},{"time":1.7333,"x":0.991,"y":0.991,"curve":[1.9,0.995,2.086,1,1.9,0.995,2.086,1]},{"time":2.2,"curve":[2.483,1,3.05,0.986,2.483,1,3.05,0.986]},{"time":3.3333,"x":0.986,"y":0.986,"curve":[3.403,0.986,3.498,0.988,3.403,0.986,3.498,0.988]},{"time":3.6,"x":0.991,"y":0.991,"curve":[3.767,0.995,3.953,1,3.767,0.995,3.953,1]},{"time":4.0667,"curve":[4.35,1,4.917,0.986,4.35,1,4.917,0.986]},{"time":5.2,"x":0.986,"y":0.986,"curve":[5.27,0.986,5.365,0.988,5.27,0.986,5.365,0.988]},{"time":5.4667,"x":0.991,"y":0.991,"curve":[5.51,0.992,5.555,0.993,5.51,0.992,5.555,0.993]},{"time":5.6,"x":0.994,"y":0.994}]},"Scapula_R":{"rotate":[{"value":2.91,"curve":[0.076,3.36,0.145,3.67]},{"time":0.2,"value":3.67},{"time":1.3,"curve":[1.437,0,1.675,1.88]},{"time":1.8667,"value":2.91,"curve":[1.943,3.36,2.012,3.67]},{"time":2.0667,"value":3.67},{"time":3.1667,"curve":[3.304,0,3.541,1.88]},{"time":3.7333,"value":2.91,"curve":[3.809,3.36,3.879,3.67]},{"time":3.9333,"value":3.67},{"time":5.0333,"curve":[5.171,0,5.408,1.88]},{"time":5.6,"value":2.91}]},"Scapula_L":{"rotate":[{"value":-13.67,"curve":[0.076,-14.13,0.146,-14.45]},{"time":0.2,"value":-14.45,"curve":[0.475,-14.45,1.025,-10.85]},{"time":1.3,"value":-10.85,"curve":[1.437,-10.85,1.674,-12.66]},{"time":1.8667,"value":-13.67,"curve":[1.943,-14.13,2.012,-14.45]},{"time":2.0667,"value":-14.45,"curve":[2.342,-14.45,2.892,-10.85]},{"time":3.1667,"value":-10.85,"curve":[3.304,-10.85,3.54,-12.66]},{"time":3.7333,"value":-13.67,"curve":[3.81,-14.13,3.879,-14.45]},{"time":3.9333,"value":-14.45,"curve":[4.208,-14.45,4.758,-10.85]},{"time":5.0333,"value":-10.85,"curve":[5.171,-10.85,5.407,-12.66]},{"time":5.6,"value":-13.67}]},"Arm_R_1":{"rotate":[{"value":-2.49,"curve":[0.022,-2.26,0.045,-2.04]},{"time":0.0667,"value":-1.82,"curve":[0.169,-0.8,0.264,0]},{"time":0.3333},{"time":1.4667,"value":-5.67,"curve":[1.566,-5.67,1.719,-4]},{"time":1.8667,"value":-2.49,"curve":[1.889,-2.26,1.911,-2.04]},{"time":1.9333,"value":-1.82,"curve":[2.035,-0.8,2.13,0]},{"time":2.2},{"time":3.3333,"value":-5.67,"curve":[3.432,-5.67,3.585,-4]},{"time":3.7333,"value":-2.49,"curve":[3.756,-2.26,3.778,-2.04]},{"time":3.8,"value":-1.82,"curve":[3.902,-0.8,3.997,0]},{"time":4.0667},{"time":5.2,"value":-5.67,"curve":[5.299,-5.67,5.452,-4]},{"time":5.6,"value":-2.49}]},"Arm_R_2":{"rotate":[{"value":-3.78,"curve":[0.022,-3.51,0.044,-3.24]},{"time":0.0667,"value":-2.97,"curve":[0.089,-2.69,0.111,-2.43]},{"time":0.1333,"value":-2.17,"curve":[0.235,-0.96,0.33,0]},{"time":0.4},{"time":1.5333,"value":-6.75,"curve":[1.618,-6.75,1.74,-5.33]},{"time":1.8667,"value":-3.78,"curve":[1.889,-3.51,1.911,-3.24]},{"time":1.9333,"value":-2.97,"curve":[1.956,-2.69,1.978,-2.43]},{"time":2,"value":-2.17,"curve":[2.102,-0.96,2.197,0]},{"time":2.2667},{"time":3.4,"value":-6.75,"curve":[3.484,-6.75,3.607,-5.33]},{"time":3.7333,"value":-3.78,"curve":[3.756,-3.51,3.778,-3.24]},{"time":3.8,"value":-2.97,"curve":[3.822,-2.69,3.845,-2.43]},{"time":3.8667,"value":-2.17,"curve":[3.969,-0.96,4.064,0]},{"time":4.1333},{"time":5.2667,"value":-6.75,"curve":[5.351,-6.75,5.474,-5.33]},{"time":5.6,"value":-3.78}]},"Arm_L_2":{"rotate":[{"value":-2.19,"curve":[0.011,-2.1,0.022,-2.01]},{"time":0.0333,"value":-1.92,"curve":[0.056,-1.75,0.078,-1.57]},{"time":0.1,"value":-1.41,"curve":[0.147,-1.04,0.192,-0.72]},{"time":0.2333,"value":-0.48,"curve":[0.283,-0.18,0.328,0]},{"time":0.3667},{"time":1.5,"value":-4.38,"curve":[1.584,-4.38,1.707,-3.46]},{"time":1.8333,"value":-2.45,"curve":[1.856,-2.28,1.878,-2.1]},{"time":1.9,"value":-1.92,"curve":[1.922,-1.75,1.945,-1.57]},{"time":1.9667,"value":-1.41,"curve":[2.069,-0.62,2.164,0]},{"time":2.2333},{"time":3.3667,"value":-4.38,"curve":[3.451,-4.38,3.574,-3.46]},{"time":3.7,"value":-2.45,"curve":[3.722,-2.28,3.744,-2.1]},{"time":3.7667,"value":-1.92,"curve":[3.789,-1.75,3.811,-1.57]},{"time":3.8333,"value":-1.41,"curve":[3.935,-0.62,4.03,0]},{"time":4.1},{"time":5.2333,"value":-4.38,"curve":[5.318,-4.38,5.44,-3.46]},{"time":5.5667,"value":-2.45,"curve":[5.578,-2.36,5.589,-2.28]},{"time":5.6,"value":-2.19}]},"Hand_L":{"rotate":[{"value":-3.9,"curve":[0.032,-3.72,0.065,-3.49]},{"time":0.1,"value":-3.22,"curve":[0.132,-2.99,0.166,-2.72]},{"time":0.2,"value":-2.45,"curve":[0.222,-2.28,0.244,-2.1]},{"time":0.2667,"value":-1.92,"curve":[0.289,-1.75,0.311,-1.57]},{"time":0.3333,"value":-1.41,"curve":[0.38,-1.04,0.425,-0.72]},{"time":0.4667,"value":-0.48,"curve":[0.516,-0.18,0.562,0]},{"time":0.6,"curve":[0.883,0,1.45,-4.38]},{"time":1.7333,"value":-4.38,"curve":[1.818,-4.38,1.94,-3.46]},{"time":2.0667,"value":-2.45,"curve":[2.089,-2.28,2.111,-2.1]},{"time":2.1333,"value":-1.92,"curve":[2.156,-1.75,2.178,-1.57]},{"time":2.2,"value":-1.41,"curve":[2.302,-0.62,2.397,0]},{"time":2.4667,"curve":[2.75,0,3.317,-4.38]},{"time":3.6,"value":-4.38,"curve":[3.684,-4.38,3.807,-3.46]},{"time":3.9333,"value":-2.45,"curve":[3.956,-2.28,3.978,-2.1]},{"time":4,"value":-1.92,"curve":[4.022,-1.75,4.045,-1.57]},{"time":4.0667,"value":-1.41,"curve":[4.169,-0.62,4.264,0]},{"time":4.3333,"curve":[4.617,0,5.183,-4.38]},{"time":5.4667,"value":-4.38,"curve":[5.505,-4.38,5.55,-4.2]},{"time":5.6,"value":-3.9}]},"Hand_R":{"rotate":[{"value":-4.59,"curve":[0.022,-4.33,0.044,-4.06]},{"time":0.0667,"value":-3.78,"curve":[0.089,-3.51,0.111,-3.24]},{"time":0.1333,"value":-2.97,"curve":[0.156,-2.69,0.178,-2.43]},{"time":0.2,"value":-2.17,"curve":[0.315,-0.96,0.422,0]},{"time":0.5},{"time":1.6,"value":-6.75,"curve":[1.67,-6.75,1.765,-5.8]},{"time":1.8667,"value":-4.59,"curve":[1.889,-4.33,1.911,-4.06]},{"time":1.9333,"value":-3.78,"curve":[1.956,-3.51,1.978,-3.24]},{"time":2,"value":-2.97,"curve":[2.022,-2.69,2.045,-2.43]},{"time":2.0667,"value":-2.17,"curve":[2.181,-0.96,2.288,0]},{"time":2.3667},{"time":3.4667,"value":-6.75,"curve":[3.536,-6.75,3.631,-5.8]},{"time":3.7333,"value":-4.59,"curve":[3.755,-4.33,3.778,-4.06]},{"time":3.8,"value":-3.78,"curve":[3.822,-3.51,3.844,-3.24]},{"time":3.8667,"value":-2.97,"curve":[3.889,-2.69,3.911,-2.43]},{"time":3.9333,"value":-2.17,"curve":[4.048,-0.96,4.155,0]},{"time":4.2333},{"time":5.3333,"value":-6.75,"curve":[5.403,-6.75,5.498,-5.8]},{"time":5.6,"value":-4.59}]},"Chest3":{"scale":[{"x":0.927,"curve":[0.022,0.924,0.044,0.921,0.022,1,0.044,1]},{"time":0.0667,"x":0.918,"curve":[0.127,0.911,0.193,0.906,0.127,1,0.193,1]},{"time":0.2667,"x":0.905,"curve":[0.542,0.905,1.092,1,0.542,1,1.092,1]},{"time":1.3667,"curve":[1.508,1,1.664,0.958,1.508,1,1.664,1]},{"time":1.8667,"x":0.927,"curve":[1.888,0.924,1.91,0.921,1.888,1,1.91,1]},{"time":1.9333,"x":0.918,"curve":[1.994,0.911,2.06,0.906,1.994,1,2.06,1]},{"time":2.1333,"x":0.905,"curve":[2.408,0.905,2.958,1,2.408,1,2.958,1]},{"time":3.2333,"curve":[3.375,1,3.531,0.958,3.375,1,3.531,1]},{"time":3.7333,"x":0.927,"curve":[3.755,0.924,3.777,0.921,3.755,1,3.777,1]},{"time":3.8,"x":0.918,"curve":[3.861,0.911,3.927,0.906,3.861,1,3.927,1]},{"time":4,"x":0.905,"curve":[4.275,0.905,4.825,1,4.275,1,4.825,1]},{"time":5.1,"curve":[5.241,1,5.398,0.958,5.241,1,5.398,1]},{"time":5.6,"x":0.927}]},"Eylid_R":{"rotate":[{"time":4.1667,"value":3.32}],"translate":[{"time":4},{"time":4.0333,"x":-57.69,"y":7.33,"curve":"stepped"},{"time":4.1333,"x":-57.69,"y":7.33,"curve":[4.143,-57.69,4.152,-40.96,4.143,7.33,4.152,8.78]},{"time":4.1667,"x":-22.58,"y":10.36,"curve":[4.174,-13.35,4.184,-3.3,4.174,6.13,4.184,1.52]},{"time":4.2}],"scale":[{"time":4.1333},{"time":4.1667,"x":1.307},{"time":4.2}]},"Eylid_L":{"translate":[{"time":4},{"time":4.0333,"x":-91.67,"y":14.62,"curve":"stepped"},{"time":4.1333,"x":-91.67,"y":14.62},{"time":4.1667,"x":-33.71,"y":0.88},{"time":4.2}],"scale":[{"time":4.1333},{"time":4.1667,"x":1.307,"y":1.664},{"time":4.2}]},"Head2":{"translate":[{"time":4},{"time":4.0667,"x":-9.04,"y":1.1,"curve":"stepped"},{"time":4.1333,"x":-9.04,"y":1.1},{"time":4.1667,"x":-6.02,"y":0.73},{"time":4.2333}]},"Head3":{"translate":[{"time":4},{"time":4.0667,"x":-9.04,"y":1.1,"curve":"stepped"},{"time":4.1333,"x":-9.04,"y":1.1},{"time":4.1667,"x":-6.02,"y":0.73},{"time":4.2333}]},"Head4":{"rotate":[{"value":3.42,"curve":[0.112,5.36,0.226,7.43]},{"time":0.3,"value":7.43,"curve":[0.475,7.43,0.825,-1.99]},{"time":1,"value":-1.99,"curve":[1.15,-1.99,1.45,0]},{"time":1.6,"curve":[1.742,0,2.025,7.43]},{"time":2.1667,"value":7.43,"curve":[2.342,7.43,2.692,-1.99]},{"time":2.8667,"value":-1.99,"curve":[3.017,-1.99,3.317,0]},{"time":3.4667,"curve":[3.608,0,3.892,7.43]},{"time":4.0333,"value":7.43,"curve":[4.208,7.43,4.558,-1.99]},{"time":4.7333,"value":-1.99,"curve":[4.883,-1.99,5.183,0]},{"time":5.3333,"curve":[5.401,0,5.499,1.66]},{"time":5.6,"value":3.42}]},"Head5":{"rotate":[{"value":1.25,"curve":[0.143,3.23,0.328,7.43]},{"time":0.4333,"value":7.43,"curve":[0.608,7.43,0.958,-1.99]},{"time":1.1333,"value":-1.99,"curve":[1.283,-1.99,1.583,0]},{"time":1.7333,"curve":[1.875,0,2.158,7.43]},{"time":2.3,"value":7.43,"curve":[2.475,7.43,2.825,-1.99]},{"time":3,"value":-1.99,"curve":[3.15,-1.99,3.45,0]},{"time":3.6,"curve":[3.742,0,4.025,7.43]},{"time":4.1667,"value":7.43,"curve":[4.342,7.43,4.692,-1.99]},{"time":4.8667,"value":-1.99,"curve":[5.017,-1.99,5.317,0]},{"time":5.4667,"curve":[5.504,0,5.55,0.49]},{"time":5.6,"value":1.25}]},"Head6":{"rotate":[{"curve":[0.142,0,0.425,7.43]},{"time":0.5667,"value":7.43,"curve":[0.742,7.43,1.092,-1.99]},{"time":1.2667,"value":-1.99,"curve":[1.417,-1.99,1.717,0]},{"time":1.8667,"curve":[2.008,0,2.292,7.43]},{"time":2.4333,"value":7.43,"curve":[2.608,7.43,2.958,-1.99]},{"time":3.1333,"value":-1.99,"curve":[3.283,-1.99,3.583,0]},{"time":3.7333,"curve":[3.875,0,4.158,7.43]},{"time":4.3,"value":7.43,"curve":[4.475,7.43,4.825,-1.99]},{"time":5,"value":-1.99,"curve":[5.15,-1.99,5.45,0]},{"time":5.6}]},"Arm_L_1":{"rotate":[{"value":-12.68}]}}},"Knockout":{"slots":{"Star":{"attachment":[{"name":"Star"}]},"Star2":{"attachment":[{"name":"Star"}]},"Star3":{"attachment":[{"name":"Star"}]},"Star4":{"attachment":[{"name":"Star"}]},"Wind":{"attachment":[{"name":"Wind"}]},"Wind2":{"attachment":[{"name":"Wind"}]},"Wind3":{"attachment":[{"name":"Wind"}]},"Wind4":{"attachment":[{"name":"Wind"}]}},"bones":{"HIP_X":{"rotate":[{"value":3.34,"curve":[0.429,2.65,1.083,0]},{"time":1.4333,"curve":[1.717,0,2.283,3.57]},{"time":2.5667,"value":3.57,"curve":[2.626,3.57,2.694,3.49]},{"time":2.7667,"value":3.34}],"translate":[{"x":38.03,"y":-242.42}],"scale":[{"curve":[0.061,1,0.117,1,0.061,1,0.117,1]},{"time":0.1667,"curve":[0.583,1,1.417,0.994,0.583,1,1.417,0.994]},{"time":1.8333,"x":0.994,"y":0.994,"curve":[2.061,0.994,2.485,0.999,2.061,0.994,2.485,0.999]},{"time":2.7667}]},"HIP_Y":{"translate":[{"x":-2.96,"curve":[0.113,-2.71,0.216,-2.56,0.113,0,0.216,0]},{"time":0.3,"x":-2.56,"curve":[0.708,-2.56,1.525,-5.11,0.708,0,1.525,0]},{"time":1.9333,"x":-5.11,"curve":[2.06,-5.11,2.244,-4.57,2.06,0,2.244,0]},{"time":2.4333,"x":-3.99,"curve":[2.547,-3.62,2.664,-3.22,2.547,0,2.664,0]},{"time":2.7667,"x":-2.96}]},"Body":{"rotate":[{"value":23.75,"curve":[0.036,23.81,0.069,23.85]},{"time":0.1,"value":23.85,"curve":[0.475,23.85,1.225,20.83]},{"time":1.6,"value":20.83,"curve":[1.886,20.83,2.433,23.3]},{"time":2.7667,"value":23.75}]},"Chest":{"rotate":[{"value":8.69,"curve":[0.075,9.03,0.143,9.23]},{"time":0.2,"value":9.23,"curve":[0.567,9.23,1.3,4.28]},{"time":1.6667,"value":4.28,"curve":[1.934,4.28,2.42,7.51]},{"time":2.7667,"value":8.69}],"translate":[{"x":1.32,"y":0.08,"curve":[0.274,0.77,0.58,0,0.274,0.05,0.58,0]},{"time":0.7667,"curve":[1.175,0,1.992,1.95,1.175,0,1.992,0.12]},{"time":2.4,"x":1.95,"y":0.12,"curve":[2.496,1.95,2.626,1.67,2.496,0.12,2.626,0.11]},{"time":2.7667,"x":1.32,"y":0.08}]},"Head":{"rotate":[{"value":12.49,"curve":[0.178,14.6,0.347,16.4]},{"time":0.4667,"value":16.4,"curve":[0.833,16.4,1.567,6.11]},{"time":1.9333,"value":6.11,"curve":[2.138,6.11,2.463,9.62]},{"time":2.7667,"value":12.49}],"translate":[{"x":-17.12,"y":21.34,"curve":[0.054,-17.03,0.11,-16.93,0.054,21.35,0.11,21.36]},{"time":0.1667,"x":-16.83,"y":21.36,"curve":[0.2,-16.77,0.233,-16.7,0.2,21.37,0.233,21.37]},{"time":0.2667,"x":-16.64,"y":21.38,"curve":[0.579,-16.13,0.892,-15.63,0.579,21.41,0.892,21.45]},{"time":1.1,"x":-15.63,"y":21.45,"curve":[1.458,-15.63,2.175,-17.65,1.458,21.45,2.175,21.3]},{"time":2.5333,"x":-17.65,"y":21.3,"curve":[2.601,-17.65,2.68,-17.57,2.601,21.3,2.68,21.31]},{"time":2.7667,"x":-17.44,"y":21.32}],"scale":[{"x":0.997,"y":0.997,"curve":[0.309,1.007,0.655,1.02,0.309,1.007,0.655,1.02]},{"time":0.8667,"x":1.02,"y":1.02,"curve":[1.217,1.02,1.917,0.986,1.217,1.02,1.917,0.986]},{"time":2.2667,"x":0.986,"y":0.986,"curve":[2.397,0.986,2.576,0.991,2.397,0.986,2.576,0.991]},{"time":2.7667,"x":0.997,"y":0.997}]},"Scapula_R":{"rotate":[{"value":14.51}],"translate":[{"x":-0.51,"y":0.56,"curve":[0.074,-0.19,0.141,0,0.074,0.21,0.141,0]},{"time":0.2,"curve":[0.567,0,1.3,-5.93,0.567,0,1.3,6.51]},{"time":1.6667,"x":-5.93,"y":6.51,"curve":[1.935,-5.93,2.429,-1.79,1.935,6.51,2.429,1.96]},{"time":2.7667,"x":-0.51,"y":0.56}]},"Scapula_L":{"rotate":[{"value":-30.46}],"translate":[{},{"time":0.7667,"x":1.31,"y":2.59},{"time":1.6,"x":3.09,"y":2.56},{"time":2.7667}]},"Arm_R_1":{"rotate":[{"value":5.31}]},"Arm_R_2":{"rotate":[{"value":-1.59,"curve":[0.2,-1.59,0.6,-5.75]},{"time":0.8,"value":-5.75,"curve":"stepped"},{"time":1.4667,"value":-5.75,"curve":[1.717,-5.75,2.217,-1.59]},{"time":2.4667,"value":-1.59}]},"Arm_L_2":{"rotate":[{"value":77.66}]},"Hand_L":{"rotate":[{"value":37.27}]},"Hand_R":{"rotate":[{"value":-4.59}]},"Chest3":{"scale":[{"x":0.927,"curve":[0.14,0.914,0.267,0.905,0.14,1,0.267,1]},{"time":0.3667,"x":0.905,"curve":[0.717,0.905,1.417,1,0.717,1,1.417,1]},{"time":1.7667,"curve":[2.009,1,2.425,0.953,2.009,1,2.425,1]},{"time":2.7667,"x":0.927}]},"Head4":{"rotate":[{"value":2.14,"curve":[0.124,3.22,0.25,4.36]},{"time":0.3667,"value":5.26,"curve":[0.545,6.53,0.707,7.43]},{"time":0.8333,"value":7.43,"curve":[1.15,7.43,1.783,-1.99]},{"time":2.1,"value":-1.99,"curve":[2.269,-1.99,2.514,-0.02]},{"time":2.7667,"value":2.14}]},"Head5":{"rotate":[{"value":0.55,"curve":[0.118,1.5,0.244,2.66]},{"time":0.3667,"value":3.72,"curve":[0.62,5.71,0.863,7.43]},{"time":1.0333,"value":7.43,"curve":[1.342,7.43,1.958,-1.99]},{"time":2.2667,"value":-1.99,"curve":[2.4,-1.99,2.576,-0.92]},{"time":2.7667,"value":0.55}]},"Head6":{"rotate":[{"value":-0.85,"curve":[0.112,-0.13,0.238,0.96]},{"time":0.3667,"value":2.11,"curve":[0.699,4.63,1.044,7.43]},{"time":1.2667,"value":7.43,"curve":[1.567,7.43,2.167,-1.99]},{"time":2.4667,"value":-1.99,"curve":[2.552,-1.99,2.654,-1.56]},{"time":2.7667,"value":-0.85}]},"Arm_L_1":{"rotate":[{"value":56.75,"curve":[0.178,59.72,0.344,62.04]},{"time":0.4667,"value":62.04,"curve":[0.833,62.04,1.567,45.27]},{"time":1.9333,"value":45.27,"curve":[2.137,45.27,2.47,51.95]},{"time":2.7667,"value":56.75}],"translate":[{"x":-44.09,"y":0.39},{"time":1.9333,"x":-48.54,"y":-4.12},{"time":2.7667,"x":-44.09,"y":0.39}]},"Foot_R":{"rotate":[{"value":-12.64}],"translate":[{"x":-70.8,"y":-86.61}]},"Foor_L":{"rotate":[{"value":-17.71}],"translate":[{"x":-128.71,"y":-118.55}]},"Leg_L2":{"scale":[{"x":0.804}]},"root":{"rotate":[{"value":-12.63}],"translate":[{"y":-19.15}]},"Head2":{"translate":[{"x":-6.02,"y":0.73}]},"Head3":{"translate":[{"x":-6.02,"y":0.73}]},"Eylid_R":{"rotate":[{"value":3.32}],"translate":[{"x":-22.58,"y":10.36}],"scale":[{"x":1.307}]},"Eylid_L":{"translate":[{"x":-33.71,"y":0.88}],"scale":[{"x":1.307,"y":1.664}]},"Stars_rotation":{"rotate":[{},{"time":0.9,"value":120.66},{"time":1.9,"value":238.83},{"time":2.7667,"value":360}]},"Stars_scale":{"rotate":[{"value":-7.95}],"scale":[{"x":1.279,"y":0.522}]},"Star_1":{"rotate":[{"value":36.51,"curve":[0.283,19.33,0.577,0]},{"time":0.7667,"curve":[1.117,0,1.817,63.68]},{"time":2.1667,"value":63.68,"curve":[2.319,63.68,2.539,50.81]},{"time":2.7667,"value":36.51}]},"Star_2":{"rotate":[{"value":36.51,"curve":[0.283,19.33,0.577,0]},{"time":0.7667,"curve":[1.117,0,1.817,63.68]},{"time":2.1667,"value":63.68,"curve":[2.319,63.68,2.539,50.81]},{"time":2.7667,"value":36.51}]},"Star_3":{"rotate":[{"value":36.51,"curve":[0.283,19.33,0.577,0]},{"time":0.7667,"curve":[1.117,0,1.817,63.68]},{"time":2.1667,"value":63.68,"curve":[2.319,63.68,2.539,50.81]},{"time":2.7667,"value":36.51}]},"Star_4":{"rotate":[{"value":36.51,"curve":[0.283,19.33,0.577,0]},{"time":0.7667,"curve":[1.117,0,1.817,63.68]},{"time":2.1667,"value":63.68,"curve":[2.319,63.68,2.539,50.81]},{"time":2.7667,"value":36.51}]},"Leg_L1":{"translate":[{"x":-10.78,"y":14.27}],"scale":[{"x":1.115,"y":0.991}]},"Leg_R1":{"translate":[{"x":27.28,"y":7.47}],"scale":[{"x":1.227,"y":0.973}]},"Leg_R2":{"scale":[{"x":0.839}]},"targetК":{"translate":[{"x":396.84,"y":124.91}]},"Foor_L2":{"rotate":[{"value":32.87}]}},"ik":{"targetК":[{}]},"drawOrder":[{"offsets":[{"slot":"Star","offset":-13},{"slot":"Wind","offset":-15}]},{"time":0.4667,"offsets":[{"slot":"Wind","offset":-15},{"slot":"Wind4","offset":-15},{"slot":"Star4","offset":-19}]},{"time":1,"offsets":[{"slot":"Star","offset":7},{"slot":"Wind4","offset":-16},{"slot":"Star4","offset":-20}]},{"time":1.0667,"offsets":[{"slot":"Star","offset":7},{"slot":"Wind4","offset":-15},{"slot":"Star3","offset":-18},{"slot":"Star4","offset":-21}]},{"time":1.2,"offsets":[{"slot":"Star","offset":7},{"slot":"Wind4","offset":-14},{"slot":"Wind3","offset":-16},{"slot":"Star3","offset":-17},{"slot":"Star4","offset":-21}]},{"time":1.7667,"offsets":[{"slot":"Wind3","offset":-16},{"slot":"Star2","offset":-19},{"slot":"Star3","offset":-18}]},{"time":2,"offsets":[{"slot":"Wind3","offset":-15},{"slot":"Wind2","offset":-17},{"slot":"Star2","offset":-19},{"slot":"Star3","offset":-17}]},{"time":2.3333,"offsets":[{"slot":"Star","offset":-13},{"slot":"Wind2","offset":-18}]},{"time":2.6333,"offsets":[{"slot":"Star","offset":-12},{"slot":"Wind","offset":-14},{"slot":"Wind2","offset":-18}]}]}}}