{"skeleton":{"hash":"ONQDqBE7UC8","spine":"4.0.19","x":-261.39,"y":-29.97,"width":548,"height":891.64,"images":"./images3/","audio":"C:/Users/Arthur/Desktop/spine/Characters_20/First"},"bones":[{"name":"root"},{"name":"HIP_Y","parent":"root","x":0.15,"y":269.32,"color":"f3ff00ff"},{"name":"HIP_X","parent":"HIP_Y","x":4.51,"y":63.11,"color":"f3ff00ff"},{"name":"Leg_R1","parent":"HIP_X","length":86.76,"rotation":-132.81,"x":-28,"y":8.69,"color":"06ff00ff"},{"name":"Leg_R2","parent":"Leg_R1","length":175.87,"rotation":48.93,"x":86.76,"color":"06ff00ff"},{"name":"Leg_L1","parent":"HIP_X","length":78.87,"rotation":-80.22,"x":46.37,"y":10.7,"color":"06ff00ff"},{"name":"Leg_L2","parent":"Leg_L1","length":178.55,"rotation":-0.5,"x":79.53,"y":-0.11,"color":"06ff00ff"},{"name":"Foot_R","parent":"root","length":139.39,"rotation":-152.99,"x":-45.21,"y":104.07,"color":"ff3f00ff"},{"name":"Foor_L","parent":"root","length":134.97,"rotation":-158.79,"x":125.48,"y":101.32,"color":"ff3f00ff"},{"name":"Body","parent":"HIP_X","length":55.6,"rotation":94.6,"x":-0.55,"y":27.44,"color":"ff9d00ff"},{"name":"Chest","parent":"Body","length":70.36,"rotation":95.19,"x":55.65,"y":0.64,"transform":"noRotationOrReflection","color":"ff9d00ff"},{"name":"Scapula_L","parent":"Chest","length":75.42,"rotation":-79.51,"x":51.56,"y":-9.8,"color":"ff2000ff"},{"name":"Scapula_R","parent":"Chest","length":71.98,"rotation":84.01,"x":49.89,"y":6.98,"color":"1e00ffff"},{"name":"Arm_R_1","parent":"Scapula_R","length":76.91,"rotation":-121.2,"x":73.23,"y":2.29,"transform":"noRotationOrReflection","color":"1e00ffff"},{"name":"Arm_R_2","parent":"Arm_R_1","length":70.16,"rotation":2.09,"x":76.91,"color":"1e00ffff"},{"name":"Hand_R","parent":"Arm_R_2","length":105.62,"rotation":2.7,"x":67.63,"y":-0.69,"color":"1e00ffff"},{"name":"Arm_L_1","parent":"Scapula_L","length":83.27,"rotation":-48.07,"x":91.62,"y":-1.24,"transform":"noRotationOrReflection","color":"ff2000ff"},{"name":"Arm_L_2","parent":"Arm_L_1","length":79.39,"rotation":-1.26,"x":82.87,"y":-0.49,"color":"ff2000ff"},{"name":"Hand_L","parent":"Arm_L_2","length":116.18,"rotation":-5.62,"x":89.05,"y":-1.11,"color":"ff2000ff"},{"name":"Head","parent":"Chest","length":306.45,"rotation":101.75,"x":78.64,"y":-41.72,"transform":"noRotationOrReflection","color":"ff9d00ff"},{"name":"Eylid_L","parent":"Head","x":266.86,"y":59.91,"color":"ebff00ff"},{"name":"Eylid_R","parent":"Head","x":243.37,"y":119.06,"color":"ebff00ff"},{"name":"Head2","parent":"Head","x":231.62,"y":105.26,"color":"ff9d00ff"},{"name":"Head3","parent":"Head","x":219.75,"y":10.22,"color":"ff9d00ff"},{"name":"Head4","parent":"Head","length":89.66,"rotation":10.59,"x":294.65,"y":-35.04,"color":"ff9d00ff"},{"name":"Head5","parent":"Head4","length":65.07,"rotation":21.95,"x":89.66,"color":"ff9d00ff"},{"name":"Head6","parent":"Head5","length":63.01,"rotation":11.73,"x":65.07,"color":"ff9d00ff"},{"name":"Stars_scale","parent":"Head","rotation":-89.61,"x":211.74,"y":3.2,"color":"ff0000ff"},{"name":"Star_1","parent":"root","x":-24.46,"y":933.08,"color":"ff0000ff"},{"name":"Stars_rotation","parent":"Stars_scale","rotation":-12.15,"color":"ff0000ff"},{"name":"Star_2","parent":"root","x":-249.78,"y":692.28,"color":"ff0000ff"},{"name":"Star_3","parent":"root","x":10.25,"y":485.08,"color":"ff0000ff"},{"name":"Star_4","parent":"root","x":235.06,"y":737.86,"color":"ff0000ff"},{"name":"targetК","parent":"Head","rotation":-101.75,"x":-281,"y":-176.49,"color":"ff3f00ff"}],"slots":[{"name":"images/Whites","bone":"Head","attachment":"images/Whites"},{"name":"Legs","bone":"HIP_X","attachment":"images/Legs"},{"name":"Gypsum","bone":"Foot_R","attachment":"images/Gypsum"},{"name":"Left eye","bone":"Head","attachment":"images/Left eye"},{"name":"Right eye","bone":"Head","attachment":"images/Right eye"},{"name":"Left eyelid","bone":"Eylid_R"},{"name":"Right eyelid","bone":"Eylid_L"},{"name":"images/Body","bone":"Body","attachment":"images/Body"},{"name":"images/Arm","bone":"Body","attachment":"images/Body"},{"name":"images/Head","bone":"Head","attachment":"images/Head"},{"name":"Left eyebrow","bone":"Head2","attachment":"images/Left eyebrow"},{"name":"Right eyebrow","bone":"Head3","attachment":"images/Right eyebrow"},{"name":"Star","bone":"Star_1"},{"name":"Wind","bone":"Stars_rotation","color":"ffffff78"},{"name":"Wind4","bone":"Stars_rotation","color":"ffffff78"},{"name":"Wind3","bone":"Stars_rotation","color":"ffffff78"},{"name":"Wind2","bone":"Stars_rotation","color":"ffffff78"},{"name":"Star2","bone":"Star_2"},{"name":"Star3","bone":"Star_3"},{"name":"Star4","bone":"Star_4"}],"ik":[{"name":"Foor_L","order":1,"bones":["Leg_L1","Leg_L2"],"target":"Foor_L"},{"name":"target","bones":["Leg_R1","Leg_R2"],"target":"Foot_R"},{"name":"targetК","order":2,"bones":["Arm_L_2","Hand_L"],"target":"targetК","mix":0}],"transform":[{"name":"Stars_rotation","order":4,"bones":["Star_4"],"target":"Stars_rotation","x":247.89,"y":33.82,"mixRotate":0,"mixScaleX":0,"mixShearY":0},{"name":"Stars_rotation1","order":3,"bones":["Star_1"],"target":"Stars_rotation","x":-11.64,"y":229.04,"mixRotate":0,"mixScaleX":0,"mixShearY":0},{"name":"Stars_rotation3","order":5,"bones":["Star_3"],"target":"Stars_rotation","x":23.08,"y":-218.96,"mixRotate":0,"mixScaleX":0,"mixShearY":0},{"name":"Stars_rotation4","order":6,"bones":["Star_2"],"target":"Stars_rotation","x":-236.96,"y":-11.76,"mixRotate":0,"mixScaleX":0,"mixShearY":0}],"skins":[{"name":"default","attachments":{"Gypsum":{"images/Gypsum":{"type":"mesh","uvs":[0.96823,0.39091,1,0.513,0.99999,0.88554,0.5708,1,0,1,0,0.53971,0.1565,0.48965,0.32799,0.43479,0.3938,0.34131,0.34841,0,0.941,1.0E-5,0.7705,0.46722,0.42783,0.5874],"triangles":[7,8,11,12,7,11,6,7,12,2,11,1,12,4,5,12,5,6,3,12,11,3,11,2,4,12,3,8,9,10,11,8,10,0,11,10,11,0,1],"vertices":[2,4,164.47,43.68,0.87264,7,-45.14,0.51,0.12736,2,4,195.84,44.01,0.38549,7,-37.19,30.86,0.61451,1,7,5.27,114.16,1,1,7,99,98.63,1,1,7,206.31,43.93,1,1,7,153.84,-59,1,2,4,153.91,-129.06,0.00439,7,118.71,-55.2,0.99561,2,4,147.78,-90.83,0.11204,7,80.22,-51.03,0.88796,2,4,127.64,-72.47,0.44138,7,57.19,-65.63,0.55862,2,4,41.81,-64.42,0.98307,7,26.82,-146.3,0.01693,1,4,67.23,58,1,2,4,174.74,-1.07,0.54152,7,0.73,-1.38,0.45848,2,4,189.57,-77.99,0.00637,7,78.85,-7.34,0.99363],"hull":11,"edges":[22,16,16,14,14,22,0,20,22,0,0,2,2,4,22,2,8,10,10,12,12,14,12,24,4,6,6,8,24,6,18,20,16,18],"width":211,"height":251}},"images/Arm":{"images/Body":{"type":"mesh","uvs":[0.32221,0.21718,0.32659,0.33763,0.2866,0.42473,0.26633,0.47198,0.22824,0.58649,0.20681,0.62849,0.24332,0.68694,0.21976,1,0,1,0,0.67026,0.12841,0.57002,0.14497,0.5033,0.19895,0.39045,0.20771,0.34597,0.27783,0.09766,0.17808,0.59143,0.24496,0.41268],"triangles":[7,8,5,15,5,10,7,5,6,10,5,9,9,5,8,5,15,4,4,15,11,15,10,11,11,12,4,4,16,3,4,12,16,3,16,2,12,13,16,2,16,1,16,13,1,13,0,1,13,14,0],"vertices":[3,9,108.16,80.51,8.2E-4,10,53.34,79.33,0,13,1.11,1.71,0.99918,4,9,69.07,81.25,0.10602,10,14.25,80.47,0.01181,12,69.37,43.11,0.07528,13,33.25,23.98,0.80689,3,9,42.7,105.36,6.3E-4,13,68.74,19.85,0.79468,14,-7.44,20.14,0.20469,2,13,87.59,18.28,0.13262,14,11.34,17.88,0.86738,2,14,53.91,17.69,0.7,15,-12.84,19.01,0.3,2,14,71.51,14.05,0.19,15,4.57,14.54,0.81,2,14,78.33,40.74,0.13889,15,12.64,40.88,0.86111,1,15,109.22,74.43,1,1,15,162.79,-33.43,1,1,15,67.1,-80.95,1,2,14,75.85,-32.71,0.05959,15,6.71,-32.36,0.94041,2,14,52.55,-35.29,0.53031,15,-16.68,-33.85,0.46969,3,13,84.12,-26.99,0.27346,14,6.22,-27.23,0.71661,15,-62.59,-23.62,0.00993,2,13,69.31,-30.34,0.70245,14,-8.71,-30.04,0.29755,2,12,97.17,-34.26,0.87112,13,-19.42,-39.15,0.12888,1,15,0.82,-4.9,1,3,13,77.22,-1.68,0.48285,14,0.25,-1.69,0.51708,15,-67.35,2.17,7.0E-5],"hull":15,"edges":[30,8,8,10,10,30,30,22,22,20,20,30,10,12,14,16,12,14,16,18,20,18,32,26,26,24,24,32,32,4,4,6,6,32,6,8,24,22,28,0,0,2,2,4,26,28],"width":548,"height":324}},"images/Body":{"images/Body":{"type":"mesh","uvs":[0.78845,0.2437,0.79518,0.29652,0.88031,0.46159,0.88837,0.52516,0.99664,0.59554,1,0.89977,0.78769,0.8816,0.80514,0.5717,0.79038,0.5263,0.74008,0.36072,0.72171,0.32862,0.64257,0.22094,0.61387,0.25923,0.62679,0.34088,0.64045,0.42714,0.65482,0.55902,0.34647,0.61392,0.34491,0.49206,0.34587,0.39408,0.32659,0.33763,0.32221,0.21718,0.27783,0.09766,0.41366,0.11322,0.52938,0.06972,0.66102,1.0E-5,0.68297,1.0E-5,0.64632,0.12565,0.75293,0.31516,0.84944,0.52743],"triangles":[18,19,12,12,19,22,19,20,22,5,6,3,5,3,4,7,3,6,7,28,3,7,8,28,3,28,2,28,8,2,8,9,1,8,1,2,1,9,27,9,10,27,27,0,1,10,11,0,26,0,11,26,24,25,27,10,0,25,0,26,11,12,26,26,23,24,18,12,13,12,22,23,26,12,23,20,21,22,15,17,14,17,13,14,17,18,13,15,16,17],"vertices":[2,16,80.75,32.34,0.69556,17,-2.83,32.78,0.30444,2,16,95.95,23.66,0.26313,17,12.55,24.43,0.73687,2,17,83.52,24.95,0.69243,18,-8.05,25.39,0.30757,2,17,102.02,14.87,0.04187,18,11.34,17.17,0.95813,1,18,64.09,52.64,1,1,18,145.83,-2.47,1,1,18,74.18,-94.33,1,2,17,83.73,-29.55,0.26802,18,-2.51,-28.82,0.73198,2,17,67.29,-26.09,0.7822,18,-19.2,-27,0.2178,2,16,91.25,-12.71,0.11345,17,8.64,-12.03,0.88655,2,16,76.78,-13.25,0.79736,17,-5.81,-12.89,0.20264,4,9,92.87,-94.38,0.02314,10,36.23,-95.4,0.0081,11,81.38,-30.65,0.34483,16,21.85,-22.19,0.62392,4,9,81.76,-77.71,0.16663,10,25.3,-78.61,0.06442,11,62.88,-38.34,0.67546,16,20.57,-42.19,0.09349,4,9,54.82,-82.65,0.47318,10,-1.69,-83.27,0.09015,11,62.55,-65.73,0.43298,16,44.98,-54.6,0.00369,3,9,26.36,-87.86,0.70588,10,-30.2,-88.19,0.03883,11,62.2,-94.66,0.25529,4,2,92.8,18.04,0.79,9,-16.86,-92.29,0.17572,10,-73.47,-92.16,1.0E-5,11,58.23,-137.93,0.03427,3,2,-76.18,0.25,0.79,9,-21.04,77.57,0.1913,13,104.18,79.67,0.0187,4,9,18.39,75.25,0.8135,10,-36.48,75,0.00299,12,58.64,93,0.02817,13,70.85,58.49,0.15534,4,9,49.99,72.19,0.4607,10,-4.92,71.61,0.03406,12,58.55,61.25,0.12192,13,43.42,42.49,0.38333,4,9,69.07,81.25,0.10602,10,14.25,80.47,0.01181,12,69.37,43.11,0.07528,13,33.25,23.98,0.80689,3,9,108.16,80.51,8.2E-4,10,53.34,79.33,0,13,1.11,1.71,0.99918,2,12,97.17,-34.26,0.87112,13,-19.42,-39.15,0.12888,2,10,82.34,26.37,0.3434,12,22.67,-30.26,0.6566,2,10,90.64,-38.06,0.1022,11,34.9,33.28,0.8978,2,11,110.45,35.54,0.10963,16,-24.65,33.16,0.89037,2,11,122.04,32.28,0.04951,16,-16.61,42.11,0.95049,3,9,123.48,-98.91,3.0E-5,10,66.79,-100.24,1.0E-5,16,0.25,-0.03,0.99997,2,16,84.97,2.4,0.38062,17,2.04,2.93,0.61938,2,17,88.67,-1.79,0.0156,18,-0.31,-0.71,0.9844],"hull":26,"edges":[42,40,40,38,42,44,44,38,44,46,46,24,24,52,52,48,48,46,54,0,0,2,2,54,54,20,20,18,18,54,22,20,22,24,48,50,50,0,56,4,4,6,6,56,56,16,16,14,14,56,4,2,18,16,14,12,12,10,10,8,6,8,38,24,30,32,38,36,24,26,36,26,30,28,28,26,32,34,34,36,28,34],"width":548,"height":324}},"images/Head":{"images/Head":{"x":170.11,"y":11.07,"rotation":-101.75,"width":371,"height":400}},"images/Whites":{"images/Whites":{"x":163.98,"y":43.71,"rotation":-101.75,"width":181,"height":97}},"Left eye":{"images/Left eye":{"x":188.91,"y":106.55,"rotation":-101.75,"width":37,"height":38}},"Left eyebrow":{"images/Left eyebrow":{"x":9.69,"y":5.21,"rotation":-101.75,"width":36,"height":23}},"Left eyelid":{"images/Left eyelid":{"x":-31.21,"y":-21.95,"rotation":-101.75,"width":55,"height":53}},"Legs":{"images/Legs":{"type":"mesh","uvs":[0.65148,0.02253,0.6373,0.19627,0.63428,0.23327,0.83344,0.58149,0.85044,0.62842,1,0.77195,1,1,0.35659,1,0.46498,0.74958,0.66815,0.65474,0.66661,0.62956,0.46662,0.29693,0.45157,0.2318,0.42606,0.12141,0.26303,0.12684,0.14991,0.19499,0.14132,0.21678,0.12875,0.24866,0.14603,0.36679,0.01149,0.36914,0,0.22152,0,0.19138,0,0.15556,0,0,0.52697,0,0.588,0,0.14991,0.0159,0.5351,0.23352,0.75775,0.65246,0.05513,0.21003],"triangles":[20,21,29,17,29,16,17,19,20,17,20,29,19,17,18,26,23,24,14,26,13,22,23,26,15,22,26,22,29,21,26,14,15,15,29,22,16,29,15,13,26,24,13,24,25,13,25,0,1,13,0,27,12,13,13,1,27,11,12,27,11,27,2,11,2,3,10,11,3,28,10,3,4,28,3,9,10,28,28,4,5,2,27,1,5,9,28,6,9,5,8,9,6,7,8,6],"vertices":[1,5,-4.12,43.05,1,2,6,1.1,42.36,0.30772,5,62.94,38.87,0.69228,2,6,13.72,35.62,0.63912,5,77.21,37.98,0.36088,2,8,-30.17,-20.75,0.00697,6,159.64,31.36,0.99303,2,8,-28.15,-2.11,0.20001,6,178.13,28.23,0.79999,2,8,-47.99,65.02,0.96849,6,246.32,44.01,0.03151,1,8,-16.14,147.08,1,1,8,155.41,80.51,1,1,8,91.54,1.62,1,2,8,24.13,-11.49,0.79666,6,165.63,-23.4,0.20334,2,8,21.02,-20.71,0.33569,6,156.62,-19.75,0.66431,1,6,16.06,-18.21,1,2,6,-8.58,-11.64,0.24764,5,76.55,-14.27,0.75236,2,5,33.93,-21.49,0.69447,2,24.94,-23.27,0.30553,2,2,-21.69,-25.36,0.32067,3,21.27,27.34,0.67933,3,2,-54.04,-51.67,0.00106,3,62.42,20.63,0.89084,4,2.02,31.84,0.1081,2,3,70.34,24.37,0.63398,4,9.75,27.72,0.36602,2,3,81.93,29.86,0.21869,4,21.07,21.7,0.78131,1,4,66.72,17.27,1,1,4,59.78,-20.59,1,2,3,98.55,-4.63,0.15848,4,3.33,-12.22,0.84152,3,2,-96.91,-50.27,0,3,89.85,-12.36,0.71125,4,-8.07,-9.86,0.28875,3,2,-96.91,-36.45,0,3,79.52,-21.54,0.99151,4,-21.6,-7.04,0.00849,2,2,-96.91,23.6,1.0E-5,3,34.63,-61.42,0.99999,1,5,-12.88,7.45,1,1,5,-12.85,24.91,1,2,2,-54.04,17.46,1.0E-5,3,10.74,-25.29,0.99999,2,6,1.98,9.79,0.56922,5,77.26,9.62,0.43078,2,8,-0.08,-3.05,0.26266,6,175.51,0.26,0.73734,2,3,84.76,4.21,0.48694,4,2.19,4.12,0.51306],"hull":26,"edges":[44,46,44,58,42,44,58,42,40,42,58,30,30,32,32,34,58,32,30,28,28,52,52,44,28,26,46,48,26,48,26,0,48,50,0,50,22,4,22,20,20,56,56,18,18,20,56,8,56,6,6,4,26,24,24,22,54,24,0,2,2,4,54,2,12,10,8,10,18,16,12,14,16,14,6,8,38,40,34,36,38,36],"width":286,"height":386}},"Right eye":{"images/Right eye":{"x":164.64,"y":28.67,"rotation":-101.75,"width":69,"height":67}},"Right eyebrow":{"images/Right eyebrow":{"x":14.82,"y":15.84,"rotation":-101.75,"width":52,"height":33}},"Right eyelid":{"images/Right eyelid":{"x":-53.43,"y":-52.56,"rotation":-101.75,"width":139,"height":100}},"Star":{"Star":{"x":-1.14,"y":4.54,"width":105,"height":101}},"Star2":{"Star":{"x":-1.14,"y":4.54,"width":105,"height":101}},"Star3":{"Star":{"x":-1.14,"y":4.54,"width":105,"height":101}},"Star4":{"Star":{"x":-1.14,"y":4.54,"width":105,"height":101}},"Wind":{"Wind":{"x":92.48,"y":138.79,"rotation":29.82,"width":210,"height":322}},"Wind2":{"Wind":{"x":-145.23,"y":96.86,"rotation":110.22,"width":210,"height":322}},"Wind3":{"Wind":{"x":-81.08,"y":-146.32,"rotation":-149.21,"width":210,"height":322}},"Wind4":{"Wind":{"x":159.71,"y":-70.06,"rotation":-68.15,"width":210,"height":322}}}}],"animations":{"Attack_1":{"bones":{"HIP_X":{"rotate":[{"value":3.34,"curve":[0.083,3.34,0.25,9.55]},{"time":0.3333,"value":9.55,"curve":[0.45,9.55,0.511,-16.03]},{"time":0.8333,"value":-18.73,"curve":[0.908,-18.73,0.918,7.56]},{"time":1.1333,"value":10.35,"curve":[1.217,10.35,1.383,3.34]},{"time":1.4667,"value":3.34}],"translate":[{"x":3.93,"y":-25.92,"curve":[0.075,3.93,0.225,54.29,0.075,-25.92,0.225,-32.03]},{"time":0.3,"x":54.29,"y":-32.03,"curve":[0.417,54.29,0.478,65.05,0.417,-32.03,0.478,-9.36]},{"time":0.8,"x":65.96,"y":-7.45,"curve":[0.875,65.96,0.885,-10.01,0.875,-7.45,0.885,-31.8]},{"time":1.1,"x":-18.06,"y":-34.38,"curve":[1.183,-18.06,1.35,3.93,1.183,-34.38,1.35,-25.92]},{"time":1.4333,"x":3.93,"y":-25.92}],"scale":[{}]},"HIP_Y":{"translate":[{"x":-2.96,"curve":[0.034,-2.96,0.082,-2.96,0.034,0,0.082,-4.49]},{"time":0.1333,"x":-2.96,"y":-9.88,"curve":[0.291,-2.96,0.46,-2.96,0.291,-3.54,0.46,4.39]},{"time":0.5667,"x":-2.96,"y":4.39,"curve":[0.65,-2.96,0.703,-13.09,0.65,4.39,0.703,5.4]},{"time":0.9333,"x":-13.94,"y":5.49,"curve":[1.017,-13.94,1.027,-4.01,1.017,5.49,1.027,-3.45]},{"time":1.2667,"x":-2.96,"y":-4.39,"curve":[1.317,-2.96,1.417,-2.96,1.317,-4.39,1.417,0]},{"time":1.4667,"x":-2.96}]},"Body":{"rotate":[{"value":2.6,"curve":[0.092,2.6,0.275,-23.9]},{"time":0.3667,"value":-23.9,"curve":[0.482,-23.9,0.523,5.55]},{"time":0.7667,"value":3.45,"curve":[0.796,-4.25,0.829,-9.65]},{"time":0.8667,"value":-11.76,"curve":[0.893,-11.76,0.912,-4.29]},{"time":0.9333,"value":5.94,"curve":[0.968,7.03,1.012,8.72]},{"time":1.1333,"value":8.97,"curve":[1.217,8.97,1.383,2.6]},{"time":1.4667,"value":2.6}]},"Chest":{"rotate":[{"value":10.01,"curve":[0.092,10.01,0.275,6.19]},{"time":0.3667,"value":6.19,"curve":[0.483,6.19,0.518,-6.01]},{"time":0.8,"value":-15.86,"curve":[0.81,-18.47,0.821,-20.38]},{"time":0.8333,"value":-21.45,"curve":[0.845,-21.45,0.856,-22.12]},{"time":0.8667,"value":-23.32,"curve":[0.878,-23.1,0.889,-22.79]},{"time":0.9,"value":-22.41,"curve":[0.911,-16.63,0.922,-9.78]},{"time":0.9333,"value":-2.26,"curve":[0.952,7.57,0.973,19.17]},{"time":1,"value":30.53,"curve":[1.027,28.2,1.066,25.98]},{"time":1.1333,"value":25.51,"curve":[1.217,25.51,1.383,10.01]},{"time":1.4667,"value":10.01}],"translate":[{"x":1.32,"y":0.08,"curve":"stepped"},{"time":0.3667,"x":1.32,"y":0.08,"curve":[0.483,1.32,0.511,-2.56,0.483,0.08,0.511,-13.55]},{"time":0.8333,"x":-2.89,"y":-14.7,"curve":[0.908,-2.89,0.918,0.92,0.908,-14.7,0.918,-1.33]},{"time":1.1333,"x":1.32,"y":0.08}]},"Head":{"rotate":[{"value":8.91,"curve":[0.1,8.91,0.3,-4.34]},{"time":0.4,"value":-4.34,"curve":[0.517,-4.34,0.545,-18.11]},{"time":0.8667,"value":-22.96,"curve":[0.942,-22.96,0.951,7.22]},{"time":1.1667,"value":10.41,"curve":[1.25,10.41,1.417,8.91]},{"time":1.5,"value":8.91}],"translate":[{"x":1.67,"y":24.2,"curve":[0.1,1.67,0.3,-0.47,0.1,24.2,0.3,52.18]},{"time":0.4,"x":-0.47,"y":52.18,"curve":"stepped"},{"time":0.8667,"x":-0.47,"y":52.18,"curve":[0.942,-0.47,0.951,1.46,0.942,52.18,0.951,26.88]},{"time":1.1667,"x":1.67,"y":24.2}],"scale":[{"x":0.994,"y":0.994}]},"Scapula_R":{"rotate":[{"value":2.91,"curve":[0.1,2.91,0.3,-18.49]},{"time":0.4,"value":-18.49,"curve":[0.517,-18.49,0.545,-6.1]},{"time":0.8667,"value":-7,"curve":[0.892,-7,0.913,-9.44]},{"time":0.9333,"value":-13.31,"curve":[0.975,-5.81,1.014,11.32]},{"time":1.1667,"value":13.58,"curve":[1.25,13.58,1.417,2.91]},{"time":1.5,"value":2.91}],"translate":[{"curve":[0.1,0,0.3,21.39,0.1,0,0.3,5.49]},{"time":0.4,"x":21.39,"y":5.49,"curve":[0.517,21.39,0.545,0,0.517,5.49,0.545,0]},{"time":0.8667,"curve":[0.892,0,0.913,1.32,0.892,0,0.913,-6.72]},{"time":0.9333,"x":3.4,"y":-17.34,"curve":[0.945,2.45,0.956,0.29,0.945,-12.5,0.956,-1.46]},{"time":1}]},"Scapula_L":{"rotate":[{"value":-13.67,"curve":"stepped"},{"time":0.3667,"value":-13.67,"curve":[0.483,-13.67,0.511,-22.12]},{"time":0.8333,"value":-22.84,"curve":[0.908,-22.84,0.918,-14.55]},{"time":1.1333,"value":-13.67}]},"Arm_R_1":{"rotate":[{"value":-2.49,"curve":[0.108,-2.49,0.325,28.74]},{"time":0.4333,"value":28.74,"curve":[0.549,28.74,0.589,-63.28]},{"time":0.8333,"value":-96.22,"curve":[0.862,-103.12,0.895,-107.95]},{"time":0.9333,"value":-109.85,"curve":[0.957,-99.45,0.977,-79.89]},{"time":1,"value":-56.04,"curve":[1.035,-36.72,1.079,-6.98]},{"time":1.2,"value":-2.49}]},"Arm_R_2":{"rotate":[{"value":-3.78,"curve":[0.117,-3.78,0.35,9.88]},{"time":0.4667,"value":9.88,"curve":[0.583,9.88,0.611,-26.35]},{"time":0.9333,"value":-29.4,"curve":[0.945,-29.4,0.956,-32.64]},{"time":0.9667,"value":-38.42,"curve":[0.99,-33.37,1.011,-23.88]},{"time":1.0333,"value":-12.3,"curve":[1.068,-5.58,1.112,4.75]},{"time":1.2333,"value":6.31,"curve":[1.317,6.31,1.483,-3.78]},{"time":1.5667,"value":-3.78}],"translate":[{"curve":[0.117,0,0.35,-30.99,0.117,0,0.35,-4.03]},{"time":0.4667,"x":-30.99,"y":-4.03,"curve":[0.583,-30.99,0.611,0,0.583,-4.03,0.611,0]},{"time":0.9333}]},"Arm_L_2":{"rotate":[{"value":-2.19,"curve":"stepped"},{"time":0.4333,"value":-2.19,"curve":[0.55,-2.19,0.578,-6.74]},{"time":0.9,"value":-7.12,"curve":[0.975,-7.12,0.985,-2.66]},{"time":1.2,"value":-2.19}]},"Hand_L":{"rotate":[{"value":-3.9,"curve":[0.117,-3.9,0.35,-3.3]},{"time":0.4667,"value":-3.3,"curve":"stepped"},{"time":0.9333,"value":-3.3,"curve":[1.008,-3.3,1.018,9.21]},{"time":1.2333,"value":10.54,"curve":[1.317,10.54,1.483,-3.9]},{"time":1.5667,"value":-3.9}]},"Hand_R":{"rotate":[{"value":-4.59,"curve":[0.125,-4.59,0.375,16.07]},{"time":0.5,"value":16.07,"curve":[0.617,16.07,0.645,-25.94]},{"time":0.9667,"value":-27.74,"curve":[1.042,-27.74,1.051,5.28]},{"time":1.2667,"value":8.78,"curve":[1.35,8.78,1.517,-4.59]},{"time":1.6,"value":-4.59}],"translate":[{"curve":[0.125,0,0.375,-7.91,0.125,0,0.375,-10.02]},{"time":0.5,"x":-7.91,"y":-10.02,"curve":[0.617,-7.91,0.645,20.64,0.617,-10.02,0.645,-2.78]},{"time":0.9667,"x":22.38,"y":-3.02,"curve":[1.042,22.38,1.051,2.14,1.042,-3.02,1.051,-0.29]},{"time":1.2667}]},"Eylid_R":{"rotate":[{"curve":[0.125,0,0.375,3.32]},{"time":0.5,"value":3.32}],"translate":[{"time":0.2667},{"time":0.3333,"x":-57.69,"y":7.33,"curve":"stepped"},{"time":0.4667,"x":-57.69,"y":7.33,"curve":[0.476,-57.69,0.485,-40.96,0.476,7.33,0.485,8.78]},{"time":0.5,"x":-22.58,"y":10.36,"curve":[0.515,-13.35,0.535,-3.3,0.515,6.13,0.535,1.52]},{"time":0.5667}],"scale":[{"time":0.4667},{"time":0.5,"x":1.307},{"time":0.5667}]},"Eylid_L":{"translate":[{"time":0.2667},{"time":0.3333,"x":-91.67,"y":14.62,"curve":"stepped"},{"time":0.4667,"x":-91.67,"y":14.62},{"time":0.5,"x":-33.71,"y":0.88},{"time":0.5667}],"scale":[{"time":0.4667},{"time":0.5,"x":1.307,"y":1.664},{"time":0.5667}]},"Head2":{"translate":[{"time":0.2667},{"time":0.3667,"x":-9.04,"y":1.1,"curve":"stepped"},{"time":0.4667,"x":-9.04,"y":1.1},{"time":0.6}]},"Head3":{"translate":[{"time":0.2667},{"time":0.3667,"x":-9.04,"y":1.1,"curve":"stepped"},{"time":0.4667,"x":-9.04,"y":1.1},{"time":0.6}]},"Head4":{"rotate":[{"value":3.42,"curve":"stepped"},{"time":0.0667,"value":3.42,"curve":[0.125,3.42,0.242,9.94]},{"time":0.3,"value":9.94,"curve":[0.392,9.94,0.575,-5.48]},{"time":0.6667,"value":-5.48,"curve":[0.717,-5.48,0.817,-16.82]},{"time":0.8667,"value":-16.82,"curve":[0.942,-16.82,1.092,12.26]},{"time":1.1667,"value":12.26,"curve":[1.233,12.26,1.367,3.42]},{"time":1.4333,"value":3.42}]},"Head5":{"rotate":[{"value":1.25,"curve":[0.025,1.25,0.075,-5.73]},{"time":0.1,"value":-5.73,"curve":[0.175,-5.73,0.325,7.76]},{"time":0.4,"value":7.76,"curve":[0.492,7.76,0.675,-7.66]},{"time":0.7667,"value":-7.66,"curve":[0.817,-7.66,0.917,-18.99]},{"time":0.9667,"value":-18.99,"curve":[1.042,-18.99,1.192,10.08]},{"time":1.2667,"value":10.08,"curve":[1.333,10.08,1.467,1.25]},{"time":1.5333,"value":1.25}]},"Head6":{"rotate":[{"curve":[0.042,0,0.125,-6.98]},{"time":0.1667,"value":-6.98,"curve":[0.242,-6.98,0.392,6.51]},{"time":0.4667,"value":6.51,"curve":[0.558,6.51,0.742,-8.91]},{"time":0.8333,"value":-8.91,"curve":[0.883,-8.91,0.983,-20.24]},{"time":1.0333,"value":-20.24,"curve":[1.108,-20.24,1.258,8.83]},{"time":1.3333,"value":8.83,"curve":[1.4,8.83,1.533,0]},{"time":1.6}]},"Arm_L_1":{"rotate":[{"value":-12.68,"curve":[0.1,-12.68,0.3,33.52]},{"time":0.4,"value":33.52,"curve":[0.517,33.52,0.545,-14.59]},{"time":0.8667,"value":-18.65,"curve":[0.942,-18.65,0.951,10.81]},{"time":1.1667,"value":13.93,"curve":[1.25,13.93,1.417,-12.68]},{"time":1.5,"value":-12.68}]},"Leg_R1":{"rotate":[{"value":-11.2,"curve":[0.083,-11.2,0.25,-38.57]},{"time":0.3333,"value":-38.57,"curve":[0.358,-38.57,0.379,-34.9]},{"time":0.4,"value":-28.55,"curve":[0.527,-26.58,0.633,-21.81]},{"time":0.8333,"value":-17.81,"curve":[0.909,-25.12,1.011,-31.34]},{"time":1.1667,"value":-32.57,"curve":[1.252,-26.46,1.369,-11.2]},{"time":1.4333,"value":-11.2}]},"Leg_R2":{"rotate":[{"value":17.79,"curve":[0.083,17.79,0.25,20.12]},{"time":0.3333,"value":20.12,"curve":[0.358,20.12,0.379,17.01]},{"time":0.4,"value":11.63,"curve":[0.577,6.89,0.738,-1.67]},{"time":0.9333,"value":-11.29,"curve":[1.027,-0.6,1.133,10.99]},{"time":1.2667,"value":21.67,"curve":[1.352,20.56,1.469,17.79]},{"time":1.5333,"value":17.79}]},"Leg_L1":{"rotate":[{"value":-23.84,"curve":[0.083,-23.84,0.25,-48.08]},{"time":0.3333,"value":-48.08,"curve":[0.45,-48.08,0.478,-22.78]},{"time":0.8,"value":-20.64,"curve":[0.812,-20.64,0.823,-18.75]},{"time":0.8333,"value":-15.38,"curve":[0.888,-16.77,0.916,-23.09]},{"time":1.1,"value":-23.84}]},"Leg_L2":{"rotate":[{"value":31.12,"curve":[0.083,31.12,0.25,32.54]},{"time":0.3333,"value":32.54,"curve":[0.45,32.54,0.478,36.65]},{"time":0.8,"value":37,"curve":[0.812,37,0.823,37.07]},{"time":0.8333,"value":37.18,"curve":[0.888,36.18,0.916,31.65]},{"time":1.1,"value":31.12}]}},"drawOrder":[{"offsets":[{"slot":"images/Arm","offset":-8}]}]},"Attack_2":{"bones":{"HIP_X":{"rotate":[{"value":3.34,"curve":[0.083,3.34,0.25,9.55]},{"time":0.3333,"value":9.55,"curve":[0.45,9.55,0.711,-20.11]},{"time":1.0333,"value":-22.8,"curve":[1.108,-22.8,1.118,7.56]},{"time":1.3333,"value":10.35,"curve":[1.417,10.35,1.583,3.34]},{"time":1.6667,"value":3.34}],"translate":[{"x":3.93,"y":-25.92,"curve":[0.075,3.93,0.225,54.29,0.075,-25.92,0.225,-32.03]},{"time":0.3,"x":54.29,"y":-32.03,"curve":[0.417,54.29,0.678,80.27,0.417,-32.03,0.678,-9.36]},{"time":1,"x":81.17,"y":-7.45,"curve":[1.075,81.17,1.085,-10.01,1.075,-7.45,1.085,-31.8]},{"time":1.3,"x":-18.06,"y":-34.38,"curve":[1.383,-18.06,1.55,3.93,1.383,-34.38,1.55,-25.92]},{"time":1.6333,"x":3.93,"y":-25.92}],"scale":[{}]},"HIP_Y":{"translate":[{"x":-2.96,"curve":[0.034,-2.96,0.082,-2.96,0.034,0,0.082,-4.49]},{"time":0.1333,"x":-2.96,"y":-9.88,"curve":[0.291,-2.96,0.46,-2.96,0.291,-3.54,0.46,4.39]},{"time":0.5667,"x":-2.96,"y":4.39,"curve":[0.65,-2.96,0.903,-13.09,0.65,4.39,0.903,5.4]},{"time":1.1333,"x":-13.94,"y":5.49,"curve":[1.217,-13.94,1.227,-4.01,1.217,5.49,1.227,-3.45]},{"time":1.4667,"x":-2.96,"y":-4.39,"curve":[1.517,-2.96,1.617,-2.96,1.517,-4.39,1.617,0]},{"time":1.6667,"x":-2.96}]},"Body":{"rotate":[{"value":2.6,"curve":[0.092,2.6,0.275,-23.9]},{"time":0.3667,"value":-23.9,"curve":[0.482,-23.9,0.689,-2.89]},{"time":0.9333,"value":-4.99,"curve":[0.962,-12.69,0.995,-18.09]},{"time":1.0333,"value":-20.2,"curve":[1.06,-20.2,1.078,-12.73]},{"time":1.1,"value":-2.5,"curve":[1.135,-1.41,1.179,8.72]},{"time":1.3,"value":8.97,"curve":[1.383,8.97,1.55,2.6]},{"time":1.6333,"value":2.6}]},"Chest":{"rotate":[{"value":10.01,"curve":[0.092,10.01,0.275,6.19]},{"time":0.3667,"value":6.19,"curve":[0.483,6.19,0.684,-18.58]},{"time":0.9667,"value":-28.42,"curve":[0.977,-31.03,0.988,-32.94]},{"time":1,"value":-34.01,"curve":[1.012,-34.01,1.023,-34.68]},{"time":1.0333,"value":-35.88,"curve":[1.045,-35.67,1.056,-35.35]},{"time":1.0667,"value":-34.97,"curve":[1.078,-29.19,1.089,-22.34]},{"time":1.1,"value":-14.82,"curve":[1.119,-4.99,1.14,6.61]},{"time":1.1667,"value":17.97,"curve":[1.194,15.64,1.232,13.42]},{"time":1.3,"value":12.95,"curve":[1.383,12.95,1.55,10.01]},{"time":1.6333,"value":10.01}],"translate":[{"x":1.32,"y":0.08,"curve":"stepped"},{"time":0.3667,"x":1.32,"y":0.08,"curve":[0.483,1.32,0.678,-2.56,0.483,0.08,0.678,-13.55]},{"time":1,"x":-2.89,"y":-14.7,"curve":[1.075,-2.89,1.085,0.92,1.075,-14.7,1.085,-1.33]},{"time":1.3,"x":1.32,"y":0.08}]},"Head":{"rotate":[{"value":8.91,"curve":[0.1,8.91,0.3,-4.34]},{"time":0.4,"value":-4.34,"curve":[0.517,-4.34,0.711,-37.32]},{"time":1.0333,"value":-42.17,"curve":[1.108,-42.17,1.118,-11.99]},{"time":1.3333,"value":-8.8,"curve":[1.417,-8.8,1.583,8.91]},{"time":1.6667,"value":8.91}],"translate":[{"x":1.67,"y":24.2,"curve":[0.1,1.67,0.3,-0.47,0.1,24.2,0.3,52.18]},{"time":0.4,"x":-0.47,"y":52.18,"curve":"stepped"},{"time":1.0333,"x":-0.47,"y":52.18,"curve":[1.108,-0.47,1.118,1.46,1.108,52.18,1.118,26.88]},{"time":1.3333,"x":1.67,"y":24.2}],"scale":[{"x":0.994,"y":0.994}]},"Scapula_R":{"rotate":[{"value":2.91,"curve":[0.1,2.91,0.3,-18.49]},{"time":0.4,"value":-18.49,"curve":[0.517,-18.49,0.711,-20.21]},{"time":1.0333,"value":-21.1,"curve":[1.059,-21.1,1.08,-23.55]},{"time":1.1,"value":-27.41,"curve":[1.142,-19.91,1.181,-2.78]},{"time":1.3333,"value":-0.52,"curve":[1.417,-0.52,1.583,2.91]},{"time":1.6667,"value":2.91}],"translate":[{"curve":[0.1,0,0.3,21.39,0.1,0,0.3,5.49]},{"time":0.4,"x":21.39,"y":5.49,"curve":[0.517,21.39,0.711,15.46,0.517,5.49,0.711,12.72]},{"time":1.0333,"x":15.46,"y":12.72,"curve":[1.059,15.46,1.08,16.78,1.059,12.72,1.08,5.99]},{"time":1.1,"x":18.87,"y":-4.62,"curve":[1.112,17.92,1.123,15.75,1.112,0.21,1.123,11.26]},{"time":1.1667,"x":15.46,"y":12.72,"curve":[1.292,15.46,1.542,0,1.292,12.72,1.542,0]},{"time":1.6667}]},"Scapula_L":{"rotate":[{"value":-13.67,"curve":"stepped"},{"time":0.3667,"value":-13.67,"curve":[0.483,-13.67,0.678,-22.12]},{"time":1,"value":-22.84,"curve":[1.075,-22.84,1.085,-14.55]},{"time":1.3,"value":-13.67}]},"Arm_R_1":{"rotate":[{"value":-2.49,"curve":[0.108,-2.49,0.325,28.74]},{"time":0.4333,"value":28.74,"curve":[0.549,28.74,0.756,-94.48]},{"time":1,"value":-127.43,"curve":[1.029,-134.33,1.062,-139.16]},{"time":1.1,"value":-141.06,"curve":[1.123,-130.66,1.144,-102.82]},{"time":1.1667,"value":-78.98,"curve":[1.201,-59.65,1.245,-38.18]},{"time":1.3667,"value":-33.7,"curve":[1.45,-33.7,1.617,-2.49]},{"time":1.7,"value":-2.49}],"translate":[{"time":0.4333,"curve":[0.55,0,0.745,51.09,0.55,0,0.745,-16]},{"time":1.0667,"x":51.09,"y":-16,"curve":"stepped"},{"time":1.1,"x":51.09,"y":-16,"curve":[1.121,51.09,1.14,52.16,1.121,-16,1.14,-33.55]},{"time":1.1667,"x":52.16,"y":-33.55,"curve":[1.206,52.16,1.262,51.09,1.206,-33.55,1.262,-16]},{"time":1.3667,"x":51.09,"y":-16,"curve":[1.45,51.09,1.617,0,1.45,-16,1.617,0]},{"time":1.7}]},"Arm_R_2":{"rotate":[{"value":-3.78,"curve":[0.117,-3.78,0.35,9.88]},{"time":0.4667,"value":9.88,"curve":[0.583,9.88,0.778,-42.43]},{"time":1.1,"value":-45.49,"curve":[1.112,-45.49,1.123,-48.72]},{"time":1.1333,"value":-54.51,"curve":[1.157,-49.46,1.177,-39.96]},{"time":1.2,"value":-28.39,"curve":[1.235,-21.67,1.279,-11.34]},{"time":1.4,"value":-9.78,"curve":[1.483,-9.78,1.65,-3.78]},{"time":1.7333,"value":-3.78}],"translate":[{"curve":[0.117,0,0.35,-30.99,0.117,0,0.35,-4.03]},{"time":0.4667,"x":-30.99,"y":-4.03,"curve":[0.583,-30.99,0.778,47.27,0.583,-4.03,0.778,-29.73]},{"time":1.1,"x":47.27,"y":-29.73,"curve":"stepped"},{"time":1.4,"x":47.27,"y":-29.73,"curve":[1.483,47.27,1.65,0,1.483,-29.73,1.65,0]},{"time":1.7333}]},"Arm_L_2":{"rotate":[{"value":-2.19,"curve":"stepped"},{"time":0.4333,"value":-2.19,"curve":[0.55,-2.19,0.745,-6.74]},{"time":1.0667,"value":-7.12,"curve":[1.142,-7.12,1.151,-2.66]},{"time":1.3667,"value":-2.19}]},"Hand_L":{"rotate":[{"value":-3.9,"curve":[0.117,-3.9,0.35,-3.3]},{"time":0.4667,"value":-3.3,"curve":"stepped"},{"time":1.1,"value":-3.3,"curve":[1.175,-3.3,1.185,9.21]},{"time":1.4,"value":10.54,"curve":[1.483,10.54,1.65,-3.9]},{"time":1.7333,"value":-3.9}]},"Hand_R":{"rotate":[{"value":-4.59,"curve":[0.125,-4.59,0.375,16.07]},{"time":0.5,"value":16.07,"curve":[0.6,16.07,0.757,-21.18]},{"time":1,"value":-33.04,"curve":[1.033,-34.56,1.066,-35.89]},{"time":1.1,"value":-36.44,"curve":[1.112,-36.61,1.157,-27.82]},{"time":1.1667,"value":-26.21,"curve":[1.218,-18.39,1.254,-3.51]},{"time":1.4333,"value":-0.61,"curve":[1.517,-0.61,1.683,-4.59]},{"time":1.7667,"value":-4.59}],"translate":[{"curve":[0.125,0,0.375,-7.91,0.125,0,0.375,-10.02]},{"time":0.5,"x":-7.91,"y":-10.02,"curve":[0.613,-7.91,0.798,25.16,0.613,-10.02,0.798,-22.16]},{"time":1.1,"x":28.95,"y":-23.19,"curve":[1.112,29.08,1.123,29.42,1.112,-23.22,1.123,-23.33]},{"time":1.1333,"x":29.48,"y":-23.34,"curve":[1.146,29.48,1.157,28.84,1.146,-23.34,1.157,-23.25]},{"time":1.1667,"x":27.86,"y":-23.12,"curve":[1.218,23.07,1.254,8.88,1.218,-22.48,1.254,-20.56]},{"time":1.4333,"x":7.1,"y":-20.32,"curve":[1.517,7.1,1.683,0,1.517,-20.32,1.683,0]},{"time":1.7667}]},"Eylid_R":{"rotate":[{"curve":[0.125,0,0.375,3.32]},{"time":0.5,"value":3.32}],"translate":[{"time":0.2667},{"time":0.3333,"x":-57.69,"y":7.33,"curve":"stepped"},{"time":0.4667,"x":-57.69,"y":7.33,"curve":[0.476,-57.69,0.485,-40.96,0.476,7.33,0.485,8.78]},{"time":0.5,"x":-22.58,"y":10.36,"curve":[0.515,-13.35,0.535,-3.3,0.515,6.13,0.535,1.52]},{"time":0.5667}],"scale":[{"time":0.4667},{"time":0.5,"x":1.307},{"time":0.5667}]},"Eylid_L":{"translate":[{"time":0.2667},{"time":0.3333,"x":-91.67,"y":14.62,"curve":"stepped"},{"time":0.4667,"x":-91.67,"y":14.62},{"time":0.5,"x":-33.71,"y":0.88},{"time":0.5667}],"scale":[{"time":0.4667},{"time":0.5,"x":1.307,"y":1.664},{"time":0.5667}]},"Head2":{"translate":[{"time":0.2667},{"time":0.3667,"x":-9.04,"y":1.1,"curve":"stepped"},{"time":0.4667,"x":-9.04,"y":1.1},{"time":0.6}]},"Head3":{"translate":[{"time":0.2667},{"time":0.3667,"x":-9.04,"y":1.1,"curve":"stepped"},{"time":0.4667,"x":-9.04,"y":1.1},{"time":0.6}]},"Head4":{"rotate":[{"value":3.42,"curve":"stepped"},{"time":0.0667,"value":3.42,"curve":[0.125,3.42,0.242,9.94]},{"time":0.3,"value":9.94,"curve":[0.392,9.94,0.575,-5.48]},{"time":0.6667,"value":-5.48,"curve":[0.717,-5.48,0.983,-16.82]},{"time":1.0333,"value":-16.82,"curve":[1.108,-16.82,1.258,12.26]},{"time":1.3333,"value":12.26,"curve":[1.4,12.26,1.533,3.42]},{"time":1.6,"value":3.42}]},"Head5":{"rotate":[{"value":1.25,"curve":[0.025,1.25,0.075,-5.73]},{"time":0.1,"value":-5.73,"curve":[0.175,-5.73,0.325,7.76]},{"time":0.4,"value":7.76,"curve":[0.492,7.76,0.842,-7.66]},{"time":0.9333,"value":-7.66,"curve":[0.983,-7.66,1.083,-18.99]},{"time":1.1333,"value":-18.99,"curve":[1.208,-18.99,1.358,10.08]},{"time":1.4333,"value":10.08,"curve":[1.5,10.08,1.633,1.25]},{"time":1.7,"value":1.25}]},"Head6":{"rotate":[{"curve":[0.042,0,0.125,-6.98]},{"time":0.1667,"value":-6.98,"curve":[0.242,-6.98,0.392,6.51]},{"time":0.4667,"value":6.51,"curve":[0.558,6.51,0.908,-8.91]},{"time":1,"value":-8.91,"curve":[1.05,-8.91,1.15,-20.24]},{"time":1.2,"value":-20.24,"curve":[1.275,-20.24,1.425,8.83]},{"time":1.5,"value":8.83,"curve":[1.567,8.83,1.7,0]},{"time":1.7667}]},"Arm_L_1":{"rotate":[{"value":-12.68,"curve":[0.1,-12.68,0.3,33.52]},{"time":0.4,"value":33.52,"curve":[0.517,33.52,0.711,-14.59]},{"time":1.0333,"value":-18.65,"curve":[1.108,-18.65,1.118,10.81]},{"time":1.3333,"value":13.93,"curve":[1.417,13.93,1.583,-12.68]},{"time":1.6667,"value":-12.68}]},"Leg_R1":{"rotate":[{"value":-11.2,"curve":[0.083,-11.2,0.25,-38.57]},{"time":0.3333,"value":-38.57,"curve":[0.358,-38.57,0.379,-34.9]},{"time":0.4,"value":-28.55,"curve":[0.527,-26.58,0.8,-21.81]},{"time":1,"value":-17.81,"curve":[1.075,-25.12,1.178,-31.34]},{"time":1.3333,"value":-32.57,"curve":[1.419,-26.46,1.535,-11.2]},{"time":1.6,"value":-11.2}]},"Leg_R2":{"rotate":[{"value":17.79,"curve":[0.083,17.79,0.25,20.12]},{"time":0.3333,"value":20.12,"curve":[0.358,20.12,0.379,17.01]},{"time":0.4,"value":11.63,"curve":[0.577,6.89,0.905,-1.67]},{"time":1.1,"value":-11.29,"curve":[1.193,-0.6,1.3,10.99]},{"time":1.4333,"value":21.67,"curve":[1.519,20.56,1.635,17.79]},{"time":1.7,"value":17.79}]},"Leg_L1":{"rotate":[{"value":-23.84,"curve":[0.083,-23.84,0.25,-48.08]},{"time":0.3333,"value":-48.08,"curve":[0.45,-48.08,0.645,-22.78]},{"time":0.9667,"value":-20.64,"curve":[0.979,-20.64,0.99,-18.75]},{"time":1,"value":-15.38,"curve":[1.055,-16.77,1.082,-23.09]},{"time":1.2667,"value":-23.84}]},"Leg_L2":{"rotate":[{"value":31.12,"curve":[0.083,31.12,0.25,32.54]},{"time":0.3333,"value":32.54,"curve":[0.45,32.54,0.645,36.65]},{"time":0.9667,"value":37,"curve":[0.979,37,0.99,37.07]},{"time":1,"value":37.18,"curve":[1.055,36.18,1.082,31.65]},{"time":1.2667,"value":31.12}]}},"drawOrder":[{"offsets":[{"slot":"images/Arm","offset":-8}]}]},"Idle":{"slots":{"Left eyelid":{"attachment":[{"time":4,"name":"images/Left eyelid"},{"time":4.2,"name":null}]},"Right eyelid":{"attachment":[{"time":4,"name":"images/Right eyelid"},{"time":4.2,"name":null}]}},"bones":{"HIP_X":{"rotate":[{"value":3.34,"curve":[0.289,2.65,0.731,0]},{"time":0.9667,"curve":[1.158,0,1.542,3.57]},{"time":1.7333,"value":3.57,"curve":[1.773,3.57,1.818,3.49]},{"time":1.8667,"value":3.34,"curve":[2.156,2.65,2.597,0]},{"time":2.8333,"curve":[3.025,0,3.408,3.57]},{"time":3.6,"value":3.57,"curve":[3.64,3.57,3.685,3.49]},{"time":3.7333,"value":3.34,"curve":[4.022,2.65,4.464,0]},{"time":4.7,"curve":[4.892,0,5.275,3.57]},{"time":5.4667,"value":3.57,"curve":[5.506,3.57,5.551,3.49]},{"time":5.6,"value":3.34}],"translate":[{"x":3.93,"y":-25.92,"curve":[0.275,3.93,0.825,3.93,0.275,-25.92,0.825,-22.09]},{"time":1.1,"x":3.93,"y":-22.09,"curve":[1.292,3.93,1.675,3.93,1.292,-22.09,1.675,-25.92]},{"time":1.8667,"x":3.93,"y":-25.92,"curve":[2.142,3.93,2.692,3.93,2.142,-25.92,2.692,-22.09]},{"time":2.9667,"x":3.93,"y":-22.09,"curve":[3.158,3.93,3.542,3.93,3.158,-22.09,3.542,-25.92]},{"time":3.7333,"x":3.93,"y":-25.92,"curve":[4.008,3.93,4.558,3.93,4.008,-25.92,4.558,-22.09]},{"time":4.8333,"x":3.93,"y":-22.09,"curve":[5.025,3.93,5.408,3.93,5.025,-22.09,5.408,-25.92]},{"time":5.6,"x":3.93,"y":-25.92}],"scale":[{"curve":[0.037,1,0.07,1,0.037,1,0.07,1]},{"time":0.1,"curve":[0.383,1,0.95,0.994,0.383,1,0.95,0.994]},{"time":1.2333,"x":0.994,"y":0.994,"curve":[1.388,0.994,1.676,0.999,1.388,0.994,1.676,0.999]},{"time":1.8667,"curve":[1.903,1,1.937,1,1.903,1,1.937,1]},{"time":1.9667,"curve":[2.25,1,2.817,0.994,2.25,1,2.817,0.994]},{"time":3.1,"x":0.994,"y":0.994,"curve":[3.255,0.994,3.542,0.999,3.255,0.994,3.542,0.999]},{"time":3.7333,"curve":[3.77,1,3.804,1,3.77,1,3.804,1]},{"time":3.8333,"curve":[4.117,1,4.683,0.994,4.117,1,4.683,0.994]},{"time":4.9667,"x":0.994,"y":0.994,"curve":[5.121,0.994,5.409,0.999,5.121,0.994,5.409,0.999]},{"time":5.6}]},"HIP_Y":{"translate":[{"x":-2.96,"curve":[0.076,-2.71,0.144,-2.56,0.076,0,0.144,0]},{"time":0.2,"x":-2.56,"curve":[0.475,-2.56,1.025,-5.11,0.475,0,1.025,0]},{"time":1.3,"x":-5.11,"curve":[1.384,-5.11,1.507,-4.57,1.384,0,1.507,0]},{"time":1.6333,"x":-3.99,"curve":[1.713,-3.62,1.795,-3.22,1.713,0,1.795,0]},{"time":1.8667,"x":-2.96,"curve":[1.942,-2.71,2.011,-2.56,1.942,0,2.011,0]},{"time":2.0667,"x":-2.56,"curve":[2.342,-2.56,2.892,-5.11,2.342,0,2.892,0]},{"time":3.1667,"x":-5.11,"curve":[3.251,-5.11,3.374,-4.57,3.251,0,3.374,0]},{"time":3.5,"x":-3.99,"curve":[3.58,-3.62,3.661,-3.22,3.58,0,3.661,0]},{"time":3.7333,"x":-2.96,"curve":[3.809,-2.71,3.877,-2.56,3.809,0,3.877,0]},{"time":3.9333,"x":-2.56,"curve":[4.208,-2.56,4.758,-5.11,4.208,0,4.758,0]},{"time":5.0333,"x":-5.11,"curve":[5.118,-5.11,5.24,-4.57,5.118,0,5.24,0]},{"time":5.3667,"x":-3.99,"curve":[5.447,-3.62,5.528,-3.22,5.447,0,5.528,0]},{"time":5.6,"x":-2.96}]},"Body":{"rotate":[{"value":2.6,"curve":[0.024,2.67,0.046,2.7]},{"time":0.0667,"value":2.7,"curve":[0.35,2.7,0.917,-0.31]},{"time":1.2,"value":-0.31,"curve":[1.364,-0.31,1.676,2.15]},{"time":1.8667,"value":2.6,"curve":[1.891,2.67,1.913,2.7]},{"time":1.9333,"value":2.7,"curve":[2.217,2.7,2.783,-0.31]},{"time":3.0667,"value":-0.31,"curve":[3.23,-0.31,3.543,2.15]},{"time":3.7333,"value":2.6,"curve":[3.757,2.67,3.78,2.7]},{"time":3.8,"value":2.7,"curve":[4.083,2.7,4.65,-0.31]},{"time":4.9333,"value":-0.31,"curve":[5.097,-0.31,5.409,2.15]},{"time":5.6,"value":2.6}]},"Chest":{"rotate":[{"value":10.01,"curve":[0.05,10.35,0.095,10.56]},{"time":0.1333,"value":10.56,"curve":[0.417,10.56,0.983,5.61]},{"time":1.2667,"value":5.61,"curve":[1.412,5.61,1.678,8.84]},{"time":1.8667,"value":10.01,"curve":[1.916,10.35,1.962,10.56]},{"time":2,"value":10.56,"curve":[2.283,10.56,2.85,5.61]},{"time":3.1333,"value":5.61,"curve":[3.279,5.61,3.544,8.84]},{"time":3.7333,"value":10.01,"curve":[3.783,10.35,3.828,10.56]},{"time":3.8667,"value":10.56,"curve":[4.15,10.56,4.717,5.61]},{"time":5,"value":5.61,"curve":[5.146,5.61,5.411,8.84]},{"time":5.6,"value":10.01}],"translate":[{"x":1.32,"y":0.08,"curve":[0.178,0.77,0.378,0,0.178,0.05,0.378,0]},{"time":0.5,"curve":[0.775,0,1.325,1.95,0.775,0,1.325,0.12]},{"time":1.6,"x":1.95,"y":0.12,"curve":[1.67,1.95,1.765,1.67,1.67,0.12,1.765,0.11]},{"time":1.8667,"x":1.32,"y":0.08,"curve":[2.045,0.77,2.245,0,2.045,0.05,2.245,0]},{"time":2.3667,"curve":[2.642,0,3.192,1.95,2.642,0,3.192,0.12]},{"time":3.4667,"x":1.95,"y":0.12,"curve":[3.536,1.95,3.631,1.67,3.536,0.12,3.631,0.11]},{"time":3.7333,"x":1.32,"y":0.08,"curve":[3.912,0.77,4.111,0,3.912,0.05,4.111,0]},{"time":4.2333,"curve":[4.508,0,5.058,1.95,4.508,0,5.058,0.12]},{"time":5.3333,"x":1.95,"y":0.12,"curve":[5.403,1.95,5.498,1.67,5.403,0.12,5.498,0.11]},{"time":5.6,"x":1.32,"y":0.08}]},"Head":{"rotate":[{"value":8.91,"curve":[0.079,10.01,0.167,10.9]},{"time":0.2667,"value":11.08,"curve":[0.533,11.08,1.067,0.79]},{"time":1.3333,"value":0.79,"curve":[1.451,0.79,1.58,3.73]},{"time":1.7333,"value":6.78,"curve":[1.846,8.75,1.976,10.79]},{"time":2.1333,"value":11.08,"curve":[2.4,11.08,2.933,0.79]},{"time":3.2,"value":0.79,"curve":[3.318,0.79,3.447,3.73]},{"time":3.6,"value":6.78,"curve":[3.713,8.75,3.843,10.79]},{"time":4,"value":11.08,"curve":[4.267,11.08,4.8,0.79]},{"time":5.0667,"value":0.79,"curve":[5.185,0.79,5.314,3.73]},{"time":5.4667,"value":6.78,"curve":[5.509,7.51,5.553,8.24]},{"time":5.6,"value":8.91}],"translate":[{"x":1.67,"y":24.2,"curve":[0.033,1.76,0.066,1.85,0.033,24.21,0.066,24.21]},{"time":0.1,"x":1.95,"y":24.22,"curve":[0.122,2.02,0.144,2.08,0.122,24.22,0.144,24.23]},{"time":0.1667,"x":2.14,"y":24.23,"curve":[0.354,2.65,0.542,3.16,0.354,24.27,0.542,24.31]},{"time":0.6667,"x":3.16,"y":24.31,"curve":[0.892,3.16,1.342,1.13,0.892,24.31,1.342,24.16]},{"time":1.5667,"x":1.13,"y":24.16,"curve":[1.615,1.13,1.671,1.21,1.615,24.16,1.671,24.17]},{"time":1.7333,"x":1.35,"y":24.18,"curve":[1.805,1.49,1.885,1.71,1.805,24.19,1.885,24.2]},{"time":1.9667,"x":1.95,"y":24.22,"curve":[1.989,2.02,2.011,2.08,1.989,24.22,2.011,24.23]},{"time":2.0333,"x":2.14,"y":24.23,"curve":[2.221,2.65,2.408,3.16,2.221,24.27,2.408,24.31]},{"time":2.5333,"x":3.16,"y":24.31,"curve":[2.758,3.16,3.208,1.13,2.758,24.31,3.208,24.16]},{"time":3.4333,"x":1.13,"y":24.16,"curve":[3.481,1.13,3.538,1.21,3.481,24.16,3.538,24.17]},{"time":3.6,"x":1.35,"y":24.18,"curve":[3.671,1.49,3.751,1.71,3.671,24.19,3.751,24.2]},{"time":3.8333,"x":1.95,"y":24.22,"curve":[3.855,2.02,3.878,2.08,3.855,24.22,3.878,24.23]},{"time":3.9,"x":2.14,"y":24.23,"curve":[4.088,2.65,4.275,3.16,4.088,24.27,4.275,24.31]},{"time":4.4,"x":3.16,"y":24.31,"curve":[4.625,3.16,5.075,1.13,4.625,24.31,5.075,24.16]},{"time":5.3,"x":1.13,"y":24.16,"curve":[5.348,1.13,5.405,1.21,5.348,24.16,5.405,24.17]},{"time":5.4667,"x":1.35,"y":24.18,"curve":[5.509,1.43,5.553,1.54,5.509,24.18,5.553,24.19]},{"time":5.6,"x":1.67,"y":24.2}],"scale":[{"x":0.994,"y":0.994,"curve":[0.126,0.997,0.249,1,0.126,0.997,0.249,1]},{"time":0.3333,"curve":[0.617,1,1.183,0.986,0.617,1,1.183,0.986]},{"time":1.4667,"x":0.986,"y":0.986,"curve":[1.536,0.986,1.631,0.988,1.536,0.986,1.631,0.988]},{"time":1.7333,"x":0.991,"y":0.991,"curve":[1.9,0.995,2.086,1,1.9,0.995,2.086,1]},{"time":2.2,"curve":[2.483,1,3.05,0.986,2.483,1,3.05,0.986]},{"time":3.3333,"x":0.986,"y":0.986,"curve":[3.403,0.986,3.498,0.988,3.403,0.986,3.498,0.988]},{"time":3.6,"x":0.991,"y":0.991,"curve":[3.767,0.995,3.953,1,3.767,0.995,3.953,1]},{"time":4.0667,"curve":[4.35,1,4.917,0.986,4.35,1,4.917,0.986]},{"time":5.2,"x":0.986,"y":0.986,"curve":[5.27,0.986,5.365,0.988,5.27,0.986,5.365,0.988]},{"time":5.4667,"x":0.991,"y":0.991,"curve":[5.51,0.992,5.555,0.993,5.51,0.992,5.555,0.993]},{"time":5.6,"x":0.994,"y":0.994}]},"Scapula_R":{"rotate":[{"value":2.91,"curve":[0.076,3.36,0.145,3.67]},{"time":0.2,"value":3.67},{"time":1.3,"curve":[1.437,0,1.675,1.88]},{"time":1.8667,"value":2.91,"curve":[1.943,3.36,2.012,3.67]},{"time":2.0667,"value":3.67},{"time":3.1667,"curve":[3.304,0,3.541,1.88]},{"time":3.7333,"value":2.91,"curve":[3.809,3.36,3.879,3.67]},{"time":3.9333,"value":3.67},{"time":5.0333,"curve":[5.171,0,5.408,1.88]},{"time":5.6,"value":2.91}]},"Scapula_L":{"rotate":[{"value":-13.67,"curve":[0.076,-14.13,0.146,-14.45]},{"time":0.2,"value":-14.45,"curve":[0.475,-14.45,1.025,-10.85]},{"time":1.3,"value":-10.85,"curve":[1.437,-10.85,1.674,-12.66]},{"time":1.8667,"value":-13.67,"curve":[1.943,-14.13,2.012,-14.45]},{"time":2.0667,"value":-14.45,"curve":[2.342,-14.45,2.892,-10.85]},{"time":3.1667,"value":-10.85,"curve":[3.304,-10.85,3.54,-12.66]},{"time":3.7333,"value":-13.67,"curve":[3.81,-14.13,3.879,-14.45]},{"time":3.9333,"value":-14.45,"curve":[4.208,-14.45,4.758,-10.85]},{"time":5.0333,"value":-10.85,"curve":[5.171,-10.85,5.407,-12.66]},{"time":5.6,"value":-13.67}]},"Arm_R_1":{"rotate":[{"value":-2.49,"curve":[0.022,-2.26,0.045,-2.04]},{"time":0.0667,"value":-1.82,"curve":[0.169,-0.8,0.264,0]},{"time":0.3333},{"time":1.4667,"value":-5.67,"curve":[1.566,-5.67,1.719,-4]},{"time":1.8667,"value":-2.49,"curve":[1.889,-2.26,1.911,-2.04]},{"time":1.9333,"value":-1.82,"curve":[2.035,-0.8,2.13,0]},{"time":2.2},{"time":3.3333,"value":-5.67,"curve":[3.432,-5.67,3.585,-4]},{"time":3.7333,"value":-2.49,"curve":[3.756,-2.26,3.778,-2.04]},{"time":3.8,"value":-1.82,"curve":[3.902,-0.8,3.997,0]},{"time":4.0667},{"time":5.2,"value":-5.67,"curve":[5.299,-5.67,5.452,-4]},{"time":5.6,"value":-2.49}]},"Arm_R_2":{"rotate":[{"value":-3.78,"curve":[0.022,-3.51,0.044,-3.24]},{"time":0.0667,"value":-2.97,"curve":[0.089,-2.69,0.111,-2.43]},{"time":0.1333,"value":-2.17,"curve":[0.235,-0.96,0.33,0]},{"time":0.4},{"time":1.5333,"value":-6.75,"curve":[1.618,-6.75,1.74,-5.33]},{"time":1.8667,"value":-3.78,"curve":[1.889,-3.51,1.911,-3.24]},{"time":1.9333,"value":-2.97,"curve":[1.956,-2.69,1.978,-2.43]},{"time":2,"value":-2.17,"curve":[2.102,-0.96,2.197,0]},{"time":2.2667},{"time":3.4,"value":-6.75,"curve":[3.484,-6.75,3.607,-5.33]},{"time":3.7333,"value":-3.78,"curve":[3.756,-3.51,3.778,-3.24]},{"time":3.8,"value":-2.97,"curve":[3.822,-2.69,3.845,-2.43]},{"time":3.8667,"value":-2.17,"curve":[3.969,-0.96,4.064,0]},{"time":4.1333},{"time":5.2667,"value":-6.75,"curve":[5.351,-6.75,5.474,-5.33]},{"time":5.6,"value":-3.78}]},"Arm_L_2":{"rotate":[{"value":-2.19,"curve":[0.011,-2.1,0.022,-2.01]},{"time":0.0333,"value":-1.92,"curve":[0.056,-1.75,0.078,-1.57]},{"time":0.1,"value":-1.41,"curve":[0.147,-1.04,0.192,-0.72]},{"time":0.2333,"value":-0.48,"curve":[0.283,-0.18,0.328,0]},{"time":0.3667},{"time":1.5,"value":-4.38,"curve":[1.584,-4.38,1.707,-3.46]},{"time":1.8333,"value":-2.45,"curve":[1.856,-2.28,1.878,-2.1]},{"time":1.9,"value":-1.92,"curve":[1.922,-1.75,1.945,-1.57]},{"time":1.9667,"value":-1.41,"curve":[2.069,-0.62,2.164,0]},{"time":2.2333},{"time":3.3667,"value":-4.38,"curve":[3.451,-4.38,3.574,-3.46]},{"time":3.7,"value":-2.45,"curve":[3.722,-2.28,3.744,-2.1]},{"time":3.7667,"value":-1.92,"curve":[3.789,-1.75,3.811,-1.57]},{"time":3.8333,"value":-1.41,"curve":[3.935,-0.62,4.03,0]},{"time":4.1},{"time":5.2333,"value":-4.38,"curve":[5.318,-4.38,5.44,-3.46]},{"time":5.5667,"value":-2.45,"curve":[5.578,-2.36,5.589,-2.28]},{"time":5.6,"value":-2.19}]},"Hand_L":{"rotate":[{"value":-3.9,"curve":[0.032,-3.72,0.065,-3.49]},{"time":0.1,"value":-3.22,"curve":[0.132,-2.99,0.166,-2.72]},{"time":0.2,"value":-2.45,"curve":[0.222,-2.28,0.244,-2.1]},{"time":0.2667,"value":-1.92,"curve":[0.289,-1.75,0.311,-1.57]},{"time":0.3333,"value":-1.41,"curve":[0.38,-1.04,0.425,-0.72]},{"time":0.4667,"value":-0.48,"curve":[0.516,-0.18,0.562,0]},{"time":0.6,"curve":[0.883,0,1.45,-4.38]},{"time":1.7333,"value":-4.38,"curve":[1.818,-4.38,1.94,-3.46]},{"time":2.0667,"value":-2.45,"curve":[2.089,-2.28,2.111,-2.1]},{"time":2.1333,"value":-1.92,"curve":[2.156,-1.75,2.178,-1.57]},{"time":2.2,"value":-1.41,"curve":[2.302,-0.62,2.397,0]},{"time":2.4667,"curve":[2.75,0,3.317,-4.38]},{"time":3.6,"value":-4.38,"curve":[3.684,-4.38,3.807,-3.46]},{"time":3.9333,"value":-2.45,"curve":[3.956,-2.28,3.978,-2.1]},{"time":4,"value":-1.92,"curve":[4.022,-1.75,4.045,-1.57]},{"time":4.0667,"value":-1.41,"curve":[4.169,-0.62,4.264,0]},{"time":4.3333,"curve":[4.617,0,5.183,-4.38]},{"time":5.4667,"value":-4.38,"curve":[5.505,-4.38,5.55,-4.2]},{"time":5.6,"value":-3.9}]},"Hand_R":{"rotate":[{"value":-4.59,"curve":[0.022,-4.33,0.044,-4.06]},{"time":0.0667,"value":-3.78,"curve":[0.089,-3.51,0.111,-3.24]},{"time":0.1333,"value":-2.97,"curve":[0.156,-2.69,0.178,-2.43]},{"time":0.2,"value":-2.17,"curve":[0.315,-0.96,0.422,0]},{"time":0.5},{"time":1.6,"value":-6.75,"curve":[1.67,-6.75,1.765,-5.8]},{"time":1.8667,"value":-4.59,"curve":[1.889,-4.33,1.911,-4.06]},{"time":1.9333,"value":-3.78,"curve":[1.956,-3.51,1.978,-3.24]},{"time":2,"value":-2.97,"curve":[2.022,-2.69,2.045,-2.43]},{"time":2.0667,"value":-2.17,"curve":[2.181,-0.96,2.288,0]},{"time":2.3667},{"time":3.4667,"value":-6.75,"curve":[3.536,-6.75,3.631,-5.8]},{"time":3.7333,"value":-4.59,"curve":[3.755,-4.33,3.778,-4.06]},{"time":3.8,"value":-3.78,"curve":[3.822,-3.51,3.844,-3.24]},{"time":3.8667,"value":-2.97,"curve":[3.889,-2.69,3.911,-2.43]},{"time":3.9333,"value":-2.17,"curve":[4.048,-0.96,4.155,0]},{"time":4.2333},{"time":5.3333,"value":-6.75,"curve":[5.403,-6.75,5.498,-5.8]},{"time":5.6,"value":-4.59}]},"Eylid_R":{"rotate":[{"time":4.1667,"value":3.32}],"translate":[{"time":4},{"time":4.0333,"x":-21.76,"y":6.41,"curve":"stepped"},{"time":4.1667,"x":-21.76,"y":6.41,"curve":[4.192,-21.76,4.184,-3.3,4.192,6.41,4.184,1.52]},{"time":4.2}],"scale":[{"time":4.1333},{"time":4.1667,"x":1.307},{"time":4.2}]},"Eylid_L":{"translate":[{"time":4},{"time":4.0333,"x":-55.74,"y":13.69,"curve":"stepped"},{"time":4.1667,"x":-55.74,"y":13.69,"curve":[4.192,-55.74,4.189,0,4.192,13.69,4.189,0]},{"time":4.2}],"scale":[{"time":4.1333},{"time":4.1667,"x":1.307,"y":1.664},{"time":4.2}]},"Head2":{"translate":[{"time":4},{"time":4.0667,"x":-9.04,"y":1.1,"curve":"stepped"},{"time":4.1333,"x":-9.04,"y":1.1},{"time":4.1667,"x":-6.02,"y":0.73},{"time":4.2333}]},"Head3":{"translate":[{"time":4},{"time":4.0667,"x":-9.04,"y":1.1,"curve":"stepped"},{"time":4.1333,"x":-9.04,"y":1.1},{"time":4.1667,"x":-6.02,"y":0.73},{"time":4.2333}]},"Head4":{"rotate":[{"value":3.42,"curve":[0.112,5.36,0.226,7.43]},{"time":0.3,"value":7.43,"curve":[0.475,7.43,0.825,-1.99]},{"time":1,"value":-1.99,"curve":[1.15,-1.99,1.45,0]},{"time":1.6,"curve":[1.742,0,2.025,7.43]},{"time":2.1667,"value":7.43,"curve":[2.342,7.43,2.692,-1.99]},{"time":2.8667,"value":-1.99,"curve":[3.017,-1.99,3.317,0]},{"time":3.4667,"curve":[3.608,0,3.892,7.43]},{"time":4.0333,"value":7.43,"curve":[4.208,7.43,4.558,-1.99]},{"time":4.7333,"value":-1.99,"curve":[4.883,-1.99,5.183,0]},{"time":5.3333,"curve":[5.401,0,5.499,1.66]},{"time":5.6,"value":3.42}]},"Head5":{"rotate":[{"value":1.25,"curve":[0.143,3.23,0.328,7.43]},{"time":0.4333,"value":7.43,"curve":[0.608,7.43,0.958,-1.99]},{"time":1.1333,"value":-1.99,"curve":[1.283,-1.99,1.583,0]},{"time":1.7333,"curve":[1.875,0,2.158,7.43]},{"time":2.3,"value":7.43,"curve":[2.475,7.43,2.825,-1.99]},{"time":3,"value":-1.99,"curve":[3.15,-1.99,3.45,0]},{"time":3.6,"curve":[3.742,0,4.025,7.43]},{"time":4.1667,"value":7.43,"curve":[4.342,7.43,4.692,-1.99]},{"time":4.8667,"value":-1.99,"curve":[5.017,-1.99,5.317,0]},{"time":5.4667,"curve":[5.504,0,5.55,0.49]},{"time":5.6,"value":1.25}]},"Head6":{"rotate":[{"curve":[0.142,0,0.425,7.43]},{"time":0.5667,"value":7.43,"curve":[0.742,7.43,1.092,-1.99]},{"time":1.2667,"value":-1.99,"curve":[1.417,-1.99,1.717,0]},{"time":1.8667,"curve":[2.008,0,2.292,7.43]},{"time":2.4333,"value":7.43,"curve":[2.608,7.43,2.958,-1.99]},{"time":3.1333,"value":-1.99,"curve":[3.283,-1.99,3.583,0]},{"time":3.7333,"curve":[3.875,0,4.158,7.43]},{"time":4.3,"value":7.43,"curve":[4.475,7.43,4.825,-1.99]},{"time":5,"value":-1.99,"curve":[5.15,-1.99,5.45,0]},{"time":5.6}]},"Arm_L_1":{"rotate":[{"value":-12.68}]}}},"Knockout":{"slots":{"Left eyelid":{"attachment":[{"name":"images/Left eyelid"}]},"Right eyelid":{"attachment":[{"name":"images/Right eyelid"}]},"Star":{"attachment":[{"name":"Star"}]},"Star2":{"attachment":[{"name":"Star"}]},"Star3":{"attachment":[{"name":"Star"}]},"Star4":{"attachment":[{"name":"Star"}]},"Wind":{"attachment":[{"name":"Wind"}]},"Wind2":{"attachment":[{"name":"Wind"}]},"Wind3":{"attachment":[{"name":"Wind"}]},"Wind4":{"attachment":[{"name":"Wind"}]}},"bones":{"HIP_X":{"rotate":[{"value":3.34,"curve":[0.429,2.65,1.083,0]},{"time":1.4333,"curve":[1.717,0,2.283,3.57]},{"time":2.5667,"value":3.57,"curve":[2.626,3.57,2.694,3.49]},{"time":2.7667,"value":3.34}],"translate":[{"x":38.03,"y":-242.42}],"scale":[{"curve":[0.061,1,0.117,1,0.061,1,0.117,1]},{"time":0.1667,"curve":[0.583,1,1.417,0.994,0.583,1,1.417,0.994]},{"time":1.8333,"x":0.994,"y":0.994,"curve":[2.061,0.994,2.485,0.999,2.061,0.994,2.485,0.999]},{"time":2.7667}]},"HIP_Y":{"translate":[{"x":-2.96,"curve":[0.113,-2.71,0.216,-2.56,0.113,0,0.216,0]},{"time":0.3,"x":-2.56,"curve":[0.708,-2.56,1.525,-5.11,0.708,0,1.525,0]},{"time":1.9333,"x":-5.11,"curve":[2.06,-5.11,2.244,-4.57,2.06,0,2.244,0]},{"time":2.4333,"x":-3.99,"curve":[2.547,-3.62,2.664,-3.22,2.547,0,2.664,0]},{"time":2.7667,"x":-2.96}]},"Body":{"rotate":[{"value":8.75,"curve":[0.036,8.82,0.069,8.86]},{"time":0.1,"value":8.86,"curve":[0.475,8.86,1.225,5.84]},{"time":1.6,"value":5.84,"curve":[1.886,5.84,2.433,8.3]},{"time":2.7667,"value":8.75}],"translate":[{"x":-3.38,"y":14.51}]},"Chest":{"rotate":[{"value":8.69,"curve":[0.075,9.03,0.143,9.23]},{"time":0.2,"value":9.23,"curve":[0.567,9.23,1.3,4.28]},{"time":1.6667,"value":4.28,"curve":[1.934,4.28,2.42,7.51]},{"time":2.7667,"value":8.69}],"translate":[{"x":1.32,"y":0.08,"curve":[0.274,0.77,0.58,0,0.274,0.05,0.58,0]},{"time":0.7667,"curve":[1.175,0,1.992,1.95,1.175,0,1.992,0.12]},{"time":2.4,"x":1.95,"y":0.12,"curve":[2.496,1.95,2.626,1.67,2.496,0.12,2.626,0.11]},{"time":2.7667,"x":1.32,"y":0.08}]},"Head":{"rotate":[{"value":12.49,"curve":[0.178,14.6,0.347,16.4]},{"time":0.4667,"value":16.4,"curve":[0.833,16.4,1.567,6.11]},{"time":1.9333,"value":6.11,"curve":[2.138,6.11,2.463,9.62]},{"time":2.7667,"value":12.49}],"translate":[{"x":-17.12,"y":21.34,"curve":[0.054,-17.03,0.11,-16.93,0.054,21.35,0.11,21.36]},{"time":0.1667,"x":-16.83,"y":21.36,"curve":[0.2,-16.77,0.233,-16.7,0.2,21.37,0.233,21.37]},{"time":0.2667,"x":-16.64,"y":21.38,"curve":[0.579,-16.13,0.892,-15.63,0.579,21.41,0.892,21.45]},{"time":1.1,"x":-15.63,"y":21.45,"curve":[1.458,-15.63,2.175,-17.65,1.458,21.45,2.175,21.3]},{"time":2.5333,"x":-17.65,"y":21.3,"curve":[2.601,-17.65,2.68,-17.57,2.601,21.3,2.68,21.31]},{"time":2.7667,"x":-17.44,"y":21.32}],"scale":[{"x":0.997,"y":0.997,"curve":[0.309,1.007,0.655,1.02,0.309,1.007,0.655,1.02]},{"time":0.8667,"x":1.02,"y":1.02,"curve":[1.217,1.02,1.917,0.986,1.217,1.02,1.917,0.986]},{"time":2.2667,"x":0.986,"y":0.986,"curve":[2.397,0.986,2.576,0.991,2.397,0.986,2.576,0.991]},{"time":2.7667,"x":0.997,"y":0.997}]},"Scapula_R":{"rotate":[{"value":14.51}],"translate":[{"x":-0.51,"y":0.56,"curve":[0.074,-0.19,0.141,0,0.074,0.21,0.141,0]},{"time":0.2,"curve":[0.567,0,1.3,-5.93,0.567,0,1.3,6.51]},{"time":1.6667,"x":-5.93,"y":6.51,"curve":[1.935,-5.93,2.429,-1.79,1.935,6.51,2.429,1.96]},{"time":2.7667,"x":-0.51,"y":0.56}]},"Scapula_L":{"rotate":[{"value":-30.46}],"translate":[{},{"time":0.7667,"x":1.31,"y":2.59},{"time":1.6,"x":3.09,"y":2.56},{"time":2.7667}]},"Arm_R_1":{"rotate":[{"value":5.51}]},"Arm_R_2":{"rotate":[{"value":-1.59,"curve":[0.2,-1.59,0.6,-5.75]},{"time":0.8,"value":-5.75,"curve":"stepped"},{"time":1.4667,"value":-5.75,"curve":[1.717,-5.75,2.217,-1.59]},{"time":2.4667,"value":-1.59}]},"Arm_L_2":{"rotate":[{"value":77.66}]},"Hand_L":{"rotate":[{"value":37.27}]},"Hand_R":{"rotate":[{"value":-4.59}]},"Head4":{"rotate":[{"value":2.14,"curve":[0.124,3.22,0.25,4.36]},{"time":0.3667,"value":5.26,"curve":[0.545,6.53,0.707,7.43]},{"time":0.8333,"value":7.43,"curve":[1.15,7.43,1.783,-1.99]},{"time":2.1,"value":-1.99,"curve":[2.269,-1.99,2.514,-0.02]},{"time":2.7667,"value":2.14}]},"Head5":{"rotate":[{"value":0.55,"curve":[0.118,1.5,0.244,2.66]},{"time":0.3667,"value":3.72,"curve":[0.62,5.71,0.863,7.43]},{"time":1.0333,"value":7.43,"curve":[1.342,7.43,1.958,-1.99]},{"time":2.2667,"value":-1.99,"curve":[2.4,-1.99,2.576,-0.92]},{"time":2.7667,"value":0.55}]},"Head6":{"rotate":[{"value":-0.85,"curve":[0.112,-0.13,0.238,0.96]},{"time":0.3667,"value":2.11,"curve":[0.699,4.63,1.044,7.43]},{"time":1.2667,"value":7.43,"curve":[1.567,7.43,2.167,-1.99]},{"time":2.4667,"value":-1.99,"curve":[2.552,-1.99,2.654,-1.56]},{"time":2.7667,"value":-0.85}]},"Arm_L_1":{"rotate":[{"value":56.75,"curve":[0.178,59.72,0.344,62.04]},{"time":0.4667,"value":62.04,"curve":[0.833,62.04,1.567,45.27]},{"time":1.9333,"value":45.27,"curve":[2.137,45.27,2.47,51.95]},{"time":2.7667,"value":56.75}],"translate":[{"x":-44.09,"y":0.39},{"time":1.9333,"x":-48.54,"y":-4.12},{"time":2.7667,"x":-44.09,"y":0.39}]},"Foot_R":{"rotate":[{"value":-12.64}],"translate":[{"x":-70.8,"y":-86.61}]},"Foor_L":{"rotate":[{"value":-17.71}],"translate":[{"x":-147.76,"y":-148.61}]},"Leg_L2":{"scale":[{"x":0.804}]},"root":{"rotate":[{"value":-12.63}],"translate":[{"y":-19.15}]},"Head2":{"translate":[{"x":-6.02,"y":0.73}]},"Head3":{"translate":[{"x":-6.02,"y":0.73}]},"Eylid_R":{"rotate":[{"value":3.32}],"translate":[{"x":-22.58,"y":10.36}],"scale":[{"x":1.307}]},"Eylid_L":{"translate":[{"x":-33.71,"y":0.88}],"scale":[{"x":1.307,"y":1.664}]},"Stars_rotation":{"rotate":[{},{"time":0.9,"value":120.66},{"time":1.9,"value":238.83},{"time":2.7667,"value":360}]},"Stars_scale":{"rotate":[{"value":-7.95}],"scale":[{"x":1.279,"y":0.522}]},"Star_1":{"rotate":[{"value":36.51,"curve":[0.283,19.33,0.577,0]},{"time":0.7667,"curve":[1.117,0,1.817,63.68]},{"time":2.1667,"value":63.68,"curve":[2.319,63.68,2.539,50.81]},{"time":2.7667,"value":36.51}]},"Star_2":{"rotate":[{"value":36.51,"curve":[0.283,19.33,0.577,0]},{"time":0.7667,"curve":[1.117,0,1.817,63.68]},{"time":2.1667,"value":63.68,"curve":[2.319,63.68,2.539,50.81]},{"time":2.7667,"value":36.51}]},"Star_3":{"rotate":[{"value":36.51,"curve":[0.283,19.33,0.577,0]},{"time":0.7667,"curve":[1.117,0,1.817,63.68]},{"time":2.1667,"value":63.68,"curve":[2.319,63.68,2.539,50.81]},{"time":2.7667,"value":36.51}]},"Star_4":{"rotate":[{"value":36.51,"curve":[0.283,19.33,0.577,0]},{"time":0.7667,"curve":[1.117,0,1.817,63.68]},{"time":2.1667,"value":63.68,"curve":[2.319,63.68,2.539,50.81]},{"time":2.7667,"value":36.51}]},"Leg_L1":{"translate":[{"x":-10.78,"y":14.27}],"scale":[{"x":1.115,"y":0.991}]},"Leg_R1":{"translate":[{"x":27.28,"y":7.47}],"scale":[{"x":1.227,"y":0.973}]},"Leg_R2":{"scale":[{"x":0.839}]},"targetК":{"translate":[{"x":396.84,"y":124.91}]}},"ik":{"targetК":[{}]},"drawOrder":[{"offsets":[{"slot":"Star","offset":-4},{"slot":"Wind","offset":-6}]},{"time":0.4667,"offsets":[{"slot":"Star","offset":0},{"slot":"Wind","offset":-6},{"slot":"Wind4","offset":-6},{"slot":"Star4","offset":-10}]},{"time":1,"offsets":[{"slot":"Star","offset":7},{"slot":"Wind4","offset":-7},{"slot":"Star4","offset":-11}]},{"time":1.0667,"offsets":[{"slot":"Star","offset":7},{"slot":"Wind4","offset":-6},{"slot":"Star3","offset":-9},{"slot":"Star4","offset":-12}]},{"time":1.2,"offsets":[{"slot":"Star","offset":7},{"slot":"Wind4","offset":-5},{"slot":"Wind3","offset":-7},{"slot":"Star3","offset":-8},{"slot":"Star4","offset":-12}]},{"time":1.7667,"offsets":[{"slot":"Wind3","offset":-7},{"slot":"Star2","offset":-10},{"slot":"Star3","offset":-9}]},{"time":2,"offsets":[{"slot":"Wind3","offset":-6},{"slot":"Wind2","offset":-8},{"slot":"Star2","offset":-10},{"slot":"Star3","offset":-8}]},{"time":2.4,"offsets":[{"slot":"images/Body","offset":0},{"slot":"Star","offset":3},{"slot":"Wind2","offset":-16},{"slot":"Star2","offset":-16}]},{"time":2.5,"offsets":[{"slot":"Star","offset":-3},{"slot":"Wind","offset":-5},{"slot":"Wind2","offset":-16}]}]}}}