{"skeleton":{"hash":"j4RlS9QtNBQ","spine":"4.0.18","x":-362.98,"y":-84.32,"width":634.97,"height":987.02,"images":"./images/","audio":"C:/Users/Arthur/Desktop/spine/Characters_20/Grandmother_1"},"bones":[{"name":"root"},{"name":"Middle_x","parent":"root","x":29.16,"y":177.17,"color":"faa500ff"},{"name":"Middle","parent":"Middle_x","x":5.04,"y":17.74,"color":"fdff00ff"},{"name":"Body_1","parent":"Middle","length":178.85,"rotation":93.55,"x":4.92,"y":13.54,"color":"fdff00ff"},{"name":"Body_2","parent":"Body_1","length":177.72,"rotation":5.62,"x":178.85,"color":"fdff00ff"},{"name":"Arm_L_1","parent":"Body_2","length":124.44,"rotation":-92.27,"x":108.51,"y":-84.85,"transform":"noRotationOrReflection","color":"ff6a00ff"},{"name":"Arm_L_2","parent":"Arm_L_1","length":160.35,"rotation":-58.81,"x":124.44,"color":"ff6a00ff"},{"name":"Arm_L_3","parent":"Arm_L_2","length":75.59,"rotation":1.4,"x":160.35,"color":"ff6a00ff"},{"name":"Arm_L_4","parent":"Arm_L_3","length":143.71,"rotation":96.75,"x":53.47,"y":3.44,"color":"ff6a00ff"},{"name":"Arm_R_1","parent":"Body_2","length":131.37,"rotation":142.38,"x":132.23,"y":106.02,"color":"0d00cfff"},{"name":"Arm_R_2","parent":"Arm_R_1","length":142.96,"rotation":-0.84,"x":127.29,"y":-1.93,"color":"0d00cfff"},{"name":"Arm_R_3","parent":"Arm_R_2","length":81.26,"rotation":3.22,"x":142.96,"color":"0d00cfff"},{"name":"Weapon_R_1","parent":"Arm_R_3","length":44.96,"rotation":23.35,"x":73.32,"y":-10.26,"color":"10f900ff"},{"name":"Weapon_R_2","parent":"Weapon_R_1","length":62.55,"rotation":2.73,"x":44.99,"y":-0.76,"color":"10f900ff"},{"name":"Weapon_R_3","parent":"Weapon_R_2","length":105.36,"rotation":1.74,"x":62.55,"y":-0.53,"color":"10f900ff"},{"name":"Head","parent":"Body_2","length":208.43,"rotation":-157.29,"x":231.34,"y":-16.55,"transform":"noRotationOrReflection","color":"fdff00ff"},{"name":"Acc","parent":"Head","length":77.7,"rotation":-90.42,"x":9.34,"y":5.55,"transform":"noRotationOrReflection","color":"00fff8ff"},{"name":"Mouth","parent":"Head","length":40.74,"rotation":89.54,"x":180.69,"y":5.06,"color":"ff0000ff"},{"name":"Brow_L","parent":"Head","length":37.17,"rotation":22.29,"x":114.89,"y":-137.18,"color":"fdff00ff"},{"name":"Brow_R","parent":"Head","length":26.78,"rotation":123.6,"x":173.01,"y":-152.22,"color":"fdff00ff"},{"name":"Eyelid_R","parent":"Head","length":33.84,"rotation":89.09,"x":177.33,"y":-173.72,"color":"fdff00ff"},{"name":"Eyelid_L","parent":"Head","length":53.21,"rotation":64.21,"x":60.69,"y":-177.07,"color":"fdff00ff"},{"name":"Hat","parent":"Head","length":137.46,"rotation":-27.98,"x":-18.95,"y":-184.71,"color":"fdff00ff"},{"name":"bone","parent":"Middle","length":99.46,"rotation":-78.6,"x":-77.04,"y":11.66},{"name":"bone2","parent":"bone","length":90.93,"rotation":2.64,"x":100.18,"y":-0.74},{"name":"Foot_1","parent":"root","length":73.04,"rotation":-154.17,"x":-2.45,"y":19.26,"color":"35ff00ff"},{"name":"Foot_2","parent":"Foot_1","length":56.39,"rotation":-4.03,"x":73.04,"color":"35ff00ff"},{"name":"Foot_L_1","parent":"root","length":70.96,"rotation":-137.52,"x":81.78,"y":23.81,"color":"ff0000ff"},{"name":"Foot_L_2","parent":"Foot_L_1","length":65.08,"rotation":0.8,"x":71.74,"y":0.03,"color":"ff0000ff"},{"name":"bone3","parent":"Middle","length":99.46,"rotation":-78.6,"x":143.08,"y":11.66},{"name":"bone4","parent":"bone3","length":90.93,"rotation":2.64,"x":100.18,"y":-0.74},{"name":"Foot_3","parent":"root","length":73.04,"rotation":-154.17,"x":217.67,"y":19.26,"color":"35ff00ff"},{"name":"Foot_4","parent":"Foot_3","length":56.39,"rotation":-4.03,"x":73.04,"color":"35ff00ff"},{"name":"Boom","parent":"root","x":971.03,"y":739.92}],"slots":[{"name":"Leg_R","bone":"bone","attachment":"Leg_R"},{"name":"Leg_R2","bone":"bone3"},{"name":"Leg_L","bone":"root","attachment":"Leg_L"},{"name":"Hand_R","bone":"Arm_R_3","attachment":"Hand_R"},{"name":"Arm_R","bone":"Arm_R_1","attachment":"Arm_R"},{"name":"WEapon_R","bone":"root","attachment":"WEapon_R"},{"name":"Body","bone":"Middle","attachment":"Body"},{"name":"Eye_white","bone":"Head","attachment":"Eye_white"},{"name":"Eyes","bone":"Head","attachment":"Eyes"},{"name":"Eyelid_R","bone":"Eyelid_R","attachment":"Eyelid_R"},{"name":"Eyelid_L","bone":"Eyelid_L","attachment":"Eyelid_L"},{"name":"Head","bone":"Head","attachment":"Head"},{"name":"Mouth","bone":"Mouth","attachment":"Mouth"},{"name":"Serga","bone":"Acc","attachment":"Serga"},{"name":"Brow_R","bone":"Brow_R","attachment":"Brow_R"},{"name":"Brow_L","bone":"Brow_L","attachment":"Brow_L"},{"name":"Hat","bone":"Hat","attachment":"Hat"},{"name":"Weapon_L","bone":"Arm_L_4","attachment":"Weapon_L"},{"name":"Hand_L","bone":"Arm_L_1","attachment":"Hand_L"},{"name":"Boom1","bone":"Boom"}],"ik":[{"name":"Foot_1","bones":["bone","bone2"],"target":"Foot_1"},{"name":"Foot_3","order":1,"bones":["bone3","bone4"],"target":"Foot_3"}],"skins":[{"name":"default","attachments":{"Arm_R":{"Arm_R":{"type":"mesh","uvs":[1,0.13512,0.883,0.51168,0.7925,0.67775,0.49968,1,0.34795,1,0,0.68548,0.33464,0.41127,0.46241,0.2703,0.77919,0,1,0,0.60616,0.45761],"triangles":[6,7,10,10,5,6,2,5,10,2,4,5,3,4,2,8,9,0,0,10,7,0,7,8,1,10,0,2,10,1],"vertices":[1,9,2.88,26.22,1,1,9,112.47,57.14,1,2,9,164.78,63.45,0.67072,10,36.53,65.92,0.32928,2,9,278.21,53.65,0.00273,10,150.09,57.78,0.99727,1,10,165.98,29.46,1,1,10,121.49,-80.88,1,2,9,142.34,-60.15,0.24,10,15.9,-58,0.76,2,9,92.75,-55.92,0.64,10,-33.74,-54.5,0.36,2,9,-9.65,-34.31,0.99999,10,-136.45,-34.39,1.0E-5,1,9,-32.17,7.23,1,1,10,-0.6,-0.63,1],"hull":10,"edges":[20,14,14,12,12,20,20,4,4,2,2,20,0,18,2,0,16,18,14,16,12,10,4,6,6,8,10,8],"width":214,"height":295}},"Body":{"Body":{"type":"mesh","uvs":[0.90569,0.19883,1,0.408,1,0.69946,0.99999,0.92971,0.7724,1,0.5251,1,0.01403,0.99999,0.01444,0.80412,1.0E-5,0.69246,0,0.50229,0.19011,0.21254,0.4339,0,0.70926,0,0.52686,0.87606,0.76889,0.84348,0.34972,0.70118,0.76012,0.60516,0.35673,0.48001,0.67594,0.38914,0.41812,0.22969,0.62683,0.16111],"triangles":[9,10,17,17,19,18,17,10,19,18,0,1,19,20,18,18,20,0,19,11,20,19,10,11,20,12,0,20,11,12,4,14,3,13,14,4,3,14,2,7,15,13,14,13,16,13,15,16,14,16,2,7,8,15,16,15,17,17,15,9,16,1,2,15,8,9,16,17,18,16,18,1,5,13,4,5,6,13,6,7,13],"vertices":[2,3,313.74,-207.52,0.1628,4,113.93,-219.73,0.8372,2,3,208.64,-246.26,0.48466,4,5.55,-247.99,0.51534,2,3,66.1,-237.41,0.87993,4,-135.44,-225.24,0.12007,3,2,237.78,-18.6,0.51922,3,-46.5,-230.42,0.48,4,-246.82,-207.26,7.8E-4,3,2,128.77,-53.04,0.56999,3,-74.13,-119.48,0.43,4,-263.46,-94.15,1.0E-5,2,2,10.31,-53.04,0.92,3,-66.79,-1.25,0.08,3,2,-234.49,-53.04,0.92,3,-51.62,243.08,0.07987,4,-205.58,264.47,1.3E-4,3,2,-234.3,42.94,0.57058,3,44.16,236.94,0.35775,4,-110.86,248.98,0.07167,3,2,-241.21,97.65,0.40257,3,99.2,240.45,0.42252,4,-55.74,247.09,0.17491,3,2,-241.21,190.83,0.16792,3,192.2,234.68,0.48746,4,36.25,232.25,0.34462,3,2,-150.15,332.81,0.01301,3,328.26,135,0.0927,4,161.91,119.73,0.89429,1,4,246.12,-12.15,1,2,3,416.8,-119.65,0.00567,4,225.1,-142.36,0.99433,2,2,11.15,7.69,0.20456,3,-6.23,-5.85,0.79544,3,2,127.09,23.65,0.02223,3,2.52,-122.55,0.96745,4,-187.47,-104.71,0.01032,3,2,-73.7,93.38,0.19395,3,84.56,73.53,0.76467,4,-86.65,82.4,0.04138,2,3,119.33,-125.59,0.81575,4,-71.52,-119.17,0.18425,3,2,-70.34,201.75,0.0265,3,192.51,63.46,0.43005,4,19.81,61.82,0.54345,2,3,227.48,-91.9,0.24209,4,39.41,-96.22,0.75791,3,2,-40.94,324.41,2.4E-4,3,313.11,26.51,0.00256,4,136.21,13.25,0.99721,2,3,340.46,-75.35,0.01022,4,153.46,-90.8,0.98978],"hull":13,"edges":[14,26,26,28,6,4,28,4,10,12,26,10,6,8,8,10,28,8,14,16,16,30,30,32,4,2,32,2,16,18,18,34,34,30,32,36,36,34,36,0,0,2,0,24,18,20,22,24,20,22,20,38,38,34,38,40,40,36,40,24,14,12],"width":479,"height":490}},"Boom1":{"Boom1":{"x":-11.29,"y":-8.82,"width":343,"height":351},"Boom2":{"x":-11.29,"y":-8.82,"width":343,"height":351},"Boom3":{"x":-11.29,"y":-8.82,"width":343,"height":351},"Boom4":{"x":-11.29,"y":-8.82,"width":343,"height":351},"Boom5":{"x":-11.29,"y":-8.82,"width":343,"height":351},"Boom6":{"x":-11.29,"y":-8.82,"width":343,"height":351},"Boom7":{"x":-11.29,"y":-8.82,"width":343,"height":351},"Boom8":{"x":-11.29,"y":-8.82,"width":343,"height":351},"Boom9":{"x":-11.29,"y":-8.82,"width":343,"height":351}},"Brow_L":{"Brow_L":{"x":5.91,"y":3.26,"rotation":135,"width":61,"height":51}},"Brow_R":{"Brow_R":{"x":1.5,"y":2.58,"rotation":33.69,"width":39,"height":40}},"Eyelid_L":{"Eyelid_L":{"x":-6.33,"y":18.64,"rotation":93.08,"width":404,"height":279}},"Eyelid_R":{"Eyelid_R":{"x":-7.31,"y":26.24,"rotation":68.2,"width":323,"height":341}},"Eyes":{"Eyes":{"x":152.28,"y":-100.77,"rotation":157.29,"width":103,"height":35}},"Eye_white":{"Eye_white":{"x":128.98,"y":-98.09,"rotation":157.29,"width":173,"height":79}},"Hand_L":{"Hand_L":{"type":"mesh","uvs":[1,0.512,1,0.65371,0.90408,0.74904,0.47427,0.92807,0.37043,0.85458,0.31791,0.87457,0.26853,0.89031,0.21034,1,0,1,0,0.73175,0.17481,0.6993,0.2136,0.67359,0.24828,0.66368,0.4906,0.4627,0.54836,0.35385,0.59757,0,1,0,0.75802,0.52226,0.26844,0.79105],"triangles":[10,11,18,6,18,5,9,6,8,10,6,9,18,6,10,7,8,6,4,18,12,11,12,18,13,4,12,5,18,4,3,4,13,3,13,17,3,17,2,14,15,16,16,17,14,0,17,16,13,14,17,17,0,1,2,17,1],"vertices":[2,5,116.51,68.96,0.93772,6,-63.09,28.93,0.06228,2,5,158.99,70.64,0.67752,6,-42.53,66.14,0.32248,2,5,188.66,44.17,0.36451,6,-4.52,77.81,0.63549,1,6,129.8,64.95,1,2,6,145.31,31.19,0.89316,7,-14.27,31.54,0.10684,2,6,161.45,29.12,0.53282,7,1.81,29.08,0.46718,2,6,176.18,26.37,0.10101,7,16.47,25.98,0.89899,1,7,47.55,45.92,1,1,7,99.84,15.34,1,1,7,59.21,-54.13,1,2,6,172.09,-36.84,0.18963,7,10.84,-37.11,0.81037,2,6,158.58,-38.18,0.51389,7,-2.7,-38.13,0.48611,2,6,148.4,-35.95,0.76749,7,-12.82,-35.65,0.23251,2,5,107.54,-78.22,0.22646,6,58.16,-54.97,0.77354,2,5,74.25,-62.89,0.69892,6,27.8,-75.5,0.30108,2,5,-32.38,-52.93,0.64,4,150.75,-39.39,0.36,2,5,-36.97,62.88,0.81,4,132.28,-153.81,0.19,2,5,122.34,-0.56,0.71641,6,-0.61,-2.08,0.28359,2,6,161.8,0.3,0.32549,7,1.46,0.26,0.67451],"hull":17,"edges":[28,34,34,26,26,28,34,4,4,2,2,0,0,32,0,34,34,2,30,32,28,30,26,24,24,36,36,20,36,8,12,36,8,6,6,4,16,18,20,18,14,16,12,14,24,22,22,20,22,36,8,10,10,12,36,10],"width":288,"height":300}},"Hand_R":{"Hand_R":{"type":"mesh","uvs":[1,0.27183,1,0.41023,0.74139,0.99999,0,1,0,0.47429,0.44325,0.15741,0.55184,0.03506,0.58377,0,1,0,0.75289,0.23969],"triangles":[3,4,2,1,2,4,1,4,9,9,4,5,9,0,1,9,8,0,5,6,9,6,7,9,9,7,8],"vertices":[1,10,137.59,16.47,1,2,10,151.23,24.12,0.02234,11,9.61,23.62,0.97766,1,11,77.54,36.43,1,1,11,100.69,-10.85,1,1,11,47.33,-36.97,1,2,10,145.66,-24.33,0.50063,11,1.33,-24.45,0.49937,1,10,129.83,-24.38,1,1,10,125.27,-24.34,1,1,10,110.8,1.43,1,2,10,143.01,-0.61,0.57546,11,0.02,-0.61,0.42454],"hull":9,"edges":[4,6,18,12,12,10,10,18,0,16,18,0,0,2,2,4,18,2,6,8,10,8,14,16,12,14],"width":71,"height":113}},"Hat":{"Hat":{"x":12.87,"y":-10.74,"rotation":-174.73,"width":290,"height":136}},"Head":{"Head":{"x":65.51,"y":-54.74,"rotation":157.29,"width":456,"height":380}},"Leg_L":{"Leg_L":{"type":"mesh","uvs":[0.19688,0.85332,0.28016,0.82347,0.44681,0.7329,0.44397,0.4042,0.77829,0.403,0.73495,0.72909,0.77077,0.79367,0.44432,0.89561,0.35871,0.90898,0.11743,1,0,1,0,0.943,0.33426,0.86738],"triangles":[9,10,11,0,9,11,8,9,0,2,3,5,12,1,2,0,1,12,7,12,2,2,5,6,7,2,6,8,12,7,8,0,12,5,3,4],"vertices":[2,27,85.21,-21.31,0.11905,28,13.17,-21.54,0.88095,2,27,64.43,-20.58,0.88967,28,-7.6,-20.51,0.11033,1,27,13.43,-29.39,1,1,2,17.29,-9.92,1,1,2,80.81,-9.38,1,1,27,-28.11,6.32,1,1,27,-13.42,32.44,1,2,27,63.45,24.53,0.9934,28,-7.95,24.61,0.0066,2,27,79.52,18.01,0.51474,28,8.03,17.86,0.48526,1,28,69.61,16.38,1,1,28,85.85,1.08,1,1,28,68.19,-17.68,1,1,27,70.25,1,1],"hull":12,"edges":[6,8,8,10,10,4,4,6,10,12,12,14,14,24,2,4,2,24,2,0,0,24,24,16,16,14,18,20,16,18,20,22,0,22],"width":190,"height":452}},"Leg_R":{"Leg_R":{"type":"mesh","uvs":[0.84047,0.24145,0.85416,0.28315,0.86975,0.33064,0.95025,0.62949,1,0.68438,1,0.85727,0.53128,0.93274,0.43066,0.96018,0.18184,0.99999,1.0E-5,0.98902,0.0183,0.89432,0.29527,0.79552,0.40322,0.77082,0.57153,0.69673,0.6502,0.65694,0.56239,0.38552,0.54799,0.33471,0.53128,0.27575,0.46359,0,0.78559,0,0.69228,0.31829,0.80754,0.73378,0.41419,0.8655],"triangles":[11,12,22,8,10,11,8,11,22,8,22,7,9,10,8,21,14,3,21,3,4,13,14,21,21,4,5,22,12,13,6,22,13,6,13,21,6,21,5,7,22,6,17,18,19,17,19,0,20,17,0,16,17,20,20,0,1,20,1,2,15,16,20,14,15,20,14,20,2,14,2,3],"vertices":[1,23,88.45,26.38,1,2,24,-2.49,27.31,0.5,23,97.89,26.58,0.5,1,24,8.27,27.62,1,2,24,75.34,26.75,0.37,25,-29.47,-10.28,0.63,2,24,88.87,32.23,0.17,25,-32.07,4.09,0.83,1,25,-16.62,38.85,1,2,25,60.8,22.61,0.91051,26,-13.8,21.69,0.08949,2,25,78.42,21.38,0.35643,26,3.87,21.71,0.64357,1,26,45.45,15.94,1,1,26,72.83,3.45,1,1,26,62.89,-15.11,1,2,25,84.12,-20.79,0.07741,26,12.52,-19.96,0.92259,2,25,65.64,-18.52,0.76852,26,-6.08,-19,0.23148,2,24,76.63,-37.46,0.09237,25,33.64,-22.14,0.90763,2,24,70.81,-22.92,0.37,25,18.22,-24.87,0.63,1,24,9.38,-24.5,1,2,24,-2.04,-24.47,0.5,23,97.95,-25.19,0.5,1,23,84.69,-25.05,1,1,23,23.05,-22.73,1,1,23,34.63,29.12,1,2,24,-0.56,-0.43,0.94867,23,99.62,-1.17,0.05133,1,25,1.36,1.12,1,2,25,72.44,1.25,0.6225,26,-0.68,1.2,0.3775],"hull":20,"edges":[40,0,4,40,40,34,30,40,0,2,2,4,40,2,34,32,32,30,40,32,34,36,36,38,0,38,30,28,28,42,42,26,26,28,4,6,6,42,42,8,8,6,26,24,24,44,44,12,8,10,12,10,24,22,22,44,44,14,14,12,16,18,14,16,18,20,22,20],"width":165,"height":220}},"Leg_R2":{"Leg_R":{"type":"mesh","uvs":[0.84047,0.24145,0.85416,0.28315,0.86975,0.33064,0.95025,0.62949,1,0.68438,1,0.85727,0.53128,0.93274,0.43066,0.96018,0.18184,0.99999,1.0E-5,0.98902,0.0183,0.89432,0.29527,0.79552,0.40322,0.77082,0.57153,0.69673,0.6502,0.65694,0.56239,0.38552,0.54799,0.33471,0.53128,0.27575,0.46359,0,0.78559,0,0.69228,0.31829,0.80754,0.73378,0.41419,0.8655],"triangles":[11,12,22,8,10,11,8,11,22,8,22,7,9,10,8,21,14,3,21,3,4,13,14,21,21,4,5,22,12,13,6,22,13,6,13,21,6,21,5,7,22,6,17,18,19,17,19,0,20,17,0,16,17,20,20,0,1,20,1,2,15,16,20,14,15,20,14,20,2,14,2,3],"vertices":[1,29,88.45,26.38,1,2,30,-2.49,27.31,0.5,29,97.89,26.58,0.5,1,30,8.27,27.62,1,2,30,75.34,26.75,0.37,31,-29.47,-10.28,0.63,2,30,88.87,32.23,0.17,31,-32.07,4.09,0.83,1,31,-16.62,38.85,1,2,31,60.8,22.61,0.91051,32,-13.8,21.69,0.08949,2,31,78.42,21.38,0.35643,32,3.87,21.71,0.64357,1,32,45.45,15.94,1,1,32,72.83,3.45,1,1,32,62.89,-15.11,1,2,31,84.12,-20.79,0.07741,32,12.52,-19.96,0.92259,2,31,65.64,-18.52,0.76852,32,-6.08,-19,0.23148,2,30,76.63,-37.46,0.09237,31,33.64,-22.14,0.90763,2,30,70.81,-22.92,0.37,31,18.22,-24.87,0.63,1,30,9.38,-24.5,1,2,30,-2.04,-24.47,0.5,29,97.95,-25.19,0.5,1,29,84.69,-25.05,1,1,29,23.05,-22.73,1,1,29,34.63,29.12,1,2,30,-0.56,-0.43,0.94867,29,99.62,-1.17,0.05133,1,31,1.36,1.12,1,2,31,72.44,1.25,0.6225,32,-0.68,1.2,0.3775],"hull":20,"edges":[40,0,4,40,40,34,30,40,0,2,2,4,40,2,34,32,32,30,40,32,34,36,36,38,0,38,30,28,28,42,42,26,26,28,4,6,6,42,42,8,8,6,26,24,24,44,44,12,8,10,12,10,24,22,22,44,44,14,14,12,16,18,14,16,18,20,22,20],"width":165,"height":220}},"Mouth":{"Mouth":{"x":30.57,"y":-3.78,"rotation":67.75,"width":102,"height":123}},"Serga":{"Serga":{"x":38.16,"y":-12.73,"rotation":90.42,"width":59,"height":107}},"Weapon_L":{"Weapon_L":{"x":35.89,"y":-14.29,"rotation":52.93,"width":239,"height":244}},"WEapon_R":{"WEapon_R":{"type":"mesh","uvs":[0.80136,0.23542,0.8341,0.33926,0.90522,0.49094,1,0.65641,1,0.85891,0.8952,0.99999,0.23239,0.99999,0.01823,0.88566,0,0.68482,0.0873,0.511,0.23162,0.33085,0.26506,0.12979,0.36532,0.03603,0.44542,0,0.72856,0.04778,0.47183,0.1227,0.65167,0.11285,0.44445,0.34046,0.63109,0.32965,0.65261,0.49713,0.34188,0.50475,0.32425,0.7099,0.70017,0.68984,0.36526,0.84888,0.74346,0.86226],"triangles":[6,24,5,6,23,24,6,7,23,5,24,4,7,21,23,7,8,21,23,22,24,4,24,3,24,22,3,23,21,22,21,19,22,21,20,19,8,9,21,21,9,20,22,2,3,22,19,2,9,10,20,19,17,18,19,20,17,20,10,17,19,1,2,19,18,1,10,11,17,18,0,1,17,15,18,18,15,16,16,14,0,12,13,15,11,12,15,17,11,15,18,16,0,15,13,16,16,13,14],"vertices":[3,12,39.99,49.19,0.39706,13,-2.62,49.37,0.56127,14,-63.62,51.87,0.04167,3,12,63.48,55.82,0.22771,13,21.16,54.87,0.59781,14,-39.68,56.64,0.17448,3,12,97.61,69.4,0.07338,13,55.9,66.82,0.47725,14,-4.6,67.53,0.44938,3,12,134.7,87.11,0.01125,13,93.79,82.74,0.25963,14,33.76,82.29,0.72912,2,13,140.16,82.74,0.08813,14,80.11,80.88,0.91188,2,13,172.47,65.14,0.01917,14,111.87,62.3,0.98083,2,13,172.47,-46.21,0.01917,14,108.48,-49,0.98083,2,13,146.29,-82.19,0.08813,14,81.21,-84.17,0.91188,3,12,149.19,-80.39,0.01125,13,100.3,-85.26,0.25963,14,35.15,-85.83,0.72912,3,12,108.73,-67.63,0.07338,13,60.49,-70.59,0.47725,14,-4.19,-69.96,0.44938,3,12,66.37,-45.38,0.22621,13,19.23,-46.34,0.59897,14,-44.69,-44.47,0.17482,2,12,20.12,-41.96,0.65677,13,-26.81,-40.73,0.34323,1,12,-2.13,-26.15,1,1,12,-11.01,-13.1,1,1,12,-2.35,34.93,1,1,12,16.84,-7.33,1,1,12,13.15,22.74,1,3,12,66.87,-9.56,0.20635,13,21.43,-10.59,0.62875,14,-41.4,-8.8,0.1649,3,12,62.91,21.65,0.20635,13,18.96,20.77,0.62875,14,-42.92,22.62,0.1649,3,12,101.05,27.08,0.0646,13,57.31,24.38,0.4887,14,-4.47,25.06,0.4467,3,12,105.27,-24.98,0.0646,13,59.06,-27.82,0.4887,14,-4.32,-27.17,0.4467,3,12,152.34,-25.7,0.0072,13,106.04,-30.78,0.2542,14,42.55,-31.56,0.7386,3,12,144.75,37.16,0.0072,13,101.44,32.37,0.2542,14,39.88,31.71,0.7386,2,13,137.86,-23.89,0.10213,14,74.57,-25.64,0.89788,2,13,140.93,39.64,0.10213,14,79.57,37.77,0.89788],"hull":15,"edges":[10,12,22,24,24,26,26,28,22,30,26,30,32,30,28,32,20,34,0,2,2,36,36,34,20,18,4,2,38,4,36,38,18,40,40,38,34,40,18,16,16,42,42,40,38,44,44,6,6,4,44,42,42,46,12,14,14,16,46,14,46,48,48,44,6,8,8,10,48,8,28,0,20,22],"width":168,"height":229}}}}],"animations":{"Attack":{"bones":{"Mouth":{"scale":[{"x":0.926,"curve":"stepped"},{"time":0.2333,"x":0.926,"curve":[0.289,0.926,0.344,1.029,0.289,1,0.344,1]},{"time":0.4,"x":1.029,"curve":[0.474,1.029,0.659,0.926,0.474,1,0.659,1]},{"time":0.7333,"x":0.926,"curve":[0.789,0.926,0.844,1.029,0.789,1,0.844,1]},{"time":0.9,"x":1.029,"curve":[0.973,1.029,1.098,0.926,0.973,1,1.098,1]},{"time":1.1667,"x":0.926}]},"Middle":{"translate":[{"x":3.47,"y":-4.93,"curve":[0.067,3.47,0.1,28.14,0.067,-4.93,0.1,-11.98]},{"time":0.1667,"x":28.14,"y":-11.98,"curve":[0.222,28.14,0.278,44.07,0.222,-11.98,0.278,-11.98]},{"time":0.3333,"x":44.07,"y":-11.98,"curve":[0.395,44.07,0.472,34.51,0.395,-11.98,0.472,-11.98]},{"time":0.5333,"x":34.51,"y":-11.98,"curve":[0.605,34.51,0.762,44.07,0.605,-11.98,0.762,-11.98]},{"time":0.8333,"x":44.07,"y":-11.98,"curve":[0.889,44.07,0.944,34.51,0.889,-11.98,0.944,-11.98]},{"time":1,"x":34.51,"y":-11.98,"curve":[1.089,34.51,1.178,39.91,1.089,-11.98,1.178,-24.99]},{"time":1.2667,"x":46.07,"y":-39.86,"curve":[1.356,52.24,1.445,52.79,1.356,-54.76,1.445,-55.08]},{"time":1.5333,"x":52.15,"y":-52.63}]},"Middle_x":{"translate":[{"x":-2.28,"curve":[0.041,-2.28,0.087,-2.28,0.041,0,0.087,-5.93]},{"time":0.1333,"x":-2.28,"y":-5.93,"curve":[0.191,-2.28,0.249,-2.28,0.191,-5.93,0.249,3.39]},{"time":0.3,"x":-2.28,"y":3.39,"curve":[0.344,-2.28,0.389,-2.28,0.344,3.39,0.389,0]},{"time":0.4333,"x":-2.28}],"scale":[{"curve":[0.1,1,0.2,1,0.1,1.007,0.2,1.022]},{"time":0.3,"y":1.022,"curve":[0.356,1,0.411,1,0.356,1.022,0.411,0.976]},{"time":0.4667,"y":0.976,"curve":[0.578,1,0.689,1,0.578,0.976,0.689,1.022]},{"time":0.8,"y":1.022,"curve":[0.867,1,0.933,1,0.867,1.022,0.933,0.976]},{"time":1,"y":0.976,"curve":[1.089,1,1.178,1,1.089,0.976,1.178,1.022]},{"time":1.2667,"y":1.022,"curve":[1.333,1,1.4,1,1.333,1.022,1.4,0.991]},{"time":1.4667,"y":0.976,"curve":[1.489,1,1.511,1,1.489,0.971,1.511,0.973]},{"time":1.5333,"y":0.974}]},"Body_1":{"rotate":[{"value":1.06,"curve":[0.073,1.06,0.127,-3.62]},{"time":0.2,"value":-3.62,"curve":[0.256,-3.62,0.311,0.27]},{"time":0.3667,"value":0.27,"curve":[0.428,0.27,0.505,-3.05]},{"time":0.5667,"value":-3.05,"curve":[0.638,-3.05,0.795,0.27]},{"time":0.8667,"value":0.27,"curve":[0.922,0.27,0.978,-3.05]},{"time":1.0333,"value":-3.05,"curve":[1.122,-3.05,1.211,-1.3]},{"time":1.3,"value":0.7,"curve":[1.378,2.46,1.456,2.92]},{"time":1.5333,"value":2.98}],"translate":[{"time":1.3,"curve":[1.378,0,1.456,0.86,1.378,0,1.456,-1.75]},{"time":1.5333,"x":1.65,"y":-3.38}]},"Body_2":{"rotate":[{"value":3.11,"curve":[0.078,3.11,0.156,-17.66]},{"time":0.2333,"value":-17.66,"curve":[0.289,-17.66,0.344,6.15]},{"time":0.4,"value":6.15,"curve":[0.474,6.15,0.659,-12.12]},{"time":0.7333,"value":-12.12,"curve":[0.789,-12.12,0.844,6.15]},{"time":0.9,"value":6.15,"curve":[0.968,6.15,1.098,-12.12]},{"time":1.1667,"value":-12.12,"curve":[1.222,-12.12,1.278,-0.15]},{"time":1.3333,"value":3.68,"curve":[1.389,7.51,1.46,8.32]},{"time":1.5333,"value":8.23}],"translate":[{"time":1.3333,"curve":[1.4,0,1.467,-3.05,1.4,0,1.467,-0.03]},{"time":1.5333,"x":-6.13,"y":-0.07}]},"Head":{"rotate":[{"value":-1.57,"curve":[0.1,-10.08,0.2,-27.12]},{"time":0.3,"value":-27.12,"curve":[0.356,-27.12,0.411,-5.95]},{"time":0.4667,"value":-5.95,"curve":[0.578,-5.95,0.689,-21.89]},{"time":0.8,"value":-21.89,"curve":[0.856,-21.89,0.911,-5.95]},{"time":0.9667,"value":-5.95,"curve":[1.056,-5.95,1.144,-21.89]},{"time":1.2333,"value":-21.89,"curve":[1.289,-21.89,1.344,0.32]},{"time":1.4,"value":6,"curve":[1.445,10.56,1.489,10.43]},{"time":1.5333,"value":11.27}],"translate":[{"curve":[0.1,-2.42,0.2,-7.27,0.1,-4.98,0.2,-14.95]},{"time":0.3,"x":-7.27,"y":-14.95,"curve":"stepped"},{"time":1.2333,"x":-7.27,"y":-14.95,"curve":[1.289,-7.27,1.344,0,1.289,-14.95,1.344,-0.29]},{"time":1.4,"curve":[1.445,0,1.489,-0.33,1.445,0.23,1.489,0.21]},{"time":1.5333,"x":-0.59,"y":0.25}]},"Arm_L_1":{"rotate":[{"value":76.95,"curve":[0.073,55.94,0.127,9.53]},{"time":0.2,"value":9.53,"curve":[0.256,9.53,0.311,40.07]},{"time":0.3667,"value":40.07,"curve":[0.469,40.07,0.597,9.88]},{"time":0.7,"value":9.88,"curve":[0.738,9.88,0.828,40.53]},{"time":0.8667,"value":40.53,"curve":[0.963,40.53,1.037,13.19]},{"time":1.1333,"value":13.19,"curve":[1.211,13.19,1.289,47.2]},{"time":1.3667,"value":76.95,"curve":[1.422,98.21,1.478,84.13]},{"time":1.5333,"value":78.82}]},"Arm_L_2":{"rotate":[{"value":-0.34,"curve":[0.082,-0.34,0.185,-20.12]},{"time":0.2667,"value":-20.12,"curve":[0.322,-20.12,0.378,-2.91]},{"time":0.4333,"value":-2.91,"curve":[0.507,-2.91,0.693,-19.78]},{"time":0.7667,"value":-19.78,"curve":[0.822,-19.78,0.878,-3.87]},{"time":0.9333,"value":-3.87,"curve":[1.001,-3.87,1.099,-17.72]},{"time":1.1667,"value":-17.72,"curve":[1.256,-17.72,1.344,-9.61]},{"time":1.4333,"value":-0.34,"curve":[1.467,3.15,1.5,1.41]},{"time":1.5333,"value":0.32}]},"Arm_L_3":{"rotate":[{"value":-0.23,"curve":[0.086,-7.82,0.214,-20.89]},{"time":0.3,"value":-20.89,"curve":[0.356,-20.89,0.411,-11.86]},{"time":0.4667,"value":-11.86,"curve":[0.541,-11.86,0.726,-20.55]},{"time":0.8,"value":-20.55,"curve":[0.856,-20.55,0.911,-13.7]},{"time":0.9667,"value":-13.7,"curve":[1.034,-13.7,1.133,-17.19]},{"time":1.2,"value":-17.19,"curve":[1.289,-17.19,1.378,-9.27]},{"time":1.4667,"value":-0.23,"curve":[1.489,2.05,1.511,2.05]},{"time":1.5333,"value":1.47}]},"Arm_R_2":{"rotate":[{"curve":[0.089,0,0.244,-58.68]},{"time":0.3333,"value":-58.68,"curve":[0.395,-58.68,0.472,19.21]},{"time":0.5333,"value":19.21,"curve":[0.605,19.21,0.762,-58.07]},{"time":0.8333,"value":-58.07,"curve":[0.889,-58.07,0.944,19.21]},{"time":1,"value":19.21,"curve":[1.068,19.21,1.198,-58.07]},{"time":1.2667,"value":-58.07,"curve":[1.322,-58.07,1.378,-19.36]},{"time":1.4333,"curve":[1.467,11.66,1.5,5.83]},{"time":1.5333,"value":2.21}]},"Arm_R_3":{"rotate":[{"value":-0.18,"curve":[0.089,-0.18,0.244,-36.98]},{"time":0.3333,"value":-36.98,"curve":[0.395,-36.98,0.472,3]},{"time":0.5333,"value":3,"curve":[0.605,3,0.762,-38.44]},{"time":0.8333,"value":-38.44,"curve":[0.889,-38.44,0.944,3]},{"time":1,"value":3,"curve":[1.068,3,1.198,-38.44]},{"time":1.2667,"value":-38.44,"curve":[1.322,-38.44,1.378,-12.93]},{"time":1.4333,"value":-0.18,"curve":[1.467,7.5,1.5,3.66]},{"time":1.5333,"value":1.27}]},"Weapon_R_1":{"rotate":[{"value":-2.15,"curve":[0.035,6.59,0.099,14.7]},{"time":0.1333,"value":14.7,"curve":[0.189,14.7,0.244,-25.59]},{"time":0.3,"value":-25.59,"curve":[0.356,-25.59,0.411,16.33]},{"time":0.4667,"value":16.33,"curve":[0.541,16.33,0.726,-24.18]},{"time":0.8,"value":-24.18,"curve":[0.856,-24.18,0.911,21.02]},{"time":0.9667,"value":21.02,"curve":[1.035,21.02,1.165,-24.5]},{"time":1.2333,"value":-24.5,"curve":[1.289,-24.5,1.344,3.57]},{"time":1.4,"value":17.61,"curve":[1.445,28.88,1.489,22.08]},{"time":1.5333,"value":18.95}]},"Weapon_R_3":{"rotate":[{"value":-1.92,"curve":[0.051,10.89,0.249,14.93]},{"time":0.3,"value":14.93,"curve":[0.389,14.93,0.478,9.17]},{"time":0.5667,"value":9.17,"curve":[0.633,9.17,0.8,-27.47]},{"time":0.8667,"value":-27.47,"curve":[0.944,-27.47,1.022,14.6]},{"time":1.1,"value":14.6,"curve":[1.168,14.6,1.298,-43.7]},{"time":1.3667,"value":-43.7,"curve":[1.387,-43.7,1.457,-35.18]},{"time":1.5333,"value":-23.78}]},"Weapon_R_2":{"rotate":[{"value":-7.87,"curve":[0.042,2.85,0.158,8.98]},{"time":0.2,"value":8.98,"curve":[0.256,8.98,0.311,-31.31]},{"time":0.3667,"value":-31.31,"curve":[0.428,-31.31,0.505,10.6]},{"time":0.5667,"value":10.6,"curve":[0.638,10.6,0.795,-29.91]},{"time":0.8667,"value":-29.91,"curve":[0.922,-29.91,0.978,15.29]},{"time":1.0333,"value":15.29,"curve":[1.102,15.29,1.232,-30.22]},{"time":1.3,"value":-30.22,"curve":[1.356,-30.22,1.411,-2.15]},{"time":1.4667,"value":11.88,"curve":[1.489,17.52,1.511,15.63]},{"time":1.5333,"value":13.75}]},"Acc":{"rotate":[{"value":3.69}]},"Brow_R":{"translate":[{"time":0.2333,"curve":[0.289,0,0.344,-1.68,0.289,0,0.344,-4.45]},{"time":0.4,"x":-1.68,"y":-4.45,"curve":[0.474,-1.68,0.659,0,0.474,-4.45,0.659,0]},{"time":0.7333,"curve":[0.789,0,0.844,-1.68,0.789,0,0.844,-4.45]},{"time":0.9,"x":-1.68,"y":-4.45,"curve":[0.973,-1.68,1.098,0,0.973,-4.45,1.098,0]},{"time":1.1667}]},"Brow_L":{"translate":[{"time":0.2333,"curve":[0.289,0,0.344,-1.68,0.289,0,0.344,-4.45]},{"time":0.4,"x":-1.68,"y":-4.45,"curve":[0.474,-1.68,0.659,0,0.474,-4.45,0.659,0]},{"time":0.7333,"curve":[0.789,0,0.844,-1.68,0.789,0,0.844,-4.45]},{"time":0.9,"x":-1.68,"y":-4.45,"curve":[0.973,-1.68,1.098,0,0.973,-4.45,1.098,0]},{"time":1.1667}]},"Arm_R_1":{"rotate":[{"curve":[0.082,-30.57,0.185,-86.95]},{"time":0.2667,"value":-86.95,"curve":[0.322,-86.95,0.378,-15.76]},{"time":0.4333,"value":-15.76,"curve":[0.507,-15.76,0.693,-76.62]},{"time":0.7667,"value":-76.62,"curve":[0.822,-76.62,0.878,-15.76]},{"time":0.9333,"value":-15.76,"curve":[1.002,-15.76,1.132,-76.62]},{"time":1.2,"value":-76.62,"curve":[1.256,-76.62,1.311,-25.54]},{"time":1.3667,"curve":[1.422,25.54,1.478,8.62]},{"time":1.5333,"value":2.24}],"translate":[{"curve":[0.082,33.82,0.185,96.17,0.082,9.66,0.185,27.48]},{"time":0.2667,"x":96.17,"y":27.48,"curve":[0.322,96.17,0.378,11.91,0.322,27.48,0.378,-17.71]},{"time":0.4333,"x":11.91,"y":-17.71,"curve":[0.507,11.91,0.693,62.47,0.507,-17.71,0.693,9.41]},{"time":0.7667,"x":62.47,"y":9.41,"curve":[0.822,62.47,0.878,11.91,0.822,9.41,0.878,-17.71]},{"time":0.9333,"x":11.91,"y":-17.71,"curve":[1.002,11.91,1.132,62.47,1.002,-17.71,1.132,9.41]},{"time":1.2,"x":62.47,"y":9.41,"curve":[1.256,62.47,1.311,20.82,1.256,9.41,1.311,3.14]},{"time":1.3667,"curve":[1.367,0,1.464,0,1.422,-3.14,1.478,-1.06]},{"time":1.5333,"y":-0.27}]},"bone":{"rotate":[{"value":-10.8,"curve":[0.082,-16.88,0.185,-28.09]},{"time":0.2667,"value":-28.09,"curve":"stepped"},{"time":0.4333,"value":-28.09,"curve":[0.507,-28.09,0.693,-30.46]},{"time":0.7667,"value":-30.46,"curve":[0.822,-30.46,0.878,-28.09]},{"time":0.9333,"value":-28.09,"curve":[1.002,-28.09,1.132,-30.46]},{"time":1.2,"value":-30.46,"curve":[1.256,-30.46,1.311,-17.35]},{"time":1.3667,"value":-10.8,"curve":[1.422,-4.25,1.478,-43.69]},{"time":1.5333,"value":-55.6}]},"bone2":{"rotate":[{"value":22.09,"curve":[0.082,29.44,0.185,42.99]},{"time":0.2667,"value":42.99,"curve":"stepped"},{"time":0.4333,"value":42.99,"curve":[0.507,42.99,0.693,43.61]},{"time":0.7667,"value":43.61,"curve":[0.822,43.61,0.878,42.99]},{"time":0.9333,"value":42.99,"curve":[1.002,42.99,1.132,43.61]},{"time":1.2,"value":43.61,"curve":[1.256,43.61,1.311,29.26]},{"time":1.3667,"value":22.09,"curve":[1.422,14.91,1.478,67.71]},{"time":1.5333,"value":83.6}]},"Foot_L_1":{"translate":[{"curve":[0.042,9.93,0.088,27.08,0.042,-2.24,0.088,1.21]},{"time":0.1333,"x":36.62,"y":-0.94,"curve":[0.168,43.83,0.201,54.63,0.168,-2.57,0.201,-12.34]},{"time":0.2333,"x":54.63,"y":-12.34}]},"bone3":{"rotate":[{"value":-10.8,"curve":[0.082,-16.88,0.185,-28.09]},{"time":0.2667,"value":-28.09,"curve":"stepped"},{"time":0.4333,"value":-28.09,"curve":[0.507,-28.09,0.693,-30.46]},{"time":0.7667,"value":-30.46,"curve":[0.822,-30.46,0.878,-28.09]},{"time":0.9333,"value":-28.09,"curve":[1.002,-28.09,1.132,-30.46]},{"time":1.2,"value":-30.46,"curve":[1.256,-30.46,1.311,-17.35]},{"time":1.3667,"value":-10.8,"curve":[1.422,-4.25,1.478,-43.69]},{"time":1.5333,"value":-55.6}]},"bone4":{"rotate":[{"value":22.09,"curve":[0.082,29.44,0.185,42.99]},{"time":0.2667,"value":42.99,"curve":"stepped"},{"time":0.4333,"value":42.99,"curve":[0.507,42.99,0.693,43.61]},{"time":0.7667,"value":43.61,"curve":[0.822,43.61,0.878,42.99]},{"time":0.9333,"value":42.99,"curve":[1.002,42.99,1.132,43.61]},{"time":1.2,"value":43.61,"curve":[1.256,43.61,1.311,29.26]},{"time":1.3667,"value":22.09,"curve":[1.422,14.91,1.478,67.71]},{"time":1.5333,"value":83.6}]},"Boom":{"translate":[{"time":1.5,"x":-909.63,"y":-343.92}],"scale":[{"time":1.5,"x":0.355,"y":0.355},{"time":1.5333,"x":0.82,"y":0.82}]}}},"Damage":{"bones":{"Middle":{"translate":[{"x":3.47,"y":-4.93,"curve":[0.014,3.47,0.024,9.61,0.014,-4.93,0.024,-13.53]},{"time":0.0333,"x":10.69,"y":-15.05,"curve":[0.062,14.06,0.075,15.54,0.062,-19.76,0.075,-21.83]},{"time":0.1,"x":15.54,"y":-21.83,"curve":[0.125,15.54,0.258,3.47,0.125,-21.83,0.258,-4.93]},{"time":0.3,"x":3.47,"y":-4.93}]},"Middle_x":{"translate":[{"x":-2.28}]},"Body_1":{"rotate":[{"value":1.06,"curve":[0.014,1.06,0.024,-1.83]},{"time":0.0333,"value":-2.22,"curve":[0.062,-3.43,0.075,-4.16]},{"time":0.1,"value":-4.16,"curve":[0.125,-4.16,0.258,1.06]},{"time":0.3,"value":1.06}]},"Body_2":{"rotate":[{"value":3.11,"curve":[0.014,3.11,0.024,9.32]},{"time":0.0333,"value":10.41,"curve":[0.072,14.94,0.1,15.3]},{"time":0.1333,"value":15.3,"curve":[0.158,15.3,0.292,3.11]},{"time":0.3333,"value":3.11}]},"Head":{"rotate":[{"value":-1.57,"curve":[0.014,-1.57,0.024,4]},{"time":0.0333,"value":4.98,"curve":[0.08,9.86,0.126,9.37]},{"time":0.1667,"value":9.37,"curve":[0.192,9.37,0.356,-1.57]},{"time":0.3667,"value":-1.57}],"translate":[{},{"time":0.0333,"x":-4.72,"y":-8.41},{"time":0.1667,"x":-6.9,"y":-12.28},{"time":0.3667}]},"Arm_L_1":{"rotate":[{"value":76.95,"curve":[0.014,76.95,0.024,73.24]},{"time":0.0333,"value":72.59,"curve":[0.08,69.34,0.126,69.66]},{"time":0.1667,"value":69.66,"curve":[0.192,69.66,0.325,76.95]},{"time":0.3667,"value":76.95}]},"Arm_L_2":{"rotate":[{"value":-0.34,"curve":[0.014,-0.34,0.024,-8.06]},{"time":0.0333,"value":-8.97,"curve":[0.086,-14.12,0.154,-10.49]},{"time":0.2,"value":-10.49,"curve":[0.225,-10.49,0.358,-0.34]},{"time":0.4,"value":-0.34}]},"Arm_L_3":{"rotate":[{"value":-0.23,"curve":[0.003,-0.23,0.014,16.9]},{"time":0.0333,"value":16.9,"curve":[0.086,16.9,0.137,-9.62]},{"time":0.1667,"value":-9.62,"curve":[0.188,-9.62,0.299,-0.23]},{"time":0.3333,"value":-0.23}]},"Arm_R_3":{"rotate":[{"value":-0.18,"curve":[0.025,-1.65,0.041,-5.97]},{"time":0.0667,"value":-5.97,"curve":[0.122,-5.97,0.178,2.64]},{"time":0.2333,"value":2.64,"curve":[0.278,2.64,0.322,0.76]},{"time":0.3667,"value":-0.18}]},"Weapon_R_1":{"rotate":[{"value":-2.15,"curve":[0.025,-3.62,0.041,-7.93]},{"time":0.0667,"value":-7.93,"curve":[0.122,-7.93,0.178,0.68]},{"time":0.2333,"value":0.68,"curve":[0.278,0.68,0.322,-1.2]},{"time":0.3667,"value":-2.15}]},"Weapon_R_3":{"rotate":[{"value":-1.92,"curve":[0.04,-4.2,0.094,-7.71]},{"time":0.1333,"value":-7.71,"curve":[0.189,-7.71,0.244,0.91]},{"time":0.3,"value":0.91,"curve":[0.344,0.91,0.389,-0.98]},{"time":0.4333,"value":-1.92}]},"Weapon_R_2":{"rotate":[{"value":-7.87,"curve":[0.033,-9.8,0.067,-13.66]},{"time":0.1,"value":-13.66,"curve":[0.156,-13.66,0.211,-5.05]},{"time":0.2667,"value":-5.05,"curve":[0.311,-5.05,0.356,-6.93]},{"time":0.4,"value":-7.87}]},"Mouth":{"scale":[{"x":0.926,"curve":[0.014,0.926,0.075,1.096,0.014,1,0.075,1]},{"time":0.1,"x":1.096,"curve":[0.117,1.096,0.206,0.926,0.117,1,0.206,1]},{"time":0.2333,"x":0.926}]},"Acc":{"rotate":[{"value":3.69}]},"Brow_R":{"translate":[{},{"time":0.0667,"x":2.6,"y":5.63,"curve":"stepped"},{"time":0.2,"x":2.6,"y":5.63},{"time":0.3}]},"Brow_L":{"translate":[{},{"time":0.0667,"x":-1.95,"y":7.14,"curve":"stepped"},{"time":0.2,"x":-1.95,"y":7.14},{"time":0.3}]},"Eyelid_R":{"translate":[{},{"time":0.0667,"x":14.94,"y":42.63,"curve":"stepped"},{"time":0.2,"x":14.94,"y":42.63},{"time":0.3}]},"Eyelid_L":{"translate":[{},{"time":0.0667,"x":21.17,"y":66.21,"curve":"stepped"},{"time":0.2,"x":21.17,"y":66.21},{"time":0.3}]}}},"Death":{"slots":{"Arm_R":{"rgba":[{"time":0.5,"color":"ffffffff"},{"time":0.5667,"color":"ffffff00"}]},"Body":{"rgba":[{"time":0.5,"color":"ffffffff"},{"time":0.5667,"color":"ffffff00"}]},"Boom1":{"attachment":[{"time":0.5,"name":"Boom1"},{"time":0.5333,"name":"Boom2"},{"time":0.5667,"name":"Boom3"},{"time":0.6,"name":"Boom4"},{"time":0.6333,"name":"Boom5"},{"time":0.6667,"name":"Boom6"},{"time":0.7,"name":"Boom7"},{"time":0.7333,"name":"Boom8"},{"time":0.7667,"name":"Boom9"},{"time":0.8,"name":null}]},"Brow_L":{"rgba":[{"time":0.5,"color":"ffffffff"},{"time":0.5667,"color":"ffffff00"}]},"Brow_R":{"rgba":[{"time":0.5,"color":"ffffffff"},{"time":0.5667,"color":"ffffff00"}]},"Eyelid_L":{"rgba":[{"time":0.5,"color":"ffffffff"},{"time":0.5667,"color":"ffffff00"}]},"Eyelid_R":{"rgba":[{"time":0.5,"color":"ffffffff"},{"time":0.5667,"color":"ffffff00"}]},"Eyes":{"rgba":[{"time":0.5,"color":"ffffffff"},{"time":0.5667,"color":"ffffff00"}]},"Eye_white":{"rgba":[{"time":0.5,"color":"ffffffff"},{"time":0.5667,"color":"ffffff00"}]},"Hand_L":{"rgba":[{"time":0.5,"color":"ffffffff"},{"time":0.5667,"color":"ffffff00"}]},"Hand_R":{"rgba":[{"time":0.5,"color":"ffffffff"},{"time":0.5667,"color":"ffffff00"}]},"Hat":{"rgba":[{"time":0.5,"color":"ffffffff"},{"time":0.5667,"color":"ffffff00"}]},"Head":{"rgba":[{"time":0.5,"color":"ffffffff"},{"time":0.5667,"color":"ffffff00"}]},"Leg_L":{"rgba":[{"time":0.5,"color":"ffffffff"},{"time":0.5667,"color":"ffffff00"}]},"Leg_R":{"rgba":[{"time":0.5,"color":"ffffffff"},{"time":0.5667,"color":"ffffff00"}]},"Leg_R2":{"rgba":[{"time":0.5,"color":"ffffffff"},{"time":0.5667,"color":"ffffff00"}]},"Mouth":{"rgba":[{"time":0.5,"color":"ffffffff"},{"time":0.5667,"color":"ffffff00"}]},"Serga":{"rgba":[{"time":0.5,"color":"ffffffff"},{"time":0.5667,"color":"ffffff00"}]},"Weapon_L":{"rgba":[{"time":0.5,"color":"ffffffff"},{"time":0.5667,"color":"ffffff00"}]},"WEapon_R":{"rgba":[{"time":0.5,"color":"ffffffff"},{"time":0.5667,"color":"ffffff00"}]}},"bones":{"Middle":{"rotate":[{},{"time":0.4667,"value":-5.87}],"translate":[{"x":3.47,"y":-4.93,"curve":[0.055,3.22,0.045,9.14,0.055,-5.18,0.045,-25.9]},{"time":0.1,"x":9.14,"y":-25.9,"curve":[0.159,9.14,0.442,20.1,0.159,-25.9,0.442,-17.68]},{"time":0.4667,"x":20.1,"y":-17.68}],"scale":[{"time":0.4667},{"time":0.5,"x":0.898,"y":0.898},{"time":0.5667,"x":1.208,"y":1.208}]},"Middle_x":{"translate":[{"x":-2.28,"curve":[0.055,-2.28,0.045,-0.33,0.055,0,0.045,1.94]},{"time":0.1,"x":-0.33,"y":1.94}]},"Body_1":{"rotate":[{"value":1.06,"curve":[0.055,1.18,0.045,3.45]},{"time":0.1,"value":3.45,"curve":[0.149,3.45,0.285,-0.59]},{"time":0.3333,"value":-0.59}]},"Body_2":{"rotate":[{"value":3.11,"curve":[0.053,3.69,0.08,7.22]},{"time":0.1333,"value":7.22,"curve":[0.182,7.22,0.318,-10.45]},{"time":0.3667,"value":-10.45}]},"Head":{"rotate":[{"value":-1.57,"curve":[0.057,-0.43,0.143,4.34]},{"time":0.2,"value":4.34,"curve":[0.24,4.34,0.341,-52.59]},{"time":0.4,"value":-59.07}],"translate":[{"curve":[0.057,0,0.143,1.94,0.057,0,0.143,1.94]},{"time":0.2,"x":1.94,"y":1.94},{"time":0.4,"x":-25.6,"y":-8.24},{"time":0.4333,"x":-29.26,"y":-9.42}]},"Arm_L_1":{"rotate":[{"value":76.95,"curve":[0.056,78.92,0.111,85.97]},{"time":0.1667,"value":85.97,"curve":[0.215,85.97,0.351,-91.56]},{"time":0.4,"value":-91.56}]},"Arm_L_2":{"rotate":[{"value":-0.34,"curve":[0.054,-0.76,0.106,0.33]},{"time":0.1667,"value":0.1,"curve":[0.179,0.05,0.224,25.81]},{"time":0.2333,"value":26.21,"curve":[0.244,26.7,0.256,27.67]},{"time":0.2667,"value":27.67,"curve":[0.325,27.67,0.408,14.87]},{"time":0.4667,"value":11.25}]},"Arm_L_3":{"rotate":[{"value":-0.23,"curve":[0.054,3.38,0.16,5.07]},{"time":0.2,"value":14.46,"curve":[0.233,22.2,0.267,37.68]},{"time":0.3,"value":37.68,"curve":[0.349,37.68,0.417,1.77]},{"time":0.4667,"value":-9.37}]},"Arm_R_2":{"rotate":[{"curve":[0.057,2.29,0.143,9.94]},{"time":0.2,"value":9.94,"curve":[0.249,9.94,0.385,-56.53]},{"time":0.4333,"value":-56.53}]},"Arm_R_3":{"rotate":[{"value":-0.18,"curve":[0.058,-0.18,0.175,15.73]},{"time":0.2333,"value":15.73,"curve":[0.277,15.73,0.326,-10.71]},{"time":0.4,"value":-26.57,"curve":[0.428,-32.24,0.451,-36.42]},{"time":0.4667,"value":-36.42}]},"Weapon_R_1":{"rotate":[{"value":-2.15,"curve":[0.042,-3.71,0.025,-6.44]},{"time":0.0667,"value":-6.44,"curve":[0.156,-6.44,0.178,30.53]},{"time":0.2667,"value":30.53,"curve":[0.339,30.53,0.428,-8.14]},{"time":0.5,"value":-21.78}]},"Weapon_R_3":{"rotate":[{"value":-1.92,"curve":[0.051,-6.85,0.116,-16.13]},{"time":0.1667,"value":-16.13,"curve":[0.241,-16.13,0.259,30.76]},{"time":0.3333,"value":30.76,"curve":[0.416,30.76,0.517,-5.96]},{"time":0.6,"value":-21.55}]},"Weapon_R_2":{"rotate":[{"value":-7.87,"curve":[0.046,-10.68,0.054,-16.04]},{"time":0.1,"value":-16.04,"curve":[0.189,-16.04,0.211,24.8]},{"time":0.3,"value":24.8,"curve":[0.372,24.8,0.461,-13.87]},{"time":0.5333,"value":-27.51}]},"Mouth":{"scale":[{"x":0.931,"y":0.999,"curve":[0.044,0.895,0.089,0.814,0.044,0.999,0.089,1.018]},{"time":0.1333,"x":0.814,"y":1.018,"curve":[0.243,0.814,0.29,0.956,0.243,1.018,0.29,0.999]},{"time":0.4,"x":1.079,"y":0.999,"curve":[0.411,1.092,0.422,1.103,0.411,0.999,0.422,0.999]},{"time":0.4333,"x":1.114,"y":0.999}]},"Acc":{"rotate":[{"value":3.69,"curve":[0.053,3.69,0.08,5.64]},{"time":0.1333,"value":5.64,"curve":[0.195,5.64,0.305,3.69]},{"time":0.3667,"value":3.69}]},"Arm_R_1":{"rotate":[{"curve":[0.056,0,0.111,5.52]},{"time":0.1667,"value":5.52},{"time":0.4,"value":-36.69}]},"Eyelid_R":{"translate":[{},{"time":0.0333,"x":16.89,"y":44.58,"curve":"stepped"},{"time":0.2333,"x":16.89,"y":44.58},{"time":0.3333,"x":1.94,"y":1.94},{"time":0.4}],"scale":[{},{"time":0.0333,"x":1.019,"y":1.019,"curve":"stepped"},{"time":0.3333,"x":1.019,"y":1.019},{"time":0.4}]},"Brow_R":{"translate":[{},{"time":0.0333,"x":4.54,"y":7.57,"curve":"stepped"},{"time":0.2333,"x":4.54,"y":7.57},{"time":0.3333,"x":1.94,"y":1.94},{"time":0.4}],"scale":[{},{"time":0.0333,"x":1.019,"y":1.019,"curve":"stepped"},{"time":0.3333,"x":1.019,"y":1.019},{"time":0.4}]},"Brow_L":{"translate":[{},{"time":0.0333,"y":9.09,"curve":"stepped"},{"time":0.2333,"y":9.09},{"time":0.3333,"x":1.94,"y":1.94},{"time":0.4}],"scale":[{},{"time":0.0333,"x":1.019,"y":1.019,"curve":"stepped"},{"time":0.3333,"x":1.019,"y":1.019},{"time":0.4}]},"Eyelid_L":{"translate":[{},{"time":0.0667,"x":23.11,"y":68.15,"curve":"stepped"},{"time":0.2,"x":23.11,"y":68.15},{"time":0.3667}],"scale":[{},{"time":0.0667,"x":1.019,"y":1.019,"curve":"stepped"},{"time":0.2,"x":1.019,"y":1.019},{"time":0.3667}]},"Boom":{"translate":[{"time":0.4333,"x":-909.63,"y":-343.92}],"scale":[{"time":0.4333,"x":0.355,"y":0.355},{"time":0.7333,"x":4.548,"y":4.548}]}}},"Explosion":{"slots":{"Arm_R":{"rgba":[{"time":0.0333,"color":"ffffffff"},{"time":0.0667,"color":"ffffffbf"},{"time":0.1,"color":"ffffff00"}]},"Body":{"rgba":[{"time":0.0333,"color":"ffffffff"},{"time":0.0667,"color":"ffffffbf"},{"time":0.1,"color":"ffffff00"}]},"Boom1":{"attachment":[{"time":0.0333,"name":"Boom1"},{"time":0.0667,"name":"Boom2"},{"time":0.1,"name":"Boom3"},{"time":0.1333,"name":"Boom4"},{"time":0.1667,"name":"Boom5"},{"time":0.2,"name":"Boom6"},{"time":0.2333,"name":"Boom7"},{"time":0.2667,"name":"Boom8"},{"time":0.3,"name":"Boom9"},{"time":0.3333,"name":null}]},"Brow_L":{"rgba":[{"time":0.0333,"color":"ffffffff"},{"time":0.0667,"color":"ffffffbf"},{"time":0.1,"color":"ffffff00"}]},"Brow_R":{"rgba":[{"time":0.0333,"color":"ffffffff"},{"time":0.0667,"color":"ffffffbf"},{"time":0.1,"color":"ffffff00"}]},"Eyelid_L":{"rgba":[{"time":0.0333,"color":"ffffffff"},{"time":0.0667,"color":"ffffffbf"},{"time":0.1,"color":"ffffff00"}]},"Eyelid_R":{"rgba":[{"time":0.0333,"color":"ffffffff"},{"time":0.0667,"color":"ffffffbf"},{"time":0.1,"color":"ffffff00"}]},"Eyes":{"rgba":[{"time":0.0333,"color":"ffffffff"},{"time":0.0667,"color":"ffffffbf"},{"time":0.1,"color":"ffffff00"}]},"Eye_white":{"rgba":[{"time":0.0333,"color":"ffffffff"},{"time":0.0667,"color":"ffffffbf"},{"time":0.1,"color":"ffffff00"}]},"Hand_L":{"rgba":[{"time":0.0333,"color":"ffffffff"},{"time":0.0667,"color":"ffffffbf"},{"time":0.1,"color":"ffffff00"}]},"Hand_R":{"rgba":[{"time":0.0333,"color":"ffffffff"},{"time":0.0667,"color":"ffffffbf"},{"time":0.1,"color":"ffffff00"}]},"Hat":{"rgba":[{"time":0.0333,"color":"ffffffff"},{"time":0.0667,"color":"ffffffbf"},{"time":0.1,"color":"ffffff00"}]},"Head":{"rgba":[{"time":0.0333,"color":"ffffffff"},{"time":0.0667,"color":"ffffffbf"},{"time":0.1,"color":"ffffff00"}]},"Leg_L":{"rgba":[{"time":0.0333,"color":"ffffffff"},{"time":0.0667,"color":"ffffffbf"},{"time":0.1,"color":"ffffff00"}]},"Leg_R":{"rgba":[{"time":0.0333,"color":"ffffffff"},{"time":0.0667,"color":"ffffffbf"},{"time":0.1,"color":"ffffff00"}]},"Leg_R2":{"rgba":[{"time":0.0333,"color":"ffffffff"},{"time":0.0667,"color":"ffffffbf"},{"time":0.1,"color":"ffffff00"}]},"Mouth":{"rgba":[{"time":0.0333,"color":"ffffffff"},{"time":0.0667,"color":"ffffffbf"},{"time":0.1,"color":"ffffff00"}]},"Serga":{"rgba":[{"time":0.0333,"color":"ffffffff"},{"time":0.0667,"color":"ffffffbf"},{"time":0.1,"color":"ffffff00"}]},"Weapon_L":{"rgba":[{"time":0.0333,"color":"ffffffff"},{"time":0.0667,"color":"ffffffbf"},{"time":0.1,"color":"ffffff00"}]},"WEapon_R":{"rgba":[{"time":0.0333,"color":"ffffffff"},{"time":0.0667,"color":"ffffffbf"},{"time":0.1,"color":"ffffff00"}]}},"bones":{"Mouth":{"scale":[{"x":0.926}]},"Middle":{"translate":[{"x":52.15,"y":-52.63,"curve":[0.011,52.07,0.022,51.97,0.011,-52.33,0.022,-51.99]},{"time":0.0333,"x":51.86,"y":-51.63,"curve":[0.044,51.75,0.056,51.86,0.044,-51.26,0.056,-51.63]},{"time":0.0667,"x":51.86,"y":-51.63}],"scale":[{"curve":[0.011,1,0.022,0.906,0.011,1,0.022,0.906]},{"time":0.0333,"x":0.906,"y":0.906,"curve":[0.044,0.906,0.056,0.949,0.044,0.906,0.056,0.949]},{"time":0.0667,"x":0.991,"y":0.991,"curve":[0.078,1.034,0.089,1.076,0.078,1.034,0.089,1.076]},{"time":0.1,"x":1.076,"y":1.076}]},"Middle_x":{"translate":[{"x":-2.28}],"scale":[{"y":0.974,"curve":[0.011,1,0.022,1,0.011,0.975,0.022,0.976]},{"time":0.0333,"y":0.976}]},"Body_1":{"rotate":[{"value":2.98,"curve":[0.011,2.99,0.022,2.99]},{"time":0.0333,"value":2.98}],"translate":[{"x":1.65,"y":-3.38,"curve":[0.011,1.76,0.022,1.88,0.011,-3.61,0.022,-3.85]},{"time":0.0333,"x":1.99,"y":-4.07}]},"Body_2":{"rotate":[{"value":8.23,"curve":[0.011,8.22,0.022,8.19]},{"time":0.0333,"value":8.14}],"translate":[{"x":-6.13,"y":-0.07,"curve":[0.012,-6.63,0.022,-7.16,0.012,-0.07,0.022,-0.08]},{"time":0.0333,"x":-7.65,"y":-0.08}]},"Head":{"rotate":[{"value":11.27,"curve":[0.011,11.48,0.022,11.76]},{"time":0.0333,"value":12.16,"curve":[0.044,12.57,0.056,12.16]},{"time":0.0667,"value":12.16}],"translate":[{"x":-0.59,"y":0.25,"curve":[0.011,-0.66,0.022,-0.72,0.011,0.25,0.022,0.27]},{"time":0.0333,"x":-0.77,"y":0.29,"curve":[0.033,-0.77,0.056,-0.77,0.044,0.3,0.056,0.29]},{"time":0.0667,"x":-0.77,"y":0.29}]},"Arm_L_1":{"rotate":[{"value":78.82,"curve":[0.011,77.75,0.022,76.95]},{"time":0.0333,"value":76.95}]},"Arm_L_2":{"rotate":[{"value":0.32,"curve":[0.011,-0.03,0.022,-0.34]},{"time":0.0333,"value":-0.34}]},"Arm_L_3":{"rotate":[{"value":1.47,"curve":[0.023,0.9,0.045,-0.23]},{"time":0.0667,"value":-0.23}]},"Arm_R_2":{"rotate":[{"value":2.21,"curve":[0.011,1.02,0.022,0]},{"time":0.0333}]},"Arm_R_3":{"rotate":[{"value":1.27,"curve":[0.011,0.49,0.022,-0.18]},{"time":0.0333,"value":-0.18}]},"Weapon_R_1":{"rotate":[{"value":18.95,"curve":[0.011,18.19,0.022,17.61]},{"time":0.0333,"value":17.61}]},"Weapon_R_3":{"rotate":[{"value":-23.78,"curve":[0.011,-22.18,0.022,-20.46]},{"time":0.0333,"value":-18.76}]},"Weapon_R_2":{"rotate":[{"value":13.75,"curve":[0.011,12.82,0.022,11.88]},{"time":0.0333,"value":11.88}]},"Acc":{"rotate":[{"value":3.69}]},"Arm_R_1":{"rotate":[{"value":2.24,"curve":[0.011,0.96,0.022,0]},{"time":0.0333}],"translate":[{"y":-0.27,"curve":[0.012,0,0.024,0,0.011,-0.12,0.022,0]},{"time":0.0333}]},"bone":{"rotate":[{"value":-55.6,"curve":[0.011,-57.98,0.022,-55.18]},{"time":0.0333,"value":-55.18,"curve":[0.044,-55.18,0.056,-54.98]},{"time":0.0667,"value":-54.98}]},"bone2":{"rotate":[{"value":83.6,"curve":[0.011,86.78,0.022,82.98]},{"time":0.0333,"value":82.98}]},"Foot_L_1":{"translate":[{"x":54.63,"y":-12.34}]},"bone3":{"rotate":[{"value":-55.6,"curve":[0.011,-57.98,0.022,-55.18]},{"time":0.0333,"value":-55.18,"curve":[0.044,-55.18,0.056,-54.24]},{"time":0.0667,"value":-54.24}]},"bone4":{"rotate":[{"value":83.6,"curve":[0.011,86.78,0.022,82.98]},{"time":0.0333,"value":82.98}]},"Boom":{"translate":[{"x":-909.63,"y":-343.92}],"scale":[{"x":0.82,"y":0.82},{"time":0.2667,"x":4.548,"y":4.548}]}}},"Idle":{"bones":{"Middle":{"translate":[{"x":3.47,"y":-4.93,"curve":[0.333,3.47,0.667,3.47,0.333,-4.93,0.667,-1.41]},{"time":1,"x":3.47,"y":-1.41,"curve":[1.333,3.47,1.667,3.47,1.333,-1.41,1.667,-4.93]},{"time":2,"x":3.47,"y":-4.93,"curve":[2.333,3.47,2.667,3.47,2.333,-4.93,2.667,-1.41]},{"time":3,"x":3.47,"y":-1.41,"curve":[3.333,3.47,3.667,3.47,3.333,-1.41,3.667,-4.93]},{"time":4,"x":3.47,"y":-4.93,"curve":[4.333,3.47,4.667,3.47,4.333,-4.93,4.667,-1.41]},{"time":5,"x":3.47,"y":-1.41,"curve":[5.333,3.47,5.667,3.47,5.333,-1.41,5.667,-4.93]},{"time":6,"x":3.47,"y":-4.93}]},"Middle_x":{"translate":[{"x":-2.28,"curve":[0.202,-1.27,0.401,0,0.202,0,0.401,0]},{"time":0.6,"curve":[0.734,0,0.869,-0.55,0.734,0,0.869,0]},{"time":1,"x":-1.24,"curve":[1.202,-2.24,1.401,-3.51,1.202,0,1.401,0]},{"time":1.6,"x":-3.51,"curve":[1.734,-3.51,1.867,-2.94,1.734,0,1.867,0]},{"time":2,"x":-2.28,"curve":[2.202,-1.27,2.401,0,2.202,0,2.401,0]},{"time":2.6,"curve":[2.734,0,2.869,-0.55,2.734,0,2.869,0]},{"time":3,"x":-1.24,"curve":[3.202,-2.24,3.401,-3.51,3.202,0,3.401,0]},{"time":3.6,"x":-3.51,"curve":[3.734,-3.51,3.867,-2.94,3.734,0,3.867,0]},{"time":4,"x":-2.28,"curve":[4.202,-1.27,4.401,0,4.202,0,4.401,0]},{"time":4.6,"curve":[4.734,0,4.869,-0.55,4.734,0,4.869,0]},{"time":5,"x":-1.24,"curve":[5.202,-2.24,5.401,-3.51,5.202,0,5.401,0]},{"time":5.6,"x":-3.51,"curve":[5.734,-3.51,5.869,-2.96,5.734,0,5.869,0]},{"time":6,"x":-2.28}]},"Body_1":{"rotate":[{"value":1.06,"curve":[0.013,1.06,0.023,1.07]},{"time":0.0333,"value":1.07,"curve":[0.367,1.07,0.7,0]},{"time":1.0333,"curve":[1.357,0,1.678,1.01]},{"time":2,"value":1.06,"curve":[2.013,1.06,2.023,1.07]},{"time":2.0333,"value":1.07,"curve":[2.367,1.07,2.7,0]},{"time":3.0333,"curve":[3.357,0,3.678,1.01]},{"time":4,"value":1.06,"curve":[4.013,1.06,4.023,1.07]},{"time":4.0333,"value":1.07,"curve":[4.367,1.07,4.7,0]},{"time":5.0333,"curve":[5.357,0,5.68,1]},{"time":6,"value":1.06}]},"Body_2":{"rotate":[{"value":3.11,"curve":[0.047,3.21,0.09,3.29]},{"time":0.1333,"value":3.29,"curve":[0.467,3.29,0.8,0]},{"time":1.1333,"curve":[1.423,0,1.711,2.51]},{"time":2,"value":3.11,"curve":[2.047,3.21,2.09,3.29]},{"time":2.1333,"value":3.29,"curve":[2.467,3.29,2.8,0]},{"time":3.1333,"curve":[3.423,0,3.711,2.51]},{"time":4,"value":3.11,"curve":[4.047,3.21,4.09,3.29]},{"time":4.1333,"value":3.29,"curve":[4.467,3.29,4.8,0]},{"time":5.1333,"curve":[5.423,0,5.713,2.46]},{"time":6,"value":3.11}]},"Head":{"rotate":[{"value":-1.57,"curve":[0.091,-1.15,0.171,-0.74]},{"time":0.2667,"value":-0.84,"curve":[0.571,-1.14,0.933,-4.93]},{"time":1.2667,"value":-4.93,"curve":[1.512,-4.93,1.756,-2.69]},{"time":2,"value":-1.57,"curve":[2.091,-1.15,2.171,-0.74]},{"time":2.2667,"value":-0.84,"curve":[2.571,-1.14,2.933,-4.93]},{"time":3.2667,"value":-4.93,"curve":[3.512,-4.93,3.756,-2.69]},{"time":4,"value":-1.57,"curve":[4.091,-1.15,4.171,-0.74]},{"time":4.2667,"value":-0.84,"curve":[4.571,-1.14,4.933,-4.93]},{"time":5.2667,"value":-4.93,"curve":[5.512,-4.93,5.758,-2.74]},{"time":6,"value":-1.57}]},"Arm_L_1":{"rotate":[{"value":76.95,"curve":[0.069,76.85,0.134,76.78]},{"time":0.2,"value":76.78,"curve":[0.533,76.78,0.867,78.41]},{"time":1.2,"value":78.41,"curve":[1.468,78.41,1.733,77.35]},{"time":2,"value":76.95,"curve":[2.069,76.85,2.134,76.78]},{"time":2.2,"value":76.78,"curve":[2.533,76.78,2.867,78.41]},{"time":3.2,"value":78.41,"curve":[3.468,78.41,3.733,77.35]},{"time":4,"value":76.95,"curve":[4.069,76.85,4.134,76.78]},{"time":4.2,"value":76.78,"curve":[4.533,76.78,4.867,78.41]},{"time":5.2,"value":78.41,"curve":[5.468,78.41,5.736,77.37]},{"time":6,"value":76.95}]},"Arm_L_2":{"rotate":[{"value":-0.34,"curve":[0.091,-0.5,0.179,-0.63]},{"time":0.2667,"value":-0.63,"curve":[0.6,-0.63,0.933,1]},{"time":1.2667,"value":1,"curve":[1.512,1,1.756,0.11]},{"time":2,"value":-0.34,"curve":[2.091,-0.5,2.179,-0.63]},{"time":2.2667,"value":-0.63,"curve":[2.6,-0.63,2.933,1]},{"time":3.2667,"value":1,"curve":[3.512,1,3.756,0.11]},{"time":4,"value":-0.34,"curve":[4.091,-0.5,4.179,-0.63]},{"time":4.2667,"value":-0.63,"curve":[4.6,-0.63,4.933,1]},{"time":5.2667,"value":1,"curve":[5.512,1,5.758,0.13]},{"time":6,"value":-0.34}]},"Arm_L_3":{"rotate":[{"value":-0.23,"curve":[0.113,-0.52,0.222,-0.75]},{"time":0.3333,"value":-0.75,"curve":[0.667,-0.75,1,1.25]},{"time":1.3333,"value":1.25,"curve":[1.557,1.25,1.778,0.35]},{"time":2,"value":-0.23,"curve":[2.113,-0.52,2.222,-0.75]},{"time":2.3333,"value":-0.75,"curve":[2.667,-0.75,3,1.25]},{"time":3.3333,"value":1.25,"curve":[3.557,1.25,3.778,0.35]},{"time":4,"value":-0.23,"curve":[4.113,-0.52,4.222,-0.75]},{"time":4.3333,"value":-0.75,"curve":[4.667,-0.75,5,1.25]},{"time":5.3333,"value":1.25,"curve":[5.557,1.25,5.78,0.37]},{"time":6,"value":-0.23}]},"Arm_R_2":{"rotate":[{"curve":[0.333,0,0.667,4.4]},{"time":1,"value":4.4,"curve":[1.333,4.4,1.667,0]},{"time":2,"curve":[2.333,0,2.667,4.4]},{"time":3,"value":4.4,"curve":[3.333,4.4,3.667,0]},{"time":4,"curve":[4.333,0,4.667,4.4]},{"time":5,"value":4.4,"curve":[5.333,4.4,5.667,0]},{"time":6}]},"Arm_R_3":{"rotate":[{"value":-0.18,"curve":[0.058,-0.39,0.111,-0.81]},{"time":0.1667,"value":-0.55,"curve":[0.5,1,0.833,4.08]},{"time":1.1667,"value":4.08,"curve":[1.446,4.08,1.722,0.81]},{"time":2,"value":-0.18,"curve":[2.058,-0.39,2.111,-0.81]},{"time":2.1667,"value":-0.55,"curve":[2.5,1,2.833,4.08]},{"time":3.1667,"value":4.08,"curve":[3.446,4.08,3.722,0.81]},{"time":4,"value":-0.18,"curve":[4.058,-0.39,4.111,-0.81]},{"time":4.1667,"value":-0.55,"curve":[4.5,1,4.833,4.08]},{"time":5.1667,"value":4.08,"curve":[5.446,4.08,5.724,0.88]},{"time":6,"value":-0.18}]},"Weapon_R_1":{"rotate":[{"value":-2.15,"curve":[0.078,-2.78,0.156,-3.32]},{"time":0.2333,"value":-3.57,"curve":[0.269,-3.67,0.301,-3.74]},{"time":0.3333,"value":-3.74,"curve":[0.667,-3.74,1,2.36]},{"time":1.3333,"value":2.36,"curve":[1.556,2.36,1.778,-0.35]},{"time":2,"value":-2.15,"curve":[2.078,-2.78,2.156,-3.32]},{"time":2.2333,"value":-3.57,"curve":[2.269,-3.67,2.301,-3.74]},{"time":2.3333,"value":-3.74,"curve":[2.667,-3.74,3,2.36]},{"time":3.3333,"value":2.36,"curve":[3.556,2.36,3.778,-0.35]},{"time":4,"value":-2.15,"curve":[4.078,-2.78,4.156,-3.32]},{"time":4.2333,"value":-3.57,"curve":[4.269,-3.67,4.301,-3.74]},{"time":4.3333,"value":-3.74,"curve":[4.667,-3.74,5,2.36]},{"time":5.3333,"value":2.36,"curve":[5.556,2.36,5.779,-0.34]},{"time":6,"value":-2.15}]},"Weapon_R_3":{"rotate":[{"value":-1.92,"curve":[0.158,-4.1,0.311,-7.67]},{"time":0.4667,"value":-6.19,"curve":[0.8,-3.03,1.133,3.29]},{"time":1.4667,"value":3.29,"curve":[1.646,3.29,1.822,0.54]},{"time":2,"value":-1.92,"curve":[2.158,-4.1,2.311,-7.67]},{"time":2.4667,"value":-6.19,"curve":[2.8,-3.03,3.133,3.29]},{"time":3.4667,"value":3.29,"curve":[3.646,3.29,3.822,0.54]},{"time":4,"value":-1.92,"curve":[4.158,-4.1,4.311,-7.67]},{"time":4.4667,"value":-6.19,"curve":[4.8,-3.03,5.133,3.29]},{"time":5.4667,"value":3.29,"curve":[5.646,3.29,5.824,0.61]},{"time":6,"value":-1.92}]},"Weapon_R_2":{"rotate":[{"value":-7.87,"curve":[0.113,-8.29,0.222,-8.94]},{"time":0.3333,"value":-8.62,"curve":[0.667,-7.67,1,-5.76]},{"time":1.3333,"value":-5.76,"curve":[1.557,-5.76,1.778,-7.06]},{"time":2,"value":-7.87,"curve":[2.113,-8.29,2.222,-8.94]},{"time":2.3333,"value":-8.62,"curve":[2.667,-7.67,3,-5.76]},{"time":3.3333,"value":-5.76,"curve":[3.557,-5.76,3.778,-7.06]},{"time":4,"value":-7.87,"curve":[4.113,-8.29,4.222,-8.94]},{"time":4.3333,"value":-8.62,"curve":[4.667,-7.67,5,-5.76]},{"time":5.3333,"value":-5.76,"curve":[5.557,-5.76,5.78,-7.03]},{"time":6,"value":-7.87}]},"Mouth":{"scale":[{"x":0.926,"curve":[0.162,0.904,0.222,0.885,0.162,1,0.222,1]},{"time":0.3333,"x":0.885,"curve":[0.678,0.885,1.022,1,0.678,1,1.022,1]},{"time":1.3667,"curve":[1.544,1,2.011,0.885,1.544,1,2.011,1]},{"time":2.3333,"x":0.885,"curve":[2.678,0.885,3.022,1,2.678,1,3.022,1]},{"time":3.3667,"curve":[3.544,1,4.011,0.885,3.544,1,4.011,1]},{"time":4.3333,"x":0.885,"curve":[4.678,0.885,5.022,1,4.678,1,5.022,1]},{"time":5.3667,"curve":[5.473,1,5.765,0.959,5.473,1,5.765,1]},{"time":6,"x":0.926}]},"Acc":{"rotate":[{"value":3.69,"curve":[0.045,3.34,0.089,2.95]},{"time":0.1333,"value":2.56,"curve":[0.313,1.01,0.489,-0.66]},{"time":0.6667,"value":-0.66,"curve":[1,-0.66,1.333,5.2]},{"time":1.6667,"value":5.2,"curve":[1.778,5.2,1.889,4.55]},{"time":2,"value":3.69,"curve":[2.045,3.34,2.089,2.95]},{"time":2.1333,"value":2.56,"curve":[2.313,1.01,2.489,-0.66]},{"time":2.6667,"value":-0.66,"curve":[3,-0.66,3.333,5.2]},{"time":3.6667,"value":5.2,"curve":[3.778,5.2,3.889,4.55]},{"time":4,"value":3.69,"curve":[4.045,3.34,4.089,2.95]},{"time":4.1333,"value":2.56,"curve":[4.313,1.01,4.489,-0.66]},{"time":4.6667,"value":-0.66,"curve":[5,-0.66,5.333,5.2]},{"time":5.6667,"value":5.2,"curve":[5.778,5.2,5.89,4.56]},{"time":6,"value":3.69}]},"Brow_R":{"translate":[{"time":0.9667},{"time":1.0333,"x":2.6,"y":5.63,"curve":"stepped"},{"time":1.1,"x":2.6,"y":5.63},{"time":1.1667}]},"Brow_L":{"translate":[{"time":0.9667},{"time":1.0333,"x":-1.95,"y":7.14,"curve":"stepped"},{"time":1.1,"x":-1.95,"y":7.14},{"time":1.1667}]},"Eyelid_R":{"translate":[{"time":0.9667},{"time":1.0333,"x":14.94,"y":42.63,"curve":"stepped"},{"time":1.1,"x":14.94,"y":42.63},{"time":1.1667}],"scale":[{},{"time":0.9667,"x":0.736},{"time":1.0333,"curve":"stepped"},{"time":1.1},{"time":1.1667,"x":0.736,"curve":"stepped"},{"time":1.2333,"x":0.736},{"time":5.9333}]},"Eyelid_L":{"translate":[{"time":0.9667},{"time":1.0333,"x":21.17,"y":66.21,"curve":"stepped"},{"time":1.1,"x":21.17,"y":66.21},{"time":1.1667}],"scale":[{},{"time":0.9667,"x":0.487},{"time":1.0333,"curve":"stepped"},{"time":1.1},{"time":1.1667,"x":0.487,"curve":"stepped"},{"time":1.2333,"x":0.487},{"time":5.9333}]}}},"Walk":{"slots":{"Leg_L":{"attachment":[{"name":null}]},"Leg_R2":{"attachment":[{"name":"Leg_R"}]}},"bones":{"Middle":{"translate":[{"x":3.47,"y":-11.5,"curve":[0.034,3.47,0.067,3.47,0.034,-12.8,0.067,-14.82]},{"time":0.1,"x":3.47,"y":-13.83,"curve":[0.2,3.47,0.3,3.47,0.2,-10.86,0.3,-4.93]},{"time":0.4,"x":3.47,"y":-4.93,"curve":[0.5,3.47,0.6,3.47,0.5,-4.93,0.6,-13.83]},{"time":0.7,"x":3.47,"y":-13.83,"curve":[0.8,3.47,0.9,3.47,0.8,-13.83,0.9,-4.93]},{"time":1,"x":3.47,"y":-4.93,"curve":[1.067,3.47,1.134,3.47,1.067,-4.93,1.134,-8.87]},{"time":1.2,"x":3.47,"y":-11.5}],"scale":[{"curve":[0.012,1,0.024,1,0.012,1,0.022,1]},{"time":0.0333,"curve":[0.233,0.995,0.433,0.985,0.233,1,0.433,1]},{"time":0.6333,"x":0.985,"curve":[0.823,0.985,1.012,0.998,0.823,1,1.012,1]},{"time":1.2}]},"Middle_x":{"translate":[{"x":-2.28,"curve":[0.1,-2.28,0.2,-6.73,0.1,0,0.2,0]},{"time":0.3,"x":-6.73,"curve":[0.4,-6.73,0.5,-2.28,0.4,0,0.5,0]},{"time":0.6,"x":-2.28,"curve":[0.7,-2.28,0.8,-6.73,0.7,0,0.8,0]},{"time":0.9,"x":-6.73,"curve":[1,-6.73,1.1,-2.28,1,0,1.1,0]},{"time":1.2,"x":-2.28}]},"Body_1":{"rotate":[{"value":2.64,"curve":[0.034,2.95,0.067,3.43]},{"time":0.1,"value":3.2,"curve":[0.2,2.48,0.3,1.06]},{"time":0.4,"value":1.06,"curve":[0.5,1.06,0.6,3.2]},{"time":0.7,"value":3.2,"curve":[0.8,3.2,0.9,1.06]},{"time":1,"value":1.06,"curve":[1.067,1.06,1.134,2]},{"time":1.2,"value":2.64}]},"Body_2":{"rotate":[{"value":7.37,"curve":[0.067,8.09,0.133,10.04]},{"time":0.2,"value":9.52,"curve":[0.311,8.67,0.422,6.95]},{"time":0.5333,"value":6.95,"curve":[0.622,6.95,0.711,9.52]},{"time":0.8,"value":9.52,"curve":[0.911,9.52,1.022,6.95]},{"time":1.1333,"value":6.95,"curve":[1.156,6.95,1.178,7.12]},{"time":1.2,"value":7.37}]},"Head":{"rotate":[{"value":-5.25,"curve":[0.078,-4.74,0.156,-0.68]},{"time":0.2333,"value":-1.57,"curve":[0.344,-2.83,0.456,-5.37]},{"time":0.5667,"value":-5.37,"curve":[0.656,-5.37,0.744,-0.55]},{"time":0.8333,"value":-1.57,"curve":[0.944,-2.83,1.056,-5.37]},{"time":1.1667,"value":-5.37,"curve":[1.178,-5.37,1.189,-5.32]},{"time":1.2,"value":-5.25}]},"Arm_L_1":{"rotate":[{"value":68.04,"curve":[0.179,69.69,0.356,79.69]},{"time":0.5333,"value":76.95,"curve":[0.733,73.87,0.933,67.71]},{"time":1.1333,"value":67.71,"curve":[1.156,67.71,1.179,67.83]},{"time":1.2,"value":68.04}]},"Arm_L_2":{"rotate":[{"value":-8.11,"curve":[0.2,-8.11,0.4,-1.22]},{"time":0.6,"value":-1.22,"curve":[0.8,-1.22,1,-8.11]},{"time":1.2,"value":-8.11}]},"Arm_L_3":{"rotate":[{"value":-8.01,"curve":[0.035,-8.3,0.067,-8.91]},{"time":0.1,"value":-8.53,"curve":[0.3,-6.3,0.5,-1.83]},{"time":0.7,"value":-1.83,"curve":[0.867,-1.83,1.035,-6.47]},{"time":1.2,"value":-8.01}]},"Arm_R_3":{"rotate":[{"value":-0.18,"curve":[0.1,-0.18,0.2,2.31]},{"time":0.3,"value":2.31,"curve":[0.4,2.31,0.5,-0.18]},{"time":0.6,"value":-0.18,"curve":[0.7,-0.18,0.8,2.31]},{"time":0.9,"value":2.31,"curve":[1,2.31,1.1,-0.18]},{"time":1.2,"value":-0.18}]},"Weapon_R_1":{"rotate":[{"value":-3,"curve":[0.1,-3,0.2,-0.95]},{"time":0.3,"value":-0.95,"curve":[0.4,-0.95,0.5,-3]},{"time":0.6,"value":-3,"curve":[0.7,-3,0.8,-0.95]},{"time":0.9,"value":-0.95,"curve":[1,-0.95,1.1,-3]},{"time":1.2,"value":-3}]},"Weapon_R_3":{"rotate":[{"value":-4.84,"curve":[0.023,-5.56,0.045,-6.07]},{"time":0.0667,"value":-6.07,"curve":[0.167,-6.07,0.267,3.45]},{"time":0.3667,"value":3.45,"curve":[0.467,3.45,0.567,-6.07]},{"time":0.6667,"value":-6.07,"curve":[0.767,-6.07,0.867,3.45]},{"time":0.9667,"value":3.45,"curve":[1.045,3.45,1.123,-2.29]},{"time":1.2,"value":-4.84}]},"Weapon_R_2":{"rotate":[{"value":-10.69,"curve":[0.1,-10.69,0.2,-6.68]},{"time":0.3,"value":-6.68,"curve":[0.4,-6.68,0.5,-10.69]},{"time":0.6,"value":-10.69,"curve":[0.7,-10.69,0.8,-6.68]},{"time":0.9,"value":-6.68,"curve":[1,-6.68,1.1,-10.69]},{"time":1.2,"value":-10.69}]},"Mouth":{"scale":[{"x":0.931,"y":0.999}]},"Acc":{"rotate":[{"value":6.8,"curve":[0.078,5.84,0.156,3.69]},{"time":0.2333,"value":3.69,"curve":[0.334,3.69,0.434,7.26]},{"time":0.5333,"value":7.26,"curve":[0.634,7.26,0.733,3.69]},{"time":0.8333,"value":3.69,"curve":[0.934,3.69,1.034,7.26]},{"time":1.1333,"value":7.26,"curve":[1.156,7.26,1.178,7.08]},{"time":1.2,"value":6.8}]},"Foot_1":{"rotate":[{"time":0.4333},{"time":0.5,"value":19.22},{"time":0.6,"value":48.05},{"time":0.8667,"value":-15.09},{"time":1.2}],"translate":[{},{"time":0.4333,"x":53.41},{"time":0.4667,"x":51.31,"y":9.95},{"time":0.5,"x":47.52,"y":19.13},{"time":0.5333,"x":42.17,"y":26.74},{"time":0.5667,"x":35.96,"y":33.18},{"time":0.6,"x":28.44,"y":37.54},{"time":0.8667,"x":-29.47,"y":22.57},{"time":1.1,"x":-12.33},{"time":1.2}]},"Foot_3":{"rotate":[{},{"time":0.1333,"value":21.08},{"time":0.2,"value":18.04},{"time":0.3333,"value":-9.17},{"time":0.5}],"translate":[{},{"time":0.1333,"x":0.53,"y":21.91},{"time":0.2,"x":-5.58,"y":25.02},{"time":0.4,"x":-57.38,"y":11.19},{"time":0.5,"x":-86.27},{"time":1.2}]},"Foot_2":{"rotate":[{"time":0.4333},{"time":0.6,"value":-47.74},{"time":0.8,"curve":"stepped"},{"time":0.9},{"time":1.0333,"value":-6.49},{"time":1.1333}]},"bone":{"translate":[{"time":0.1333},{"time":0.2667,"x":7.9,"y":-3.64},{"time":0.3,"x":8.7,"y":-5.54},{"time":0.3333,"x":9.61,"y":-7.46},{"time":0.3667,"x":10.41,"y":-9.3},{"time":0.4,"x":11.33,"y":-10.97},{"time":0.4333,"x":11.71,"y":-11.62},{"time":0.4667,"x":8.29,"y":-4.55},{"time":0.6333},{"time":0.8667,"x":40.41,"y":10},{"time":1.2}]},"Foot_4":{"rotate":[{},{"time":0.1333,"value":-21.26},{"time":0.3,"curve":"stepped"},{"time":0.3667},{"time":0.4667,"value":-6.7},{"time":0.5333}]}}}}}